country,year,metric,value,unit,source_tier,source_id
Bahrain,1979,gas_production,4,billion_cubic_meters_per_year,T2,EI-2024
Bahrain,1980,gas_production,4,billion_cubic_meters_per_year,T2,EI-2024
Bahrain,1981,gas_production,4,billion_cubic_meters_per_year,T2,EI-2024
Bahrain,1982,gas_production,4,billion_cubic_meters_per_year,T2,EI-2024
Bahrain,1983,gas_production,4,billion_cubic_meters_per_year,T2,EI-2024
Bahrain,1984,gas_production,5,billion_cubic_meters_per_year,T2,EI-2024
Bahrain,1985,gas_production,5,billion_cubic_meters_per_year,T2,EI-2024
Bahrain,1986,gas_production,5,billion_cubic_meters_per_year,T2,EI-2024
Bahrain,1987,gas_production,5,billion_cubic_meters_per_year,T2,EI-2024
Bahrain,1988,gas_production,6,billion_cubic_meters_per_year,T2,EI-2024
Bahrain,1989,gas_production,6,billion_cubic_meters_per_year,T2,EI-2024
Bahrain,1990,gas_production,6,billion_cubic_meters_per_year,T2,EI-2024
Bahrain,1991,gas_production,7,billion_cubic_meters_per_year,T2,EI-2024
Bahrain,1992,gas_production,7,billion_cubic_meters_per_year,T2,EI-2024
Bahrain,1993,gas_production,7,billion_cubic_meters_per_year,T2,EI-2024
Bahrain,1994,gas_production,7,billion_cubic_meters_per_year,T2,EI-2024
Bahrain,1995,gas_production,8,billion_cubic_meters_per_year,T2,EI-2024
Bahrain,1996,gas_production,8,billion_cubic_meters_per_year,T2,EI-2024
Bahrain,1997,gas_production,8,billion_cubic_meters_per_year,T2,EI-2024
Bahrain,1998,gas_production,9,billion_cubic_meters_per_year,T2,EI-2024
Bahrain,1999,gas_production,9,billion_cubic_meters_per_year,T2,EI-2024
Bahrain,2000,gas_production,9,billion_cubic_meters_per_year,T2,EI-2024
Bahrain,2001,gas_production,10,billion_cubic_meters_per_year,T2,EI-2024
Bahrain,2002,gas_production,10,billion_cubic_meters_per_year,T2,EI-2024
Bahrain,2003,gas_production,10,billion_cubic_meters_per_year,T2,EI-2024
Bahrain,2004,gas_production,11,billion_cubic_meters_per_year,T2,EI-2024
Bahrain,2005,gas_production,11,billion_cubic_meters_per_year,T2,EI-2024
Bahrain,2006,gas_production,12,billion_cubic_meters_per_year,T2,EI-2024
Bahrain,2007,gas_production,12,billion_cubic_meters_per_year,T2,EI-2024
Bahrain,2008,gas_production,13,billion_cubic_meters_per_year,T2,EI-2024
Bahrain,2009,gas_production,13,billion_cubic_meters_per_year,T2,EI-2024
Bahrain,2010,gas_production,13,billion_cubic_meters_per_year,T2,EI-2024
Bahrain,2011,gas_production,13,billion_cubic_meters_per_year,T2,EI-2024
Bahrain,2012,gas_production,14,billion_cubic_meters_per_year,T2,EI-2024
Bahrain,2013,gas_production,15,billion_cubic_meters_per_year,T2,EI-2024
Bahrain,2014,gas_production,15,billion_cubic_meters_per_year,T2,EI-2024
Bahrain,2015,gas_production,16,billion_cubic_meters_per_year,T2,EI-2024
Bahrain,2016,gas_production,17,billion_cubic_meters_per_year,T2,EI-2024
Bahrain,2017,gas_production,17,billion_cubic_meters_per_year,T2,EI-2024
Bahrain,2018,gas_production,18,billion_cubic_meters_per_year,T2,EI-2024
Bahrain,2019,gas_production,17,billion_cubic_meters_per_year,T2,EI-2024
Bahrain,2020,gas_production,17,billion_cubic_meters_per_year,T2,EI-2024
Bahrain,2021,gas_production,17,billion_cubic_meters_per_year,T2,EI-2024
Bahrain,2022,gas_production,17,billion_cubic_meters_per_year,T2,EI-2024
Bahrain,2023,gas_production,17,billion_cubic_meters_per_year,T2,EI-2024
Bahrain,2024,gas_production,17,billion_cubic_meters_per_year,T2,EI-2024
Bahrain,2025,gas_production,17,billion_cubic_meters_per_year,T2,EI-2024
Bahrain,1979,gdp_nominal_usd,2710160739.19,USD_current,T2,WB-WDI-2024
Bahrain,1980,gdp_nominal_usd,3493834468.03,USD_current,T2,WB-WDI-2024
Bahrain,1981,gdp_nominal_usd,3943109531.91,USD_current,T2,WB-WDI-2024
Bahrain,1982,gdp_nominal_usd,4145421079.79,USD_current,T2,WB-WDI-2024
Bahrain,1983,gdp_nominal_usd,4247030468.09,USD_current,T2,WB-WDI-2024
Bahrain,1984,gdp_nominal_usd,4440874566.49,USD_current,T2,WB-WDI-2024
Bahrain,1985,gdp_nominal_usd,4152376484.04,USD_current,T2,WB-WDI-2024
Bahrain,1986,gdp_nominal_usd,3470746843.09,USD_current,T2,WB-WDI-2024
Bahrain,1987,gdp_nominal_usd,3856922694.15,USD_current,T2,WB-WDI-2024
Bahrain,1988,gdp_nominal_usd,4209834172.87,USD_current,T2,WB-WDI-2024
Bahrain,1989,gdp_nominal_usd,4393093962.77,USD_current,T2,WB-WDI-2024
Bahrain,1990,gdp_nominal_usd,4809511005.32,USD_current,T2,WB-WDI-2024
Bahrain,1991,gdp_nominal_usd,5248911170.21,USD_current,T2,WB-WDI-2024
Bahrain,1992,gdp_nominal_usd,5402232446.81,USD_current,T2,WB-WDI-2024
Bahrain,1993,gdp_nominal_usd,5913001063.83,USD_current,T2,WB-WDI-2024
Bahrain,1994,gdp_nominal_usd,6330627925.53,USD_current,T2,WB-WDI-2024
Bahrain,1995,gdp_nominal_usd,6651180851.06,USD_current,T2,WB-WDI-2024
Bahrain,1996,gdp_nominal_usd,6938166755.32,USD_current,T2,WB-WDI-2024
Bahrain,1997,gdp_nominal_usd,7219407712.77,USD_current,T2,WB-WDI-2024
Bahrain,1998,gdp_nominal_usd,7031309042.55,USD_current,T2,WB-WDI-2024
Bahrain,1999,gdp_nominal_usd,7528469148.94,USD_current,T2,WB-WDI-2024
Bahrain,2000,gdp_nominal_usd,9062898936.17,USD_current,T2,WB-WDI-2024
Bahrain,2001,gdp_nominal_usd,8976196808.51,USD_current,T2,WB-WDI-2024
Bahrain,2002,gdp_nominal_usd,9593510638.30,USD_current,T2,WB-WDI-2024
Bahrain,2003,gdp_nominal_usd,11074813829.79,USD_current,T2,WB-WDI-2024
Bahrain,2004,gdp_nominal_usd,13150159574.47,USD_current,T2,WB-WDI-2024
Bahrain,2005,gdp_nominal_usd,15968723404.26,USD_current,T2,WB-WDI-2024
Bahrain,2006,gdp_nominal_usd,18504760638.30,USD_current,T2,WB-WDI-2024
Bahrain,2007,gdp_nominal_usd,21730000000.00,USD_current,T2,WB-WDI-2024
Bahrain,2008,gdp_nominal_usd,25710904255.32,USD_current,T2,WB-WDI-2024
Bahrain,2009,gdp_nominal_usd,22938218085.11,USD_current,T2,WB-WDI-2024
Bahrain,2010,gdp_nominal_usd,26805984042.55,USD_current,T2,WB-WDI-2024
Bahrain,2011,gdp_nominal_usd,29914680851.06,USD_current,T2,WB-WDI-2024
Bahrain,2012,gdp_nominal_usd,31963404255.32,USD_current,T2,WB-WDI-2024
Bahrain,2013,gdp_nominal_usd,33823324468.09,USD_current,T2,WB-WDI-2024
Bahrain,2014,gdp_nominal_usd,34772526595.74,USD_current,T2,WB-WDI-2024
Bahrain,2015,gdp_nominal_usd,32523297872.34,USD_current,T2,WB-WDI-2024
Bahrain,2016,gdp_nominal_usd,33884680851.06,USD_current,T2,WB-WDI-2024
Bahrain,2017,gdp_nominal_usd,37204813829.79,USD_current,T2,WB-WDI-2024
Bahrain,2018,gdp_nominal_usd,39567978723.40,USD_current,T2,WB-WDI-2024
Bahrain,2019,gdp_nominal_usd,40446808510.64,USD_current,T2,WB-WDI-2024
Bahrain,2020,gdp_nominal_usd,35837632978.72,USD_current,T2,WB-WDI-2024
Bahrain,2021,gdp_nominal_usd,40840212765.96,USD_current,T2,WB-WDI-2024
Bahrain,2022,gdp_nominal_usd,46458191489.36,USD_current,T2,WB-WDI-2024
Bahrain,2023,gdp_nominal_usd,46192260638.30,USD_current,T2,WB-WDI-2024
Bahrain,2024,gdp_nominal_usd,47109734308.51,USD_current,T2,WB-WDI-2024
Bahrain,1990,gdp_per_capita_ppp,26902.06,USD_PPP_current_intl,T2,WB-WDI-2024
Bahrain,1991,gdp_per_capita_ppp,31657.36,USD_PPP_current_intl,T2,WB-WDI-2024
Bahrain,1992,gdp_per_capita_ppp,33648.23,USD_PPP_current_intl,T2,WB-WDI-2024
Bahrain,1993,gdp_per_capita_ppp,37869.50,USD_PPP_current_intl,T2,WB-WDI-2024
Bahrain,1994,gdp_per_capita_ppp,37579.17,USD_PPP_current_intl,T2,WB-WDI-2024
Bahrain,1995,gdp_per_capita_ppp,38839.44,USD_PPP_current_intl,T2,WB-WDI-2024
Bahrain,1996,gdp_per_capita_ppp,40105.85,USD_PPP_current_intl,T2,WB-WDI-2024
Bahrain,1997,gdp_per_capita_ppp,40965.35,USD_PPP_current_intl,T2,WB-WDI-2024
Bahrain,1998,gdp_per_capita_ppp,42281.30,USD_PPP_current_intl,T2,WB-WDI-2024
Bahrain,1999,gdp_per_capita_ppp,43560.54,USD_PPP_current_intl,T2,WB-WDI-2024
Bahrain,2000,gdp_per_capita_ppp,45687.52,USD_PPP_current_intl,T2,WB-WDI-2024
Bahrain,2001,gdp_per_capita_ppp,46161.58,USD_PPP_current_intl,T2,WB-WDI-2024
Bahrain,2002,gdp_per_capita_ppp,45091.49,USD_PPP_current_intl,T2,WB-WDI-2024
Bahrain,2003,gdp_per_capita_ppp,45426.93,USD_PPP_current_intl,T2,WB-WDI-2024
Bahrain,2004,gdp_per_capita_ppp,46317.03,USD_PPP_current_intl,T2,WB-WDI-2024
Bahrain,2005,gdp_per_capita_ppp,47268.27,USD_PPP_current_intl,T2,WB-WDI-2024
Bahrain,2006,gdp_per_capita_ppp,48009.49,USD_PPP_current_intl,T2,WB-WDI-2024
Bahrain,2007,gdp_per_capita_ppp,49347.49,USD_PPP_current_intl,T2,WB-WDI-2024
Bahrain,2008,gdp_per_capita_ppp,50330.32,USD_PPP_current_intl,T2,WB-WDI-2024
Bahrain,2009,gdp_per_capita_ppp,48625.66,USD_PPP_current_intl,T2,WB-WDI-2024
Bahrain,2010,gdp_per_capita_ppp,49254.58,USD_PPP_current_intl,T2,WB-WDI-2024
Bahrain,2011,gdp_per_capita_ppp,52677.45,USD_PPP_current_intl,T2,WB-WDI-2024
Bahrain,2012,gdp_per_capita_ppp,56712.57,USD_PPP_current_intl,T2,WB-WDI-2024
Bahrain,2013,gdp_per_capita_ppp,56310.31,USD_PPP_current_intl,T2,WB-WDI-2024
Bahrain,2014,gdp_per_capita_ppp,54299.06,USD_PPP_current_intl,T2,WB-WDI-2024
Bahrain,2015,gdp_per_capita_ppp,48034.25,USD_PPP_current_intl,T2,WB-WDI-2024
Bahrain,2016,gdp_per_capita_ppp,47428.90,USD_PPP_current_intl,T2,WB-WDI-2024
Bahrain,2017,gdp_per_capita_ppp,50184.50,USD_PPP_current_intl,T2,WB-WDI-2024
Bahrain,2018,gdp_per_capita_ppp,51993.13,USD_PPP_current_intl,T2,WB-WDI-2024
Bahrain,2019,gdp_per_capita_ppp,56599.52,USD_PPP_current_intl,T2,WB-WDI-2024
Bahrain,2020,gdp_per_capita_ppp,53436.03,USD_PPP_current_intl,T2,WB-WDI-2024
Bahrain,2021,gdp_per_capita_ppp,54954.68,USD_PPP_current_intl,T2,WB-WDI-2024
Bahrain,2022,gdp_per_capita_ppp,61677.65,USD_PPP_current_intl,T2,WB-WDI-2024
Bahrain,2023,gdp_per_capita_ppp,64171.09,USD_PPP_current_intl,T2,WB-WDI-2024
Bahrain,2024,gdp_per_capita_ppp,66941.24,USD_PPP_current_intl,T2,WB-WDI-2024
Bahrain,1979,gdp_per_capita_usd,7890.83,USD_current,T2,WB-WDI-2024
Bahrain,1980,gdp_per_capita_usd,9732.73,USD_current,T2,WB-WDI-2024
Bahrain,1981,gdp_per_capita_usd,10556.51,USD_current,T2,WB-WDI-2024
Bahrain,1982,gdp_per_capita_usd,10712.15,USD_current,T2,WB-WDI-2024
Bahrain,1983,gdp_per_capita_usd,10598.84,USD_current,T2,WB-WDI-2024
Bahrain,1984,gdp_per_capita_usd,10696.93,USD_current,T2,WB-WDI-2024
Bahrain,1985,gdp_per_capita_usd,9648.66,USD_current,T2,WB-WDI-2024
Bahrain,1986,gdp_per_capita_usd,7776.96,USD_current,T2,WB-WDI-2024
Bahrain,1987,gdp_per_capita_usd,8332.91,USD_current,T2,WB-WDI-2024
Bahrain,1988,gdp_per_capita_usd,8771.79,USD_current,T2,WB-WDI-2024
Bahrain,1989,gdp_per_capita_usd,8833.41,USD_current,T2,WB-WDI-2024
Bahrain,1990,gdp_per_capita_usd,9342.54,USD_current,T2,WB-WDI-2024
Bahrain,1991,gdp_per_capita_usd,10434.13,USD_current,T2,WB-WDI-2024
Bahrain,1992,gdp_per_capita_usd,10460.16,USD_current,T2,WB-WDI-2024
Bahrain,1993,gdp_per_capita_usd,11151.87,USD_current,T2,WB-WDI-2024
Bahrain,1994,gdp_per_capita_usd,11629.36,USD_current,T2,WB-WDI-2024
Bahrain,1995,gdp_per_capita_usd,11900.93,USD_current,T2,WB-WDI-2024
Bahrain,1996,gdp_per_capita_usd,12091.78,USD_current,T2,WB-WDI-2024
Bahrain,1997,gdp_per_capita_usd,12254.67,USD_current,T2,WB-WDI-2024
Bahrain,1998,gdp_per_capita_usd,11625.03,USD_current,T2,WB-WDI-2024
Bahrain,1999,gdp_per_capita_usd,12123.35,USD_current,T2,WB-WDI-2024
Bahrain,2000,gdp_per_capita_usd,14214.48,USD_current,T2,WB-WDI-2024
Bahrain,2001,gdp_per_capita_usd,13573.23,USD_current,T2,WB-WDI-2024
Bahrain,2002,gdp_per_capita_usd,13501.47,USD_current,T2,WB-WDI-2024
Bahrain,2003,gdp_per_capita_usd,14486.03,USD_current,T2,WB-WDI-2024
Bahrain,2004,gdp_per_capita_usd,15963.95,USD_current,T2,WB-WDI-2024
Bahrain,2005,gdp_per_capita_usd,17966.17,USD_current,T2,WB-WDI-2024
Bahrain,2006,gdp_per_capita_usd,19267.28,USD_current,T2,WB-WDI-2024
Bahrain,2007,gdp_per_capita_usd,20908.40,USD_current,T2,WB-WDI-2024
Bahrain,2008,gdp_per_capita_usd,23299.50,USD_current,T2,WB-WDI-2024
Bahrain,2009,gdp_per_capita_usd,19465.31,USD_current,T2,WB-WDI-2024
Bahrain,2010,gdp_per_capita_usd,21819.33,USD_current,T2,WB-WDI-2024
Bahrain,2011,gdp_per_capita_usd,25032.79,USD_current,T2,WB-WDI-2024
Bahrain,2012,gdp_per_capita_usd,26438.67,USD_current,T2,WB-WDI-2024
Bahrain,2013,gdp_per_capita_usd,26989.76,USD_current,T2,WB-WDI-2024
Bahrain,2014,gdp_per_capita_usd,26451.80,USD_current,T2,WB-WDI-2024
Bahrain,2015,gdp_per_capita_usd,23734.06,USD_current,T2,WB-WDI-2024
Bahrain,2016,gdp_per_capita_usd,23800.00,USD_current,T2,WB-WDI-2024
Bahrain,2017,gdp_per_capita_usd,24784.77,USD_current,T2,WB-WDI-2024
Bahrain,2018,gdp_per_capita_usd,26324.41,USD_current,T2,WB-WDI-2024
Bahrain,2019,gdp_per_capita_usd,27259.74,USD_current,T2,WB-WDI-2024
Bahrain,2020,gdp_per_capita_usd,24342.84,USD_current,T2,WB-WDI-2024
Bahrain,2021,gdp_per_capita_usd,27147.81,USD_current,T2,WB-WDI-2024
Bahrain,2022,gdp_per_capita_usd,30470.52,USD_current,T2,WB-WDI-2024
Bahrain,2023,gdp_per_capita_usd,29290.13,USD_current,T2,WB-WDI-2024
Bahrain,2024,gdp_per_capita_usd,29653.57,USD_current,T2,WB-WDI-2024
Bahrain,1979,military_spending_pct_gdp,5.893,percent,T2,SIPRI-MILEX-2024
Bahrain,1980,military_spending_pct_gdp,5.699,percent,T2,SIPRI-MILEX-2024
Bahrain,1981,military_spending_pct_gdp,6.903,percent,T2,SIPRI-MILEX-2024
Bahrain,1982,military_spending_pct_gdp,8.535,percent,T2,SIPRI-MILEX-2024
Bahrain,1983,military_spending_pct_gdp,4.790,percent,T2,SIPRI-MILEX-2024
Bahrain,1984,military_spending_pct_gdp,4.179,percent,T2,SIPRI-MILEX-2024
Bahrain,1985,military_spending_pct_gdp,4.588,percent,T2,SIPRI-MILEX-2024
Bahrain,1986,military_spending_pct_gdp,5.838,percent,T2,SIPRI-MILEX-2024
Bahrain,1987,military_spending_pct_gdp,5.253,percent,T2,SIPRI-MILEX-2024
Bahrain,1988,military_spending_pct_gdp,5.603,percent,T2,SIPRI-MILEX-2024
Bahrain,1989,military_spending_pct_gdp,5.645,percent,T2,SIPRI-MILEX-2024
Bahrain,1990,military_spending_pct_gdp,5.285,percent,T2,SIPRI-MILEX-2024
Bahrain,1991,military_spending_pct_gdp,5.704,percent,T2,SIPRI-MILEX-2024
Bahrain,1992,military_spending_pct_gdp,5.878,percent,T2,SIPRI-MILEX-2024
Bahrain,1993,military_spending_pct_gdp,5.370,percent,T2,SIPRI-MILEX-2024
Bahrain,1994,military_spending_pct_gdp,5.111,percent,T2,SIPRI-MILEX-2024
Bahrain,1995,military_spending_pct_gdp,5.183,percent,T2,SIPRI-MILEX-2024
Bahrain,1996,military_spending_pct_gdp,5.274,percent,T2,SIPRI-MILEX-2024
Bahrain,1997,military_spending_pct_gdp,5.068,percent,T2,SIPRI-MILEX-2024
Bahrain,1998,military_spending_pct_gdp,5.333,percent,T2,SIPRI-MILEX-2024
Bahrain,1999,military_spending_pct_gdp,5.504,percent,T2,SIPRI-MILEX-2024
Bahrain,2000,military_spending_pct_gdp,3.962,percent,T2,SIPRI-MILEX-2024
Bahrain,2001,military_spending_pct_gdp,4.148,percent,T2,SIPRI-MILEX-2024
Bahrain,2002,military_spending_pct_gdp,4.611,percent,T2,SIPRI-MILEX-2024
Bahrain,2003,military_spending_pct_gdp,4.659,percent,T2,SIPRI-MILEX-2024
Bahrain,2004,military_spending_pct_gdp,4.045,percent,T2,SIPRI-MILEX-2024
Bahrain,2005,military_spending_pct_gdp,3.214,percent,T2,SIPRI-MILEX-2024
Bahrain,2006,military_spending_pct_gdp,3.103,percent,T2,SIPRI-MILEX-2024
Bahrain,2007,military_spending_pct_gdp,2.957,percent,T2,SIPRI-MILEX-2024
Bahrain,2008,military_spending_pct_gdp,2.800,percent,T2,SIPRI-MILEX-2024
Bahrain,2009,military_spending_pct_gdp,3.611,percent,T2,SIPRI-MILEX-2024
Bahrain,2010,military_spending_pct_gdp,3.278,percent,T2,SIPRI-MILEX-2024
Bahrain,2011,military_spending_pct_gdp,3.591,percent,T2,SIPRI-MILEX-2024
Bahrain,2012,military_spending_pct_gdp,3.844,percent,T2,SIPRI-MILEX-2024
Bahrain,2013,military_spending_pct_gdp,4.141,percent,T2,SIPRI-MILEX-2024
Bahrain,2014,military_spending_pct_gdp,4.419,percent,T2,SIPRI-MILEX-2024
Bahrain,2015,military_spending_pct_gdp,4.644,percent,T2,SIPRI-MILEX-2024
Bahrain,2016,military_spending_pct_gdp,4.671,percent,T2,SIPRI-MILEX-2024
Bahrain,2017,military_spending_pct_gdp,4.321,percent,T2,SIPRI-MILEX-2024
Bahrain,2018,military_spending_pct_gdp,4.041,percent,T2,SIPRI-MILEX-2024
Bahrain,2019,military_spending_pct_gdp,4.030,percent,T2,SIPRI-MILEX-2024
Bahrain,2020,military_spending_pct_gdp,4.057,percent,T2,SIPRI-MILEX-2024
Bahrain,2021,military_spending_pct_gdp,3.520,percent,T2,SIPRI-MILEX-2024
Bahrain,2022,military_spending_pct_gdp,3.423,percent,T2,SIPRI-MILEX-2024
Bahrain,2023,military_spending_pct_gdp,3.521,percent,T2,SIPRI-MILEX-2024
Bahrain,2024,military_spending_pct_gdp,2.945,percent,T2,SIPRI-MILEX-2024
Bahrain,2025,military_spending_pct_gdp,3.105,percent,T2,SIPRI-MILEX-2024
Bahrain,1979,military_spending_usd,157225700.11,USD_current,T2,SIPRI-MILEX-2024
Bahrain,1980,military_spending_usd,175066313.00,USD_current,T2,SIPRI-MILEX-2024
Bahrain,1981,military_spending_usd,239361702.13,USD_current,T2,SIPRI-MILEX-2024
Bahrain,1982,military_spending_usd,311170212.77,USD_current,T2,SIPRI-MILEX-2024
Bahrain,1983,military_spending_usd,183510638.30,USD_current,T2,SIPRI-MILEX-2024
Bahrain,1984,military_spending_usd,164893617.02,USD_current,T2,SIPRI-MILEX-2024
Bahrain,1985,military_spending_usd,167553191.49,USD_current,T2,SIPRI-MILEX-2024
Bahrain,1986,military_spending_usd,178191489.36,USD_current,T2,SIPRI-MILEX-2024
Bahrain,1987,military_spending_usd,178191489.36,USD_current,T2,SIPRI-MILEX-2024
Bahrain,1988,military_spending_usd,207446808.51,USD_current,T2,SIPRI-MILEX-2024
Bahrain,1989,military_spending_usd,218085106.38,USD_current,T2,SIPRI-MILEX-2024
Bahrain,1990,military_spending_usd,239361702.13,USD_current,T2,SIPRI-MILEX-2024
Bahrain,1991,military_spending_usd,263297872.34,USD_current,T2,SIPRI-MILEX-2024
Bahrain,1992,military_spending_usd,279255319.15,USD_current,T2,SIPRI-MILEX-2024
Bahrain,1993,military_spending_usd,279255319.15,USD_current,T2,SIPRI-MILEX-2024
Bahrain,1994,military_spending_usd,284574468.09,USD_current,T2,SIPRI-MILEX-2024
Bahrain,1995,military_spending_usd,303191489.36,USD_current,T2,SIPRI-MILEX-2024
Bahrain,1996,military_spending_usd,321808510.64,USD_current,T2,SIPRI-MILEX-2024
Bahrain,1997,military_spending_usd,321808510.64,USD_current,T2,SIPRI-MILEX-2024
Bahrain,1998,military_spending_usd,329787234.04,USD_current,T2,SIPRI-MILEX-2024
Bahrain,1999,military_spending_usd,364361702.13,USD_current,T2,SIPRI-MILEX-2024
Bahrain,2000,military_spending_usd,359042553.19,USD_current,T2,SIPRI-MILEX-2024
Bahrain,2001,military_spending_usd,372340425.53,USD_current,T2,SIPRI-MILEX-2024
Bahrain,2002,military_spending_usd,444148936.17,USD_current,T2,SIPRI-MILEX-2024
Bahrain,2003,military_spending_usd,515957446.81,USD_current,T2,SIPRI-MILEX-2024
Bahrain,2004,military_spending_usd,531914893.62,USD_current,T2,SIPRI-MILEX-2024
Bahrain,2005,military_spending_usd,513297872.34,USD_current,T2,SIPRI-MILEX-2024
Bahrain,2006,military_spending_usd,574202127.66,USD_current,T2,SIPRI-MILEX-2024
Bahrain,2007,military_spending_usd,642553191.49,USD_current,T2,SIPRI-MILEX-2024
Bahrain,2008,military_spending_usd,719946808.51,USD_current,T2,SIPRI-MILEX-2024
Bahrain,2009,military_spending_usd,828191489.36,USD_current,T2,SIPRI-MILEX-2024
Bahrain,2010,military_spending_usd,842819148.94,USD_current,T2,SIPRI-MILEX-2024
Bahrain,2011,military_spending_usd,1033510638.30,USD_current,T2,SIPRI-MILEX-2024
Bahrain,2012,military_spending_usd,1182180851.06,USD_current,T2,SIPRI-MILEX-2024
Bahrain,2013,military_spending_usd,1347606382.98,USD_current,T2,SIPRI-MILEX-2024
Bahrain,2014,military_spending_usd,1475265957.45,USD_current,T2,SIPRI-MILEX-2024
Bahrain,2015,military_spending_usd,1442021276.60,USD_current,T2,SIPRI-MILEX-2024
Bahrain,2016,military_spending_usd,1505534574.47,USD_current,T2,SIPRI-MILEX-2024
Bahrain,2017,military_spending_usd,1532712765.96,USD_current,T2,SIPRI-MILEX-2024
Bahrain,2018,military_spending_usd,1527659574.47,USD_current,T2,SIPRI-MILEX-2024
Bahrain,2019,military_spending_usd,1557712765.96,USD_current,T2,SIPRI-MILEX-2024
Bahrain,2020,military_spending_usd,1404787234.04,USD_current,T2,SIPRI-MILEX-2024
Bahrain,2021,military_spending_usd,1437500000.00,USD_current,T2,SIPRI-MILEX-2024
Bahrain,2022,military_spending_usd,1598069148.94,USD_current,T2,SIPRI-MILEX-2024
Bahrain,2023,military_spending_usd,1622393617.02,USD_current,T2,SIPRI-MILEX-2024
Bahrain,2024,military_spending_usd,1383973404.26,USD_current,T2,SIPRI-MILEX-2024
Bahrain,2025,military_spending_usd,1468151595.74,USD_current,T2,SIPRI-MILEX-2024
Bahrain,1979,oil_production,18.2,million_barrels_per_year,T2,EI-2024
Bahrain,1980,oil_production,18.3,million_barrels_per_year,T2,EI-2024
Bahrain,1981,oil_production,18.2,million_barrels_per_year,T2,EI-2024
Bahrain,1982,oil_production,18.2,million_barrels_per_year,T2,EI-2024
Bahrain,1983,oil_production,18.2,million_barrels_per_year,T2,EI-2024
Bahrain,1984,oil_production,18.3,million_barrels_per_year,T2,EI-2024
Bahrain,1985,oil_production,18.2,million_barrels_per_year,T2,EI-2024
Bahrain,1986,oil_production,18.2,million_barrels_per_year,T2,EI-2024
Bahrain,1987,oil_production,18.2,million_barrels_per_year,T2,EI-2024
Bahrain,1988,oil_production,18.3,million_barrels_per_year,T2,EI-2024
Bahrain,1989,oil_production,18.2,million_barrels_per_year,T2,EI-2024
Bahrain,1990,oil_production,18.2,million_barrels_per_year,T2,EI-2024
Bahrain,1991,oil_production,14.6,million_barrels_per_year,T2,EI-2024
Bahrain,1992,oil_production,14.6,million_barrels_per_year,T2,EI-2024
Bahrain,1993,oil_production,14.6,million_barrels_per_year,T2,EI-2024
Bahrain,1994,oil_production,14.6,million_barrels_per_year,T2,EI-2024
Bahrain,1995,oil_production,14.6,million_barrels_per_year,T2,EI-2024
Bahrain,1996,oil_production,14.6,million_barrels_per_year,T2,EI-2024
Bahrain,1997,oil_production,14.6,million_barrels_per_year,T2,EI-2024
Bahrain,1998,oil_production,14.6,million_barrels_per_year,T2,EI-2024
Bahrain,1999,oil_production,14.6,million_barrels_per_year,T2,EI-2024
Bahrain,2000,oil_production,14.6,million_barrels_per_year,T2,EI-2024
Bahrain,2001,oil_production,14.6,million_barrels_per_year,T2,EI-2024
Bahrain,2002,oil_production,14.6,million_barrels_per_year,T2,EI-2024
Bahrain,2003,oil_production,14.6,million_barrels_per_year,T2,EI-2024
Bahrain,2004,oil_production,14.6,million_barrels_per_year,T2,EI-2024
Bahrain,2005,oil_production,18.2,million_barrels_per_year,T2,EI-2024
Bahrain,2006,oil_production,18.2,million_barrels_per_year,T2,EI-2024
Bahrain,2007,oil_production,18.2,million_barrels_per_year,T2,EI-2024
Bahrain,2008,oil_production,18.3,million_barrels_per_year,T2,EI-2024
Bahrain,2009,oil_production,18.2,million_barrels_per_year,T2,EI-2024
Bahrain,2010,oil_production,18.2,million_barrels_per_year,T2,EI-2024
Bahrain,2011,oil_production,18.2,million_barrels_per_year,T2,EI-2024
Bahrain,2012,oil_production,18.3,million_barrels_per_year,T2,EI-2024
Bahrain,2013,oil_production,18.2,million_barrels_per_year,T2,EI-2024
Bahrain,2014,oil_production,18.2,million_barrels_per_year,T2,EI-2024
Bahrain,2015,oil_production,18.2,million_barrels_per_year,T2,EI-2024
Bahrain,2016,oil_production,18.3,million_barrels_per_year,T2,EI-2024
Bahrain,2017,oil_production,73.0,million_barrels_per_year,T2,EI-2024
Bahrain,2018,oil_production,73.0,million_barrels_per_year,T2,EI-2024
Bahrain,2019,oil_production,69.3,million_barrels_per_year,T2,EI-2024
Bahrain,2020,oil_production,65.9,million_barrels_per_year,T2,EI-2024
Bahrain,2021,oil_production,65.7,million_barrels_per_year,T2,EI-2024
Bahrain,2022,oil_production,65.7,million_barrels_per_year,T2,EI-2024
Bahrain,2023,oil_production,65.7,million_barrels_per_year,T2,EI-2024
Bahrain,2024,oil_production,65.9,million_barrels_per_year,T2,EIA-IES-2025
Bahrain,2025,oil_production,65.7,million_barrels_per_year,T2,EIA-IES-2025
Bahrain,2026,oil_production,18.2,million_barrels_per_year,T4,IEA-OMR-2026
Bahrain,1980,oil_rents_pct_gdp,68.136,percent,T2,WB-WDI-2024
Bahrain,1981,oil_rents_pct_gdp,58.070,percent,T2,WB-WDI-2024
Bahrain,1982,oil_rents_pct_gdp,33.742,percent,T2,WB-WDI-2024
Bahrain,1983,oil_rents_pct_gdp,29.042,percent,T2,WB-WDI-2024
Bahrain,1984,oil_rents_pct_gdp,31.887,percent,T2,WB-WDI-2024
Bahrain,1985,oil_rents_pct_gdp,30.415,percent,T2,WB-WDI-2024
Bahrain,1986,oil_rents_pct_gdp,23.312,percent,T2,WB-WDI-2024
Bahrain,1987,oil_rents_pct_gdp,30.034,percent,T2,WB-WDI-2024
Bahrain,1988,oil_rents_pct_gdp,23.107,percent,T2,WB-WDI-2024
Bahrain,1989,oil_rents_pct_gdp,31.147,percent,T2,WB-WDI-2024
Bahrain,1990,oil_rents_pct_gdp,37.044,percent,T2,WB-WDI-2024
Bahrain,1991,oil_rents_pct_gdp,20.485,percent,T2,WB-WDI-2024
Bahrain,1992,oil_rents_pct_gdp,20.762,percent,T2,WB-WDI-2024
Bahrain,1993,oil_rents_pct_gdp,17.958,percent,T2,WB-WDI-2024
Bahrain,1994,oil_rents_pct_gdp,14.683,percent,T2,WB-WDI-2024
Bahrain,1995,oil_rents_pct_gdp,15.246,percent,T2,WB-WDI-2024
Bahrain,1996,oil_rents_pct_gdp,18.449,percent,T2,WB-WDI-2024
Bahrain,1997,oil_rents_pct_gdp,16.419,percent,T2,WB-WDI-2024
Bahrain,1998,oil_rents_pct_gdp,10.638,percent,T2,WB-WDI-2024
Bahrain,1999,oil_rents_pct_gdp,14.794,percent,T2,WB-WDI-2024
Bahrain,2000,oil_rents_pct_gdp,18.711,percent,T2,WB-WDI-2024
Bahrain,2001,oil_rents_pct_gdp,15.007,percent,T2,WB-WDI-2024
Bahrain,2002,oil_rents_pct_gdp,14.491,percent,T2,WB-WDI-2024
Bahrain,2003,oil_rents_pct_gdp,14.988,percent,T2,WB-WDI-2024
Bahrain,2004,oil_rents_pct_gdp,16.653,percent,T2,WB-WDI-2024
Bahrain,2005,oil_rents_pct_gdp,20.093,percent,T2,WB-WDI-2024
Bahrain,2006,oil_rents_pct_gdp,20.367,percent,T2,WB-WDI-2024
Bahrain,2007,oil_rents_pct_gdp,18.991,percent,T2,WB-WDI-2024
Bahrain,2008,oil_rents_pct_gdp,21.682,percent,T2,WB-WDI-2024
Bahrain,2009,oil_rents_pct_gdp,14.435,percent,T2,WB-WDI-2024
Bahrain,2010,oil_rents_pct_gdp,17.316,percent,T2,WB-WDI-2024
Bahrain,2011,oil_rents_pct_gdp,23.398,percent,T2,WB-WDI-2024
Bahrain,2012,oil_rents_pct_gdp,20.094,percent,T2,WB-WDI-2024
Bahrain,2013,oil_rents_pct_gdp,20.866,percent,T2,WB-WDI-2024
Bahrain,2014,oil_rents_pct_gdp,18.871,percent,T2,WB-WDI-2024
Bahrain,2015,oil_rents_pct_gdp,9.825,percent,T2,WB-WDI-2024
Bahrain,2016,oil_rents_pct_gdp,7.630,percent,T2,WB-WDI-2024
Bahrain,2017,oil_rents_pct_gdp,8.938,percent,T2,WB-WDI-2024
Bahrain,2018,oil_rents_pct_gdp,11.390,percent,T2,WB-WDI-2024
Bahrain,2019,oil_rents_pct_gdp,9.848,percent,T2,WB-WDI-2024
Bahrain,2020,oil_rents_pct_gdp,6.696,percent,T2,WB-WDI-2024
Bahrain,2021,oil_rents_pct_gdp,10.938,percent,T2,WB-WDI-2024
Bahrain,1979,population,343457,persons,T2,WB-WDI-2024
Bahrain,1980,population,358978,persons,T2,WB-WDI-2024
Bahrain,1981,population,373524,persons,T2,WB-WDI-2024
Bahrain,1982,population,386983,persons,T2,WB-WDI-2024
Bahrain,1983,population,400707,persons,T2,WB-WDI-2024
Bahrain,1984,population,415154,persons,T2,WB-WDI-2024
Bahrain,1985,population,430358,persons,T2,WB-WDI-2024
Bahrain,1986,population,446286,persons,T2,WB-WDI-2024
Bahrain,1987,population,462854,persons,T2,WB-WDI-2024
Bahrain,1988,population,479929,persons,T2,WB-WDI-2024
Bahrain,1989,population,497327,persons,T2,WB-WDI-2024
Bahrain,1990,population,514797,persons,T2,WB-WDI-2024
Bahrain,1991,population,503052,persons,T2,WB-WDI-2024
Bahrain,1992,population,516458,persons,T2,WB-WDI-2024
Bahrain,1993,population,530225,persons,T2,WB-WDI-2024
Bahrain,1994,population,544366,persons,T2,WB-WDI-2024
Bahrain,1995,population,558879,persons,T2,WB-WDI-2024
Bahrain,1996,population,573792,persons,T2,WB-WDI-2024
Bahrain,1997,population,589115,persons,T2,WB-WDI-2024
Bahrain,1998,population,604842,persons,T2,WB-WDI-2024
Bahrain,1999,population,620989,persons,T2,WB-WDI-2024
Bahrain,2000,population,637582,persons,T2,WB-WDI-2024
Bahrain,2001,population,661316,persons,T2,WB-WDI-2024
Bahrain,2002,population,710553,persons,T2,WB-WDI-2024
Bahrain,2003,population,764517,persons,T2,WB-WDI-2024
Bahrain,2004,population,823741,persons,T2,WB-WDI-2024
Bahrain,2005,population,888822,persons,T2,WB-WDI-2024
Bahrain,2006,population,960424,persons,T2,WB-WDI-2024
Bahrain,2007,population,1039295,persons,T2,WB-WDI-2024
Bahrain,2008,population,1103496,persons,T2,WB-WDI-2024
Bahrain,2009,population,1178415,persons,T2,WB-WDI-2024
Bahrain,2010,population,1228543,persons,T2,WB-WDI-2024
Bahrain,2011,population,1195020,persons,T2,WB-WDI-2024
Bahrain,2012,population,1208964,persons,T2,WB-WDI-2024
Bahrain,2013,population,1253191,persons,T2,WB-WDI-2024
Bahrain,2014,population,1314562,persons,T2,WB-WDI-2024
Bahrain,2015,population,1370322,persons,T2,WB-WDI-2024
Bahrain,2016,population,1423726,persons,T2,WB-WDI-2024
Bahrain,2017,population,1501116,persons,T2,WB-WDI-2024
Bahrain,2018,population,1503091,persons,T2,WB-WDI-2024
Bahrain,2019,population,1483756,persons,T2,WB-WDI-2024
Bahrain,2020,population,1472204,persons,T2,WB-WDI-2024
Bahrain,2021,population,1504365,persons,T2,WB-WDI-2024
Bahrain,2022,population,1524693,persons,T2,WB-WDI-2024
Bahrain,2023,population,1577059,persons,T2,WB-WDI-2024
Bahrain,2024,population,1588670,persons,T2,WB-WDI-2024
Bahrain,1980,trade_pct_gdp,210.499,percent,T2,WB-WDI-2024
Bahrain,1981,trade_pct_gdp,220.867,percent,T2,WB-WDI-2024
Bahrain,1982,trade_pct_gdp,198.546,percent,T2,WB-WDI-2024
Bahrain,1983,trade_pct_gdp,166.775,percent,T2,WB-WDI-2024
Bahrain,1984,trade_pct_gdp,167.388,percent,T2,WB-WDI-2024
Bahrain,1985,trade_pct_gdp,168.514,percent,T2,WB-WDI-2024
Bahrain,1986,trade_pct_gdp,161.402,percent,T2,WB-WDI-2024
Bahrain,1987,trade_pct_gdp,166.894,percent,T2,WB-WDI-2024
Bahrain,1988,trade_pct_gdp,152.000,percent,T2,WB-WDI-2024
Bahrain,1989,trade_pct_gdp,163.821,percent,T2,WB-WDI-2024
Bahrain,1990,trade_pct_gdp,184.829,percent,T2,WB-WDI-2024
Bahrain,1991,trade_pct_gdp,158.868,percent,T2,WB-WDI-2024
Bahrain,1992,trade_pct_gdp,159.292,percent,T2,WB-WDI-2024
Bahrain,1993,trade_pct_gdp,144.763,percent,T2,WB-WDI-2024
Bahrain,1994,trade_pct_gdp,136.473,percent,T2,WB-WDI-2024
Bahrain,1995,trade_pct_gdp,134.087,percent,T2,WB-WDI-2024
Bahrain,1996,trade_pct_gdp,144.333,percent,T2,WB-WDI-2024
Bahrain,1997,trade_pct_gdp,130.672,percent,T2,WB-WDI-2024
Bahrain,1998,trade_pct_gdp,113.001,percent,T2,WB-WDI-2024
Bahrain,1999,trade_pct_gdp,124.736,percent,T2,WB-WDI-2024
Bahrain,2000,trade_pct_gdp,135.809,percent,T2,WB-WDI-2024
Bahrain,2001,trade_pct_gdp,127.026,percent,T2,WB-WDI-2024
Bahrain,2002,trade_pct_gdp,131.134,percent,T2,WB-WDI-2024
Bahrain,2003,trade_pct_gdp,128.092,percent,T2,WB-WDI-2024
Bahrain,2004,trade_pct_gdp,140.737,percent,T2,WB-WDI-2024
Bahrain,2005,trade_pct_gdp,148.314,percent,T2,WB-WDI-2024
Bahrain,2006,trade_pct_gdp,147.104,percent,T2,WB-WDI-2024
Bahrain,2007,trade_pct_gdp,137.785,percent,T2,WB-WDI-2024
Bahrain,2008,trade_pct_gdp,145.883,percent,T2,WB-WDI-2024
Bahrain,2009,trade_pct_gdp,117.964,percent,T2,WB-WDI-2024
Bahrain,2010,trade_pct_gdp,115.561,percent,T2,WB-WDI-2024
Bahrain,2011,trade_pct_gdp,167.530,percent,T2,WB-WDI-2024
Bahrain,2012,trade_pct_gdp,178.824,percent,T2,WB-WDI-2024
Bahrain,2013,trade_pct_gdp,184.590,percent,T2,WB-WDI-2024
Bahrain,2014,trade_pct_gdp,168.576,percent,T2,WB-WDI-2024
Bahrain,2015,trade_pct_gdp,147.916,percent,T2,WB-WDI-2024
Bahrain,2016,trade_pct_gdp,132.823,percent,T2,WB-WDI-2024
Bahrain,2017,trade_pct_gdp,136.429,percent,T2,WB-WDI-2024
Bahrain,2018,trade_pct_gdp,144.075,percent,T2,WB-WDI-2024
Bahrain,2019,trade_pct_gdp,135.418,percent,T2,WB-WDI-2024
Bahrain,2020,trade_pct_gdp,135.461,percent,T2,WB-WDI-2024
Bahrain,2021,trade_pct_gdp,153.799,percent,T2,WB-WDI-2024
Bahrain,2022,trade_pct_gdp,167.141,percent,T2,WB-WDI-2024
Bahrain,2023,trade_pct_gdp,157.448,percent,T2,WB-WDI-2024
Bahrain,2024,trade_pct_gdp,157.818,percent,T2,WB-WDI-2024
Bahrain,1991,unemployment_rate,1.047,percent,T2,WB-WDI-2024
Bahrain,1992,unemployment_rate,0.968,percent,T2,WB-WDI-2024
Bahrain,1993,unemployment_rate,0.882,percent,T2,WB-WDI-2024
Bahrain,1994,unemployment_rate,1.007,percent,T2,WB-WDI-2024
Bahrain,1995,unemployment_rate,1.044,percent,T2,WB-WDI-2024
Bahrain,1996,unemployment_rate,1.177,percent,T2,WB-WDI-2024
Bahrain,1997,unemployment_rate,1.125,percent,T2,WB-WDI-2024
Bahrain,1998,unemployment_rate,1.114,percent,T2,WB-WDI-2024
Bahrain,1999,unemployment_rate,1.112,percent,T2,WB-WDI-2024
Bahrain,2000,unemployment_rate,1.081,percent,T2,WB-WDI-2024
Bahrain,2001,unemployment_rate,1.118,percent,T2,WB-WDI-2024
Bahrain,2002,unemployment_rate,1.137,percent,T2,WB-WDI-2024
Bahrain,2003,unemployment_rate,1.126,percent,T2,WB-WDI-2024
Bahrain,2004,unemployment_rate,1.064,percent,T2,WB-WDI-2024
Bahrain,2005,unemployment_rate,1.021,percent,T2,WB-WDI-2024
Bahrain,2006,unemployment_rate,1.021,percent,T2,WB-WDI-2024
Bahrain,2007,unemployment_rate,1.006,percent,T2,WB-WDI-2024
Bahrain,2008,unemployment_rate,1.015,percent,T2,WB-WDI-2024
Bahrain,2009,unemployment_rate,1.070,percent,T2,WB-WDI-2024
Bahrain,2010,unemployment_rate,1.130,percent,T2,WB-WDI-2024
Bahrain,2011,unemployment_rate,1.210,percent,T2,WB-WDI-2024
Bahrain,2012,unemployment_rate,1.200,percent,T2,WB-WDI-2024
Bahrain,2013,unemployment_rate,1.184,percent,T2,WB-WDI-2024
Bahrain,2014,unemployment_rate,1.144,percent,T2,WB-WDI-2024
Bahrain,2015,unemployment_rate,1.164,percent,T2,WB-WDI-2024
Bahrain,2016,unemployment_rate,1.190,percent,T2,WB-WDI-2024
Bahrain,2017,unemployment_rate,1.180,percent,T2,WB-WDI-2024
Bahrain,2018,unemployment_rate,1.188,percent,T2,WB-WDI-2024
Bahrain,2019,unemployment_rate,1.217,percent,T2,WB-WDI-2024
Bahrain,2020,unemployment_rate,1.765,percent,T2,WB-WDI-2024
Bahrain,2021,unemployment_rate,1.548,percent,T2,WB-WDI-2024
Bahrain,2022,unemployment_rate,1.265,percent,T2,WB-WDI-2024
Bahrain,2023,unemployment_rate,1.049,percent,T2,WB-WDI-2024
Bahrain,2024,unemployment_rate,1.084,percent,T2,WB-WDI-2024
China,1979,gas_production,14,billion_cubic_meters_per_year,T1,EI-2024
China,1980,gas_production,14,billion_cubic_meters_per_year,T1,EI-2024
China,1981,gas_production,13,billion_cubic_meters_per_year,T1,EI-2024
China,1982,gas_production,12,billion_cubic_meters_per_year,T1,EI-2024
China,1983,gas_production,12,billion_cubic_meters_per_year,T1,EI-2024
China,1984,gas_production,12,billion_cubic_meters_per_year,T1,EI-2024
China,1985,gas_production,13,billion_cubic_meters_per_year,T1,EI-2024
China,1986,gas_production,14,billion_cubic_meters_per_year,T1,EI-2024
China,1987,gas_production,14,billion_cubic_meters_per_year,T1,EI-2024
China,1988,gas_production,14,billion_cubic_meters_per_year,T1,EI-2024
China,1989,gas_production,15,billion_cubic_meters_per_year,T1,EI-2024
China,1990,gas_production,15,billion_cubic_meters_per_year,T1,EI-2024
China,1991,gas_production,16,billion_cubic_meters_per_year,T1,EI-2024
China,1992,gas_production,16,billion_cubic_meters_per_year,T1,EI-2024
China,1993,gas_production,17,billion_cubic_meters_per_year,T1,EI-2024
China,1994,gas_production,18,billion_cubic_meters_per_year,T1,EI-2024
China,1995,gas_production,18,billion_cubic_meters_per_year,T1,EI-2024
China,1996,gas_production,20,billion_cubic_meters_per_year,T1,EI-2024
China,1997,gas_production,23,billion_cubic_meters_per_year,T1,EI-2024
China,1998,gas_production,23,billion_cubic_meters_per_year,T1,EI-2024
China,1999,gas_production,25,billion_cubic_meters_per_year,T1,EI-2024
China,2000,gas_production,27,billion_cubic_meters_per_year,T1,EI-2024
China,2001,gas_production,30,billion_cubic_meters_per_year,T1,EI-2024
China,2002,gas_production,33,billion_cubic_meters_per_year,T1,EI-2024
China,2003,gas_production,35,billion_cubic_meters_per_year,T1,EI-2024
China,2004,gas_production,41,billion_cubic_meters_per_year,T1,EI-2024
China,2005,gas_production,50,billion_cubic_meters_per_year,T1,EI-2024
China,2006,gas_production,59,billion_cubic_meters_per_year,T1,EI-2024
China,2007,gas_production,69,billion_cubic_meters_per_year,T1,EI-2024
China,2008,gas_production,80,billion_cubic_meters_per_year,T1,EI-2024
China,2009,gas_production,86,billion_cubic_meters_per_year,T1,EI-2024
China,2010,gas_production,95,billion_cubic_meters_per_year,T1,EI-2024
China,2011,gas_production,103,billion_cubic_meters_per_year,T1,EI-2024
China,2012,gas_production,109,billion_cubic_meters_per_year,T1,EI-2024
China,2013,gas_production,121,billion_cubic_meters_per_year,T1,EI-2024
China,2014,gas_production,131,billion_cubic_meters_per_year,T1,EI-2024
China,2015,gas_production,136,billion_cubic_meters_per_year,T1,EI-2024
China,2016,gas_production,137,billion_cubic_meters_per_year,T1,EI-2024
China,2017,gas_production,149,billion_cubic_meters_per_year,T1,EI-2024
China,2018,gas_production,161,billion_cubic_meters_per_year,T1,EI-2024
China,2019,gas_production,178,billion_cubic_meters_per_year,T1,EI-2024
China,2020,gas_production,194,billion_cubic_meters_per_year,T1,EI-2024
China,2021,gas_production,209,billion_cubic_meters_per_year,T1,EI-2024
China,2022,gas_production,222,billion_cubic_meters_per_year,T1,EI-2024
China,2023,gas_production,234,billion_cubic_meters_per_year,T1,EI-2024
China,2024,gas_production,245,billion_cubic_meters_per_year,T1,EI-2024
China,2025,gas_production,255,billion_cubic_meters_per_year,T2,EIA-STEO-2026
China,2026,gas_production,265,billion_cubic_meters_per_year,T2,EIA-STEO-2026
China,1979,gdp_nominal_usd,178573913043.48,USD_current,T2,WB-WDI-2024
China,1980,gdp_nominal_usd,191487500000.00,USD_current,T2,WB-WDI-2024
China,1981,gdp_nominal_usd,196218253968.25,USD_current,T2,WB-WDI-2024
China,1982,gdp_nominal_usd,205480916030.53,USD_current,T2,WB-WDI-2024
China,1983,gdp_nominal_usd,231130268199.23,USD_current,T2,WB-WDI-2024
China,1984,gdp_nominal_usd,260442857142.86,USD_current,T2,WB-WDI-2024
China,1985,gdp_nominal_usd,310064625850.34,USD_current,T2,WB-WDI-2024
China,1986,gdp_nominal_usd,301310144927.54,USD_current,T2,WB-WDI-2024
China,1987,gdp_nominal_usd,273455156950.67,USD_current,T2,WB-WDI-2024
China,1988,gdp_nominal_usd,312888888888.89,USD_current,T2,WB-WDI-2024
China,1989,gdp_nominal_usd,348380566801.62,USD_current,T2,WB-WDI-2024
China,1990,gdp_nominal_usd,361560229445.51,USD_current,T2,WB-WDI-2024
China,1991,gdp_nominal_usd,384510452961.67,USD_current,T2,WB-WDI-2024
China,1992,gdp_nominal_usd,428502354788.07,USD_current,T2,WB-WDI-2024
China,1993,gdp_nominal_usd,446557291212.15,USD_current,T2,WB-WDI-2024
China,1994,gdp_nominal_usd,566929539493.17,USD_current,T2,WB-WDI-2024
China,1995,gdp_nominal_usd,738190896227.55,USD_current,T2,WB-WDI-2024
China,1996,gdp_nominal_usd,868523936530.08,USD_current,T2,WB-WDI-2024
China,1997,gdp_nominal_usd,967753570434.67,USD_current,T2,WB-WDI-2024
China,1998,gdp_nominal_usd,1037134141760.35,USD_current,T2,WB-WDI-2024
China,1999,gdp_nominal_usd,1103843203575.64,USD_current,T2,WB-WDI-2024
China,2000,gdp_nominal_usd,1223754919971.05,USD_current,T2,WB-WDI-2024
China,2001,gdp_nominal_usd,1355036590251.52,USD_current,T2,WB-WDI-2024
China,2002,gdp_nominal_usd,1489821682050.54,USD_current,T2,WB-WDI-2024
China,2003,gdp_nominal_usd,1683903309843.85,USD_current,T2,WB-WDI-2024
China,2004,gdp_nominal_usd,1984196551300.44,USD_current,T2,WB-WDI-2024
China,2005,gdp_nominal_usd,2317551298052.05,USD_current,T2,WB-WDI-2024
China,2006,gdp_nominal_usd,2791498472804.33,USD_current,T2,WB-WDI-2024
China,2007,gdp_nominal_usd,3604055822571.63,USD_current,T2,WB-WDI-2024
China,2008,gdp_nominal_usd,4667346414521.95,USD_current,T2,WB-WDI-2024
China,2009,gdp_nominal_usd,5189577094997.58,USD_current,T2,WB-WDI-2024
China,2010,gdp_nominal_usd,6192564874453.29,USD_current,T2,WB-WDI-2024
China,2011,gdp_nominal_usd,7671757207851.29,USD_current,T2,WB-WDI-2024
China,2012,gdp_nominal_usd,8673664713189.24,USD_current,T2,WB-WDI-2024
China,2013,gdp_nominal_usd,9743124247267.24,USD_current,T2,WB-WDI-2024
China,2014,gdp_nominal_usd,10674533168257.40,USD_current,T2,WB-WDI-2024
China,2015,gdp_nominal_usd,11280814787468.90,USD_current,T2,WB-WDI-2024
China,2016,gdp_nominal_usd,11456024084962.00,USD_current,T2,WB-WDI-2024
China,2017,gdp_nominal_usd,12537559062282.90,USD_current,T2,WB-WDI-2024
China,2018,gdp_nominal_usd,14147765772963.80,USD_current,T2,WB-WDI-2024
China,2019,gdp_nominal_usd,14560167101283.40,USD_current,T2,WB-WDI-2024
China,2020,gdp_nominal_usd,14996414166715.10,USD_current,T2,WB-WDI-2024
China,2021,gdp_nominal_usd,18201698719564.00,USD_current,T2,WB-WDI-2024
China,2022,gdp_nominal_usd,18316765021690.20,USD_current,T2,WB-WDI-2024
China,2023,gdp_nominal_usd,18270356654533.20,USD_current,T2,WB-WDI-2024
China,2024,gdp_nominal_usd,18743803170827.20,USD_current,T2,WB-WDI-2024
China,1990,gdp_per_capita_ppp,990.78,USD_PPP_current_intl,T2,WB-WDI-2024
China,1991,gdp_per_capita_ppp,1104.99,USD_PPP_current_intl,T2,WB-WDI-2024
China,1992,gdp_per_capita_ppp,1276.05,USD_PPP_current_intl,T2,WB-WDI-2024
China,1993,gdp_per_capita_ppp,1471.24,USD_PPP_current_intl,T2,WB-WDI-2024
China,1994,gdp_per_capita_ppp,1679.99,USD_PPP_current_intl,T2,WB-WDI-2024
China,1995,gdp_per_capita_ppp,1883.88,USD_PPP_current_intl,T2,WB-WDI-2024
China,1996,gdp_per_capita_ppp,2087.75,USD_PPP_current_intl,T2,WB-WDI-2024
China,1997,gdp_per_capita_ppp,2297.36,USD_PPP_current_intl,T2,WB-WDI-2024
China,1998,gdp_per_capita_ppp,2483.25,USD_PPP_current_intl,T2,WB-WDI-2024
China,1999,gdp_per_capita_ppp,2689.85,USD_PPP_current_intl,T2,WB-WDI-2024
China,2000,gdp_per_capita_ppp,2963.53,USD_PPP_current_intl,T2,WB-WDI-2024
China,2001,gdp_per_capita_ppp,3258.40,USD_PPP_current_intl,T2,WB-WDI-2024
China,2002,gdp_per_capita_ppp,3590.77,USD_PPP_current_intl,T2,WB-WDI-2024
China,2003,gdp_per_capita_ppp,4007.12,USD_PPP_current_intl,T2,WB-WDI-2024
China,2004,gdp_per_capita_ppp,4504.93,USD_PPP_current_intl,T2,WB-WDI-2024
China,2005,gdp_per_capita_ppp,5148.18,USD_PPP_current_intl,T2,WB-WDI-2024
China,2006,gdp_per_capita_ppp,5946.29,USD_PPP_current_intl,T2,WB-WDI-2024
China,2007,gdp_per_capita_ppp,6935.27,USD_PPP_current_intl,T2,WB-WDI-2024
China,2008,gdp_per_capita_ppp,7712.85,USD_PPP_current_intl,T2,WB-WDI-2024
China,2009,gdp_per_capita_ppp,8447.98,USD_PPP_current_intl,T2,WB-WDI-2024
China,2010,gdp_per_capita_ppp,9411.14,USD_PPP_current_intl,T2,WB-WDI-2024
China,2011,gdp_per_capita_ppp,10456.79,USD_PPP_current_intl,T2,WB-WDI-2024
China,2012,gdp_per_capita_ppp,11420.25,USD_PPP_current_intl,T2,WB-WDI-2024
China,2013,gdp_per_capita_ppp,12228.37,USD_PPP_current_intl,T2,WB-WDI-2024
China,2014,gdp_per_capita_ppp,12941.60,USD_PPP_current_intl,T2,WB-WDI-2024
China,2015,gdp_per_capita_ppp,13463.33,USD_PPP_current_intl,T2,WB-WDI-2024
China,2016,gdp_per_capita_ppp,14157.25,USD_PPP_current_intl,T2,WB-WDI-2024
China,2017,gdp_per_capita_ppp,15022.44,USD_PPP_current_intl,T2,WB-WDI-2024
China,2018,gdp_per_capita_ppp,16298.21,USD_PPP_current_intl,T2,WB-WDI-2024
China,2019,gdp_per_capita_ppp,17600.89,USD_PPP_current_intl,T2,WB-WDI-2024
China,2020,gdp_per_capita_ppp,18267.48,USD_PPP_current_intl,T2,WB-WDI-2024
China,2021,gdp_per_capita_ppp,20843.30,USD_PPP_current_intl,T2,WB-WDI-2024
China,2022,gdp_per_capita_ppp,23032.18,USD_PPP_current_intl,T2,WB-WDI-2024
China,2023,gdp_per_capita_ppp,25179.12,USD_PPP_current_intl,T2,WB-WDI-2024
China,2024,gdp_per_capita_ppp,27104.87,USD_PPP_current_intl,T2,WB-WDI-2024
China,1979,gdp_per_capita_usd,184.29,USD_current,T2,WB-WDI-2024
China,1980,gdp_per_capita_usd,195.15,USD_current,T2,WB-WDI-2024
China,1981,gdp_per_capita_usd,197.43,USD_current,T2,WB-WDI-2024
China,1982,gdp_per_capita_usd,203.72,USD_current,T2,WB-WDI-2024
China,1983,gdp_per_capita_usd,225.87,USD_current,T2,WB-WDI-2024
China,1984,gdp_per_capita_usd,251.19,USD_current,T2,WB-WDI-2024
China,1985,gdp_per_capita_usd,295.01,USD_current,T2,WB-WDI-2024
China,1986,gdp_per_capita_usd,282.45,USD_current,T2,WB-WDI-2024
China,1987,gdp_per_capita_usd,252.26,USD_current,T2,WB-WDI-2024
China,1988,gdp_per_capita_usd,284.02,USD_current,T2,WB-WDI-2024
China,1989,gdp_per_capita_usd,311.43,USD_current,T2,WB-WDI-2024
China,1990,gdp_per_capita_usd,318.50,USD_current,T2,WB-WDI-2024
China,1991,gdp_per_capita_usd,334.13,USD_current,T2,WB-WDI-2024
China,1992,gdp_per_capita_usd,367.82,USD_current,T2,WB-WDI-2024
China,1993,gdp_per_capita_usd,378.94,USD_current,T2,WB-WDI-2024
China,1994,gdp_per_capita_usd,475.68,USD_current,T2,WB-WDI-2024
China,1995,gdp_per_capita_usd,612.68,USD_current,T2,WB-WDI-2024
China,1996,gdp_per_capita_usd,713.34,USD_current,T2,WB-WDI-2024
China,1997,gdp_per_capita_usd,786.74,USD_current,T2,WB-WDI-2024
China,1998,gdp_per_capita_usd,835.10,USD_current,T2,WB-WDI-2024
China,1999,gdp_per_capita_usd,881.15,USD_current,T2,WB-WDI-2024
China,2000,gdp_per_capita_usd,969.20,USD_current,T2,WB-WDI-2024
China,2001,gdp_per_capita_usd,1065.41,USD_current,T2,WB-WDI-2024
China,2002,gdp_per_capita_usd,1163.56,USD_current,T2,WB-WDI-2024
China,2003,gdp_per_capita_usd,1306.97,USD_current,T2,WB-WDI-2024
China,2004,gdp_per_capita_usd,1530.93,USD_current,T2,WB-WDI-2024
China,2005,gdp_per_capita_usd,1777.64,USD_current,T2,WB-WDI-2024
China,2006,gdp_per_capita_usd,2129.26,USD_current,T2,WB-WDI-2024
China,2007,gdp_per_capita_usd,2734.73,USD_current,T2,WB-WDI-2024
China,2008,gdp_per_capita_usd,3523.44,USD_current,T2,WB-WDI-2024
China,2009,gdp_per_capita_usd,3898.24,USD_current,T2,WB-WDI-2024
China,2010,gdp_per_capita_usd,4629.25,USD_current,T2,WB-WDI-2024
China,2011,gdp_per_capita_usd,5703.76,USD_current,T2,WB-WDI-2024
China,2012,gdp_per_capita_usd,6405.06,USD_current,T2,WB-WDI-2024
China,2013,gdp_per_capita_usd,7147.04,USD_current,T2,WB-WDI-2024
China,2014,gdp_per_capita_usd,7781.07,USD_current,T2,WB-WDI-2024
China,2015,gdp_per_capita_usd,8175.33,USD_current,T2,WB-WDI-2024
China,2016,gdp_per_capita_usd,8254.87,USD_current,T2,WB-WDI-2024
China,2017,gdp_per_capita_usd,8979.68,USD_current,T2,WB-WDI-2024
China,2018,gdp_per_capita_usd,10085.66,USD_current,T2,WB-WDI-2024
China,2019,gdp_per_capita_usd,10342.90,USD_current,T2,WB-WDI-2024
China,2020,gdp_per_capita_usd,10627.46,USD_current,T2,WB-WDI-2024
China,2021,gdp_per_capita_usd,12887.44,USD_current,T2,WB-WDI-2024
China,2022,gdp_per_capita_usd,12970.61,USD_current,T2,WB-WDI-2024
China,2023,gdp_per_capita_usd,12951.18,USD_current,T2,WB-WDI-2024
China,2024,gdp_per_capita_usd,13303.15,USD_current,T2,WB-WDI-2024
China,1989,military_spending_pct_gdp,2.447,percent,T2,SIPRI-MILEX-2024
China,1990,military_spending_pct_gdp,2.454,percent,T2,SIPRI-MILEX-2024
China,1991,military_spending_pct_gdp,2.311,percent,T2,SIPRI-MILEX-2024
China,1992,military_spending_pct_gdp,2.474,percent,T2,SIPRI-MILEX-2024
China,1993,military_spending_pct_gdp,1.988,percent,T2,SIPRI-MILEX-2024
China,1994,military_spending_pct_gdp,1.740,percent,T2,SIPRI-MILEX-2024
China,1995,military_spending_pct_gdp,1.678,percent,T2,SIPRI-MILEX-2024
China,1996,military_spending_pct_gdp,1.644,percent,T2,SIPRI-MILEX-2024
China,1997,military_spending_pct_gdp,1.622,percent,T2,SIPRI-MILEX-2024
China,1998,military_spending_pct_gdp,1.642,percent,T2,SIPRI-MILEX-2024
China,1999,military_spending_pct_gdp,1.855,percent,T2,SIPRI-MILEX-2024
China,2000,military_spending_pct_gdp,1.817,percent,T2,SIPRI-MILEX-2024
China,2001,military_spending_pct_gdp,1.960,percent,T2,SIPRI-MILEX-2024
China,2002,military_spending_pct_gdp,2.033,percent,T2,SIPRI-MILEX-2024
China,2003,military_spending_pct_gdp,1.968,percent,T2,SIPRI-MILEX-2024
China,2004,military_spending_pct_gdp,1.910,percent,T2,SIPRI-MILEX-2024
China,2005,military_spending_pct_gdp,1.846,percent,T2,SIPRI-MILEX-2024
China,2006,military_spending_pct_gdp,1.843,percent,T2,SIPRI-MILEX-2024
China,2007,military_spending_pct_gdp,1.724,percent,T2,SIPRI-MILEX-2024
China,2008,military_spending_pct_gdp,1.689,percent,T2,SIPRI-MILEX-2024
China,2009,military_spending_pct_gdp,1.861,percent,T2,SIPRI-MILEX-2024
China,2010,military_spending_pct_gdp,1.704,percent,T2,SIPRI-MILEX-2024
China,2011,military_spending_pct_gdp,1.633,percent,T2,SIPRI-MILEX-2024
China,2012,military_spending_pct_gdp,1.673,percent,T2,SIPRI-MILEX-2024
China,2013,military_spending_pct_gdp,1.684,percent,T2,SIPRI-MILEX-2024
China,2014,military_spending_pct_gdp,1.706,percent,T2,SIPRI-MILEX-2024
China,2015,military_spending_pct_gdp,1.742,percent,T2,SIPRI-MILEX-2024
China,2016,military_spending_pct_gdp,1.734,percent,T2,SIPRI-MILEX-2024
China,2017,military_spending_pct_gdp,1.680,percent,T2,SIPRI-MILEX-2024
China,2018,military_spending_pct_gdp,1.644,percent,T2,SIPRI-MILEX-2024
China,2019,military_spending_pct_gdp,1.651,percent,T2,SIPRI-MILEX-2024
China,2020,military_spending_pct_gdp,1.721,percent,T2,SIPRI-MILEX-2024
China,2021,military_spending_pct_gdp,1.572,percent,T2,SIPRI-MILEX-2024
China,2022,military_spending_pct_gdp,1.592,percent,T2,SIPRI-MILEX-2024
China,2023,military_spending_pct_gdp,1.622,percent,T2,SIPRI-MILEX-2024
China,2024,military_spending_pct_gdp,1.664,percent,T2,SIPRI-MILEX-2024
China,2025,military_spending_pct_gdp,1.725,percent,T2,SIPRI-MILEX-2024
China,1989,military_spending_usd,11251332630.39,USD_current,T2,SIPRI-MILEX-2024
China,1990,military_spending_usd,9926349250.82,USD_current,T2,SIPRI-MILEX-2024
China,1991,military_spending_usd,9802375366.07,USD_current,T2,SIPRI-MILEX-2024
China,1992,military_spending_usd,12244267842.21,USD_current,T2,SIPRI-MILEX-2024
China,1993,military_spending_usd,12360225860.64,USD_current,T2,SIPRI-MILEX-2024
China,1994,military_spending_usd,9867120066.27,USD_current,T2,SIPRI-MILEX-2024
China,1995,military_spending_usd,12385129474.99,USD_current,T2,SIPRI-MILEX-2024
China,1996,military_spending_usd,14275400819.97,USD_current,T2,SIPRI-MILEX-2024
China,1997,military_spending_usd,15699586768.58,USD_current,T2,SIPRI-MILEX-2024
China,1998,military_spending_usd,17031780199.69,USD_current,T2,SIPRI-MILEX-2024
China,1999,military_spending_usd,20473915094.77,USD_current,T2,SIPRI-MILEX-2024
China,2000,military_spending_usd,22237140151.21,USD_current,T2,SIPRI-MILEX-2024
China,2001,military_spending_usd,26561462998.29,USD_current,T2,SIPRI-MILEX-2024
China,2002,military_spending_usd,30284127410.00,USD_current,T2,SIPRI-MILEX-2024
China,2003,military_spending_usd,33144000481.45,USD_current,T2,SIPRI-MILEX-2024
China,2004,military_spending_usd,37904571827.00,USD_current,T2,SIPRI-MILEX-2024
China,2005,military_spending_usd,42789953650.90,USD_current,T2,SIPRI-MILEX-2024
China,2006,military_spending_usd,51453373233.85,USD_current,T2,SIPRI-MILEX-2024
China,2007,military_spending_usd,62136590754.59,USD_current,T2,SIPRI-MILEX-2024
China,2008,military_spending_usd,78840802819.86,USD_current,T2,SIPRI-MILEX-2024
China,2009,military_spending_usd,96601666752.95,USD_current,T2,SIPRI-MILEX-2024
China,2010,military_spending_usd,105522648101.84,USD_current,T2,SIPRI-MILEX-2024
China,2011,military_spending_usd,125286373164.01,USD_current,T2,SIPRI-MILEX-2024
China,2012,military_spending_usd,145127609596.21,USD_current,T2,SIPRI-MILEX-2024
China,2013,military_spending_usd,164070469321.74,USD_current,T2,SIPRI-MILEX-2024
China,2014,military_spending_usd,182109204619.08,USD_current,T2,SIPRI-MILEX-2024
China,2015,military_spending_usd,196538827230.79,USD_current,T2,SIPRI-MILEX-2024
China,2016,military_spending_usd,198704569481.59,USD_current,T2,SIPRI-MILEX-2024
China,2017,military_spending_usd,210662387712.34,USD_current,T2,SIPRI-MILEX-2024
China,2018,military_spending_usd,232542136545.42,USD_current,T2,SIPRI-MILEX-2024
China,2019,military_spending_usd,240319161528.89,USD_current,T2,SIPRI-MILEX-2024
China,2020,military_spending_usd,258019513365.41,USD_current,T2,SIPRI-MILEX-2024
China,2021,military_spending_usd,286064630570.98,USD_current,T2,SIPRI-MILEX-2024
China,2022,military_spending_usd,291568533678.95,USD_current,T2,SIPRI-MILEX-2024
China,2023,military_spending_usd,296256209139.08,USD_current,T2,SIPRI-MILEX-2024
China,2024,military_spending_usd,311900350600.82,USD_current,T2,SIPRI-MILEX-2024
China,2025,military_spending_usd,335524155624.44,USD_current,T2,SIPRI-MILEX-2024
China,1979,oil_production,766.5,million_barrels_per_year,T1,EI-2024
China,1980,oil_production,768.6,million_barrels_per_year,T1,EI-2024
China,1981,oil_production,730.0,million_barrels_per_year,T1,EI-2024
China,1982,oil_production,766.5,million_barrels_per_year,T1,EI-2024
China,1983,oil_production,766.5,million_barrels_per_year,T1,EI-2024
China,1984,oil_production,841.8,million_barrels_per_year,T1,EI-2024
China,1985,oil_production,912.5,million_barrels_per_year,T1,EI-2024
China,1986,oil_production,949.0,million_barrels_per_year,T1,EI-2024
China,1987,oil_production,985.5,million_barrels_per_year,T1,EI-2024
China,1988,oil_production,988.2,million_barrels_per_year,T1,EI-2024
China,1989,oil_production,1022.0,million_barrels_per_year,T1,EI-2024
China,1990,oil_production,1022.0,million_barrels_per_year,T1,EI-2024
China,1991,oil_production,1022.0,million_barrels_per_year,T1,EI-2024
China,1992,oil_production,1024.8,million_barrels_per_year,T1,EI-2024
China,1993,oil_production,1058.5,million_barrels_per_year,T1,EI-2024
China,1994,oil_production,1058.5,million_barrels_per_year,T1,EI-2024
China,1995,oil_production,1095.0,million_barrels_per_year,T1,EI-2024
China,1996,oil_production,1134.6,million_barrels_per_year,T1,EI-2024
China,1997,oil_production,1168.0,million_barrels_per_year,T1,EI-2024
China,1998,oil_production,1168.0,million_barrels_per_year,T1,EI-2024
China,1999,oil_production,1168.0,million_barrels_per_year,T1,EI-2024
China,2000,oil_production,1171.2,million_barrels_per_year,T1,EI-2024
China,2001,oil_production,1204.5,million_barrels_per_year,T1,EI-2024
China,2002,oil_production,1204.5,million_barrels_per_year,T1,EI-2024
China,2003,oil_production,1241.0,million_barrels_per_year,T1,EI-2024
China,2004,oil_production,1281.0,million_barrels_per_year,T1,EI-2024
China,2005,oil_production,1314.0,million_barrels_per_year,T1,EI-2024
China,2006,oil_production,1350.5,million_barrels_per_year,T1,EI-2024
China,2007,oil_production,1350.5,million_barrels_per_year,T1,EI-2024
China,2008,oil_production,1390.8,million_barrels_per_year,T1,EI-2024
China,2009,oil_production,1387.0,million_barrels_per_year,T1,EI-2024
China,2010,oil_production,1496.5,million_barrels_per_year,T1,EI-2024
China,2011,oil_production,1496.5,million_barrels_per_year,T1,EI-2024
China,2012,oil_production,1537.2,million_barrels_per_year,T1,EI-2024
China,2013,oil_production,1533.0,million_barrels_per_year,T1,EI-2024
China,2014,oil_production,1533.0,million_barrels_per_year,T1,EI-2024
China,2015,oil_production,1569.5,million_barrels_per_year,T1,EI-2024
China,2016,oil_production,1464.0,million_barrels_per_year,T1,EI-2024
China,2017,oil_production,1387.0,million_barrels_per_year,T1,EI-2024
China,2018,oil_production,1387.0,million_barrels_per_year,T1,EI-2024
China,2019,oil_production,1387.0,million_barrels_per_year,T1,EI-2024
China,2020,oil_production,1427.4,million_barrels_per_year,T1,EI-2024
China,2021,oil_production,1460.0,million_barrels_per_year,T1,EI-2024
China,2022,oil_production,1496.5,million_barrels_per_year,T1,EI-2024
China,2023,oil_production,1533.0,million_barrels_per_year,T1,EI-2024
China,2024,oil_production,1537.2,million_barrels_per_year,T1,EI-2024
China,2025,oil_production,1533.0,million_barrels_per_year,T2,EIA-STEO-2026
China,2026,oil_production,1533.0,million_barrels_per_year,T2,EIA-STEO-2026
China,1979,oil_rents_pct_gdp,11.601,percent,T2,WB-WDI-2024
China,1980,oil_rents_pct_gdp,12.280,percent,T2,WB-WDI-2024
China,1981,oil_rents_pct_gdp,9.412,percent,T2,WB-WDI-2024
China,1982,oil_rents_pct_gdp,6.064,percent,T2,WB-WDI-2024
China,1983,oil_rents_pct_gdp,6.548,percent,T2,WB-WDI-2024
China,1984,oil_rents_pct_gdp,6.223,percent,T2,WB-WDI-2024
China,1985,oil_rents_pct_gdp,5.605,percent,T2,WB-WDI-2024
China,1986,oil_rents_pct_gdp,2.847,percent,T2,WB-WDI-2024
China,1987,oil_rents_pct_gdp,4.782,percent,T2,WB-WDI-2024
China,1988,oil_rents_pct_gdp,3.190,percent,T2,WB-WDI-2024
China,1989,oil_rents_pct_gdp,4.160,percent,T2,WB-WDI-2024
China,1990,oil_rents_pct_gdp,5.544,percent,T2,WB-WDI-2024
China,1991,oil_rents_pct_gdp,3.027,percent,T2,WB-WDI-2024
China,1992,oil_rents_pct_gdp,2.960,percent,T2,WB-WDI-2024
China,1993,oil_rents_pct_gdp,2.811,percent,T2,WB-WDI-2024
China,1994,oil_rents_pct_gdp,1.916,percent,T2,WB-WDI-2024
China,1995,oil_rents_pct_gdp,1.623,percent,T2,WB-WDI-2024
China,1996,oil_rents_pct_gdp,1.842,percent,T2,WB-WDI-2024
China,1997,oil_rents_pct_gdp,1.443,percent,T2,WB-WDI-2024
China,1998,oil_rents_pct_gdp,0.635,percent,T2,WB-WDI-2024
China,1999,oil_rents_pct_gdp,1.087,percent,T2,WB-WDI-2024
China,2000,oil_rents_pct_gdp,2.039,percent,T2,WB-WDI-2024
China,2001,oil_rents_pct_gdp,1.321,percent,T2,WB-WDI-2024
China,2002,oil_rents_pct_gdp,1.244,percent,T2,WB-WDI-2024
China,2003,oil_rents_pct_gdp,1.286,percent,T2,WB-WDI-2024
China,2004,oil_rents_pct_gdp,1.635,percent,T2,WB-WDI-2024
China,2005,oil_rents_pct_gdp,2.231,percent,T2,WB-WDI-2024
China,2006,oil_rents_pct_gdp,2.226,percent,T2,WB-WDI-2024
China,2007,oil_rents_pct_gdp,1.760,percent,T2,WB-WDI-2024
China,2008,oil_rents_pct_gdp,1.990,percent,T2,WB-WDI-2024
China,2009,oil_rents_pct_gdp,0.899,percent,T2,WB-WDI-2024
China,2010,oil_rents_pct_gdp,1.223,percent,T2,WB-WDI-2024
China,2011,oil_rents_pct_gdp,1.545,percent,T2,WB-WDI-2024
China,2012,oil_rents_pct_gdp,1.283,percent,T2,WB-WDI-2024
China,2013,oil_rents_pct_gdp,1.076,percent,T2,WB-WDI-2024
China,2014,oil_rents_pct_gdp,0.888,percent,T2,WB-WDI-2024
China,2015,oil_rents_pct_gdp,0.335,percent,T2,WB-WDI-2024
China,2016,oil_rents_pct_gdp,0.246,percent,T2,WB-WDI-2024
China,2017,oil_rents_pct_gdp,0.314,percent,T2,WB-WDI-2024
China,2018,oil_rents_pct_gdp,0.413,percent,T2,WB-WDI-2024
China,2019,oil_rents_pct_gdp,0.298,percent,T2,WB-WDI-2024
China,2020,oil_rents_pct_gdp,0.114,percent,T2,WB-WDI-2024
China,2021,oil_rents_pct_gdp,0.309,percent,T2,WB-WDI-2024
China,1979,population,969005000,persons,T2,WB-WDI-2024
China,1980,population,981235000,persons,T2,WB-WDI-2024
China,1981,population,993885000,persons,T2,WB-WDI-2024
China,1982,population,1008630000,persons,T2,WB-WDI-2024
China,1983,population,1023310000,persons,T2,WB-WDI-2024
China,1984,population,1036825000,persons,T2,WB-WDI-2024
China,1985,population,1051040000,persons,T2,WB-WDI-2024
China,1986,population,1066790000,persons,T2,WB-WDI-2024
China,1987,population,1084035000,persons,T2,WB-WDI-2024
China,1988,population,1101630000,persons,T2,WB-WDI-2024
China,1989,population,1118650000,persons,T2,WB-WDI-2024
China,1990,population,1135185000,persons,T2,WB-WDI-2024
China,1991,population,1150780000,persons,T2,WB-WDI-2024
China,1992,population,1164970000,persons,T2,WB-WDI-2024
China,1993,population,1178440000,persons,T2,WB-WDI-2024
China,1994,population,1191835000,persons,T2,WB-WDI-2024
China,1995,population,1204855000,persons,T2,WB-WDI-2024
China,1996,population,1217550000,persons,T2,WB-WDI-2024
China,1997,population,1230075000,persons,T2,WB-WDI-2024
China,1998,population,1241935000,persons,T2,WB-WDI-2024
China,1999,population,1252735000,persons,T2,WB-WDI-2024
China,2000,population,1262645000,persons,T2,WB-WDI-2024
China,2001,population,1271850000,persons,T2,WB-WDI-2024
China,2002,population,1280400000,persons,T2,WB-WDI-2024
China,2003,population,1288400000,persons,T2,WB-WDI-2024
China,2004,population,1296075000,persons,T2,WB-WDI-2024
China,2005,population,1303720000,persons,T2,WB-WDI-2024
China,2006,population,1311020000,persons,T2,WB-WDI-2024
China,2007,population,1317885000,persons,T2,WB-WDI-2024
China,2008,population,1324655000,persons,T2,WB-WDI-2024
China,2009,population,1331260000,persons,T2,WB-WDI-2024
China,2010,population,1337705000,persons,T2,WB-WDI-2024
China,2011,population,1345035000,persons,T2,WB-WDI-2024
China,2012,population,1354190000,persons,T2,WB-WDI-2024
China,2013,population,1363240000,persons,T2,WB-WDI-2024
China,2014,population,1371860000,persons,T2,WB-WDI-2024
China,2015,population,1379860000,persons,T2,WB-WDI-2024
China,2016,population,1387790000,persons,T2,WB-WDI-2024
China,2017,population,1396215000,persons,T2,WB-WDI-2024
China,2018,population,1402760000,persons,T2,WB-WDI-2024
China,2019,population,1407745000,persons,T2,WB-WDI-2024
China,2020,population,1411100000,persons,T2,WB-WDI-2024
China,2021,population,1412360000,persons,T2,WB-WDI-2024
China,2022,population,1412175000,persons,T2,WB-WDI-2024
China,2023,population,1410710000,persons,T2,WB-WDI-2024
China,2024,population,1408975000,persons,T2,WB-WDI-2024
China,1979,trade_pct_gdp,16.519,percent,T2,WB-WDI-2024
China,1980,trade_pct_gdp,21.541,percent,T2,WB-WDI-2024
China,1981,trade_pct_gdp,23.744,percent,T2,WB-WDI-2024
China,1982,trade_pct_gdp,19.655,percent,T2,WB-WDI-2024
China,1983,trade_pct_gdp,17.887,percent,T2,WB-WDI-2024
China,1984,trade_pct_gdp,18.996,percent,T2,WB-WDI-2024
China,1985,trade_pct_gdp,20.674,percent,T2,WB-WDI-2024
China,1986,trade_pct_gdp,19.845,percent,T2,WB-WDI-2024
China,1987,trade_pct_gdp,24.814,percent,T2,WB-WDI-2024
China,1988,trade_pct_gdp,30.013,percent,T2,WB-WDI-2024
China,1989,trade_pct_gdp,25.062,percent,T2,WB-WDI-2024
China,1990,trade_pct_gdp,24.226,percent,T2,WB-WDI-2024
China,1991,trade_pct_gdp,25.873,percent,T2,WB-WDI-2024
China,1992,trade_pct_gdp,30.034,percent,T2,WB-WDI-2024
China,1993,trade_pct_gdp,35.909,percent,T2,WB-WDI-2024
China,1994,trade_pct_gdp,35.605,percent,T2,WB-WDI-2024
China,1995,trade_pct_gdp,34.105,percent,T2,WB-WDI-2024
China,1996,trade_pct_gdp,33.629,percent,T2,WB-WDI-2024
China,1997,trade_pct_gdp,34.314,percent,T2,WB-WDI-2024
China,1998,trade_pct_gdp,32.172,percent,T2,WB-WDI-2024
China,1999,trade_pct_gdp,33.226,percent,T2,WB-WDI-2024
China,2000,trade_pct_gdp,39.011,percent,T2,WB-WDI-2024
China,2001,trade_pct_gdp,38.083,percent,T2,WB-WDI-2024
China,2002,trade_pct_gdp,42.194,percent,T2,WB-WDI-2024
China,2003,trade_pct_gdp,51.077,percent,T2,WB-WDI-2024
China,2004,trade_pct_gdp,58.640,percent,T2,WB-WDI-2024
China,2005,trade_pct_gdp,61.360,percent,T2,WB-WDI-2024
China,2006,trade_pct_gdp,63.570,percent,T2,WB-WDI-2024
China,2007,trade_pct_gdp,61.266,percent,T2,WB-WDI-2024
China,2008,trade_pct_gdp,56.711,percent,T2,WB-WDI-2024
China,2009,trade_pct_gdp,44.420,percent,T2,WB-WDI-2024
China,2010,trade_pct_gdp,49.854,percent,T2,WB-WDI-2024
China,2011,trade_pct_gdp,49.946,percent,T2,WB-WDI-2024
China,2012,trade_pct_gdp,47.480,percent,T2,WB-WDI-2024
China,2013,trade_pct_gdp,45.916,percent,T2,WB-WDI-2024
China,2014,trade_pct_gdp,44.068,percent,T2,WB-WDI-2024
China,2015,trade_pct_gdp,38.697,percent,T2,WB-WDI-2024
China,2016,trade_pct_gdp,36.177,percent,T2,WB-WDI-2024
China,2017,trade_pct_gdp,36.951,percent,T2,WB-WDI-2024
China,2018,trade_pct_gdp,36.894,percent,T2,WB-WDI-2024
China,2019,trade_pct_gdp,35.199,percent,T2,WB-WDI-2024
China,2020,trade_pct_gdp,34.039,percent,T2,WB-WDI-2024
China,2021,trade_pct_gdp,36.521,percent,T2,WB-WDI-2024
China,2022,trade_pct_gdp,37.441,percent,T2,WB-WDI-2024
China,2023,trade_pct_gdp,36.105,percent,T2,WB-WDI-2024
China,2024,trade_pct_gdp,37.198,percent,T2,WB-WDI-2024
China,1991,unemployment_rate,2.370,percent,T2,WB-WDI-2024
China,1992,unemployment_rate,2.370,percent,T2,WB-WDI-2024
China,1993,unemployment_rate,2.690,percent,T2,WB-WDI-2024
China,1994,unemployment_rate,2.900,percent,T2,WB-WDI-2024
China,1995,unemployment_rate,3.000,percent,T2,WB-WDI-2024
China,1996,unemployment_rate,3.120,percent,T2,WB-WDI-2024
China,1997,unemployment_rate,3.230,percent,T2,WB-WDI-2024
China,1998,unemployment_rate,3.240,percent,T2,WB-WDI-2024
China,1999,unemployment_rate,3.250,percent,T2,WB-WDI-2024
China,2000,unemployment_rate,3.260,percent,T2,WB-WDI-2024
China,2001,unemployment_rate,3.800,percent,T2,WB-WDI-2024
China,2002,unemployment_rate,4.240,percent,T2,WB-WDI-2024
China,2003,unemployment_rate,4.580,percent,T2,WB-WDI-2024
China,2004,unemployment_rate,4.490,percent,T2,WB-WDI-2024
China,2005,unemployment_rate,4.520,percent,T2,WB-WDI-2024
China,2006,unemployment_rate,4.430,percent,T2,WB-WDI-2024
China,2007,unemployment_rate,4.350,percent,T2,WB-WDI-2024
China,2008,unemployment_rate,4.590,percent,T2,WB-WDI-2024
China,2009,unemployment_rate,4.720,percent,T2,WB-WDI-2024
China,2010,unemployment_rate,4.530,percent,T2,WB-WDI-2024
China,2011,unemployment_rate,4.550,percent,T2,WB-WDI-2024
China,2012,unemployment_rate,4.580,percent,T2,WB-WDI-2024
China,2013,unemployment_rate,4.600,percent,T2,WB-WDI-2024
China,2014,unemployment_rate,4.630,percent,T2,WB-WDI-2024
China,2015,unemployment_rate,4.650,percent,T2,WB-WDI-2024
China,2016,unemployment_rate,4.560,percent,T2,WB-WDI-2024
China,2017,unemployment_rate,4.470,percent,T2,WB-WDI-2024
China,2018,unemployment_rate,4.310,percent,T2,WB-WDI-2024
China,2019,unemployment_rate,4.560,percent,T2,WB-WDI-2024
China,2020,unemployment_rate,5.000,percent,T2,WB-WDI-2024
China,2021,unemployment_rate,4.550,percent,T2,WB-WDI-2024
China,2022,unemployment_rate,4.980,percent,T2,WB-WDI-2024
China,2023,unemployment_rate,4.670,percent,T2,WB-WDI-2024
China,2024,unemployment_rate,4.590,percent,T2,WB-WDI-2024
Egypt,2005,gas_exports,5,billion_cubic_meters_per_year,T2,EI-2024
Egypt,2006,gas_exports,14,billion_cubic_meters_per_year,T2,EI-2024
Egypt,2007,gas_exports,14,billion_cubic_meters_per_year,T2,EI-2024
Egypt,2008,gas_exports,14,billion_cubic_meters_per_year,T2,EI-2024
Egypt,2009,gas_exports,13,billion_cubic_meters_per_year,T2,EI-2024
Egypt,2010,gas_exports,11,billion_cubic_meters_per_year,T2,EI-2024
Egypt,2011,gas_exports,8,billion_cubic_meters_per_year,T2,EI-2024
Egypt,2012,gas_exports,6,billion_cubic_meters_per_year,T2,EI-2024
Egypt,2013,gas_exports,4,billion_cubic_meters_per_year,T2,EI-2024
Egypt,2014,gas_exports,1,billion_cubic_meters_per_year,T2,EI-2024
Egypt,2015,gas_exports,0,billion_cubic_meters_per_year,T2,EI-2024
Egypt,2016,gas_exports,0,billion_cubic_meters_per_year,T2,EI-2024
Egypt,2017,gas_exports,0,billion_cubic_meters_per_year,T2,EI-2024
Egypt,2018,gas_exports,1,billion_cubic_meters_per_year,T2,EI-2024
Egypt,2019,gas_exports,8,billion_cubic_meters_per_year,T2,EI-2024
Egypt,2020,gas_exports,4,billion_cubic_meters_per_year,T2,EI-2024
Egypt,2021,gas_exports,9,billion_cubic_meters_per_year,T2,EI-2024
Egypt,2022,gas_exports,11,billion_cubic_meters_per_year,T2,EI-2024
Egypt,2023,gas_exports,6,billion_cubic_meters_per_year,T2,EI-2024
Egypt,2024,gas_exports,2,billion_cubic_meters_per_year,T2,EI-2024
Egypt,2025,gas_exports,2,billion_cubic_meters_per_year,T2,EI-2024
Egypt,1979,gas_production,2,billion_cubic_meters_per_year,T1,EI-2024
Egypt,1980,gas_production,2,billion_cubic_meters_per_year,T1,EI-2024
Egypt,1981,gas_production,2,billion_cubic_meters_per_year,T1,EI-2024
Egypt,1982,gas_production,3,billion_cubic_meters_per_year,T1,EI-2024
Egypt,1983,gas_production,4,billion_cubic_meters_per_year,T1,EI-2024
Egypt,1984,gas_production,4,billion_cubic_meters_per_year,T1,EI-2024
Egypt,1985,gas_production,4,billion_cubic_meters_per_year,T1,EI-2024
Egypt,1986,gas_production,5,billion_cubic_meters_per_year,T1,EI-2024
Egypt,1987,gas_production,6,billion_cubic_meters_per_year,T1,EI-2024
Egypt,1988,gas_production,6,billion_cubic_meters_per_year,T1,EI-2024
Egypt,1989,gas_production,7,billion_cubic_meters_per_year,T1,EI-2024
Egypt,1990,gas_production,8,billion_cubic_meters_per_year,T1,EI-2024
Egypt,1991,gas_production,9,billion_cubic_meters_per_year,T1,EI-2024
Egypt,1992,gas_production,10,billion_cubic_meters_per_year,T1,EI-2024
Egypt,1993,gas_production,11,billion_cubic_meters_per_year,T1,EI-2024
Egypt,1994,gas_production,12,billion_cubic_meters_per_year,T1,EI-2024
Egypt,1995,gas_production,12,billion_cubic_meters_per_year,T1,EI-2024
Egypt,1996,gas_production,13,billion_cubic_meters_per_year,T1,EI-2024
Egypt,1997,gas_production,13,billion_cubic_meters_per_year,T1,EI-2024
Egypt,1998,gas_production,14,billion_cubic_meters_per_year,T1,EI-2024
Egypt,1999,gas_production,18,billion_cubic_meters_per_year,T1,EI-2024
Egypt,2000,gas_production,22,billion_cubic_meters_per_year,T1,EI-2024
Egypt,2001,gas_production,25,billion_cubic_meters_per_year,T1,EI-2024
Egypt,2002,gas_production,28,billion_cubic_meters_per_year,T1,EI-2024
Egypt,2003,gas_production,31,billion_cubic_meters_per_year,T1,EI-2024
Egypt,2004,gas_production,33,billion_cubic_meters_per_year,T1,EI-2024
Egypt,2005,gas_production,43,billion_cubic_meters_per_year,T1,EI-2024
Egypt,2006,gas_production,55,billion_cubic_meters_per_year,T1,EI-2024
Egypt,2007,gas_production,56,billion_cubic_meters_per_year,T1,EI-2024
Egypt,2008,gas_production,59,billion_cubic_meters_per_year,T1,EI-2024
Egypt,2009,gas_production,63,billion_cubic_meters_per_year,T1,EI-2024
Egypt,2010,gas_production,62,billion_cubic_meters_per_year,T1,EI-2024
Egypt,2011,gas_production,61,billion_cubic_meters_per_year,T1,EI-2024
Egypt,2012,gas_production,61,billion_cubic_meters_per_year,T1,EI-2024
Egypt,2013,gas_production,56,billion_cubic_meters_per_year,T1,EI-2024
Egypt,2014,gas_production,47,billion_cubic_meters_per_year,T1,EI-2024
Egypt,2015,gas_production,46,billion_cubic_meters_per_year,T1,EI-2024
Egypt,2016,gas_production,47,billion_cubic_meters_per_year,T1,EI-2024
Egypt,2017,gas_production,51,billion_cubic_meters_per_year,T1,EI-2024
Egypt,2018,gas_production,60,billion_cubic_meters_per_year,T1,EI-2024
Egypt,2019,gas_production,67,billion_cubic_meters_per_year,T1,EI-2024
Egypt,2020,gas_production,59,billion_cubic_meters_per_year,T1,EI-2024
Egypt,2021,gas_production,67,billion_cubic_meters_per_year,T1,EI-2024
Egypt,2022,gas_production,67,billion_cubic_meters_per_year,T1,EI-2024
Egypt,2023,gas_production,56,billion_cubic_meters_per_year,T1,EI-2024
Egypt,2024,gas_production,44,billion_cubic_meters_per_year,T1,EI-2024
Egypt,2025,gas_production,40,billion_cubic_meters_per_year,T1,EI-2024
Egypt,1979,gdp_nominal_usd,18020571428.57,USD_current,T2,WB-WDI-2024
Egypt,1980,gdp_nominal_usd,21669908176.39,USD_current,T2,WB-WDI-2024
Egypt,1981,gdp_nominal_usd,22136081081.08,USD_current,T2,WB-WDI-2024
Egypt,1982,gdp_nominal_usd,27655172413.79,USD_current,T2,WB-WDI-2024
Egypt,1983,gdp_nominal_usd,30966239813.74,USD_current,T2,WB-WDI-2024
Egypt,1984,gdp_nominal_usd,33971188991.61,USD_current,T2,WB-WDI-2024
Egypt,1985,gdp_nominal_usd,39053502251.07,USD_current,T2,WB-WDI-2024
Egypt,1986,gdp_nominal_usd,41253507951.36,USD_current,T2,WB-WDI-2024
Egypt,1987,gdp_nominal_usd,40455616653.57,USD_current,T2,WB-WDI-2024
Egypt,1988,gdp_nominal_usd,34980124929.02,USD_current,T2,WB-WDI-2024
Egypt,1989,gdp_nominal_usd,39756299049.98,USD_current,T2,WB-WDI-2024
Egypt,1990,gdp_nominal_usd,42978914311.35,USD_current,T2,WB-WDI-2024
Egypt,1991,gdp_nominal_usd,37387836490.53,USD_current,T2,WB-WDI-2024
Egypt,1992,gdp_nominal_usd,41855986519.42,USD_current,T2,WB-WDI-2024
Egypt,1993,gdp_nominal_usd,46578631452.58,USD_current,T2,WB-WDI-2024
Egypt,1994,gdp_nominal_usd,51897983392.65,USD_current,T2,WB-WDI-2024
Egypt,1995,gdp_nominal_usd,60159245060.45,USD_current,T2,WB-WDI-2024
Egypt,1996,gdp_nominal_usd,67629716981.13,USD_current,T2,WB-WDI-2024
Egypt,1997,gdp_nominal_usd,78436578171.09,USD_current,T2,WB-WDI-2024
Egypt,1998,gdp_nominal_usd,84828807556.08,USD_current,T2,WB-WDI-2024
Egypt,1999,gdp_nominal_usd,90710704806.84,USD_current,T2,WB-WDI-2024
Egypt,2000,gdp_nominal_usd,99838543960.08,USD_current,T2,WB-WDI-2024
Egypt,2001,gdp_nominal_usd,96684636118.60,USD_current,T2,WB-WDI-2024
Egypt,2002,gdp_nominal_usd,85146067415.73,USD_current,T2,WB-WDI-2024
Egypt,2003,gdp_nominal_usd,80288461538.46,USD_current,T2,WB-WDI-2024
Egypt,2004,gdp_nominal_usd,78782467532.47,USD_current,T2,WB-WDI-2024
Egypt,2005,gdp_nominal_usd,89660339660.34,USD_current,T2,WB-WDI-2024
Egypt,2006,gdp_nominal_usd,107426086956.52,USD_current,T2,WB-WDI-2024
Egypt,2007,gdp_nominal_usd,130437828371.28,USD_current,T2,WB-WDI-2024
Egypt,2008,gdp_nominal_usd,162818181818.18,USD_current,T2,WB-WDI-2024
Egypt,2009,gdp_nominal_usd,189147005444.65,USD_current,T2,WB-WDI-2024
Egypt,2010,gdp_nominal_usd,218983666061.71,USD_current,T2,WB-WDI-2024
Egypt,2011,gdp_nominal_usd,235989672977.62,USD_current,T2,WB-WDI-2024
Egypt,2012,gdp_nominal_usd,279116666666.67,USD_current,T2,WB-WDI-2024
Egypt,2013,gdp_nominal_usd,288434108527.13,USD_current,T2,WB-WDI-2024
Egypt,2014,gdp_nominal_usd,305595408895.27,USD_current,T2,WB-WDI-2024
Egypt,2015,gdp_nominal_usd,329366576819.41,USD_current,T2,WB-WDI-2024
Egypt,2016,gdp_nominal_usd,332441717791.41,USD_current,T2,WB-WDI-2024
Egypt,2017,gdp_nominal_usd,248362771739.13,USD_current,T2,WB-WDI-2024
Egypt,2018,gdp_nominal_usd,262588632526.73,USD_current,T2,WB-WDI-2024
Egypt,2019,gdp_nominal_usd,318678815489.75,USD_current,T2,WB-WDI-2024
Egypt,2020,gdp_nominal_usd,383817841547.10,USD_current,T2,WB-WDI-2024
Egypt,2021,gdp_nominal_usd,424671765455.70,USD_current,T2,WB-WDI-2024
Egypt,2022,gdp_nominal_usd,476747720364.74,USD_current,T2,WB-WDI-2024
Egypt,2023,gdp_nominal_usd,395926075163.01,USD_current,T2,WB-WDI-2024
Egypt,2024,gdp_nominal_usd,389059911003.57,USD_current,T2,WB-WDI-2024
Egypt,1990,gdp_per_capita_ppp,3566.03,USD_PPP_current_intl,T2,WB-WDI-2024
Egypt,1991,gdp_per_capita_ppp,3626.74,USD_PPP_current_intl,T2,WB-WDI-2024
Egypt,1992,gdp_per_capita_ppp,3783.80,USD_PPP_current_intl,T2,WB-WDI-2024
Egypt,1993,gdp_per_capita_ppp,3894.94,USD_PPP_current_intl,T2,WB-WDI-2024
Egypt,1994,gdp_per_capita_ppp,4048.02,USD_PPP_current_intl,T2,WB-WDI-2024
Egypt,1995,gdp_per_capita_ppp,4234.71,USD_PPP_current_intl,T2,WB-WDI-2024
Egypt,1996,gdp_per_capita_ppp,4434.46,USD_PPP_current_intl,T2,WB-WDI-2024
Egypt,1997,gdp_per_capita_ppp,4661.08,USD_PPP_current_intl,T2,WB-WDI-2024
Egypt,1998,gdp_per_capita_ppp,4868.72,USD_PPP_current_intl,T2,WB-WDI-2024
Egypt,1999,gdp_per_capita_ppp,5121.00,USD_PPP_current_intl,T2,WB-WDI-2024
Egypt,2000,gdp_per_capita_ppp,5451.52,USD_PPP_current_intl,T2,WB-WDI-2024
Egypt,2001,gdp_per_capita_ppp,5650.05,USD_PPP_current_intl,T2,WB-WDI-2024
Egypt,2002,gdp_per_capita_ppp,5752.70,USD_PPP_current_intl,T2,WB-WDI-2024
Egypt,2003,gdp_per_capita_ppp,5928.08,USD_PPP_current_intl,T2,WB-WDI-2024
Egypt,2004,gdp_per_capita_ppp,6207.12,USD_PPP_current_intl,T2,WB-WDI-2024
Egypt,2005,gdp_per_capita_ppp,6554.13,USD_PPP_current_intl,T2,WB-WDI-2024
Egypt,2006,gdp_per_capita_ppp,7079.03,USD_PPP_current_intl,T2,WB-WDI-2024
Egypt,2007,gdp_per_capita_ppp,7640.57,USD_PPP_current_intl,T2,WB-WDI-2024
Egypt,2008,gdp_per_capita_ppp,8190.71,USD_PPP_current_intl,T2,WB-WDI-2024
Egypt,2009,gdp_per_capita_ppp,8465.02,USD_PPP_current_intl,T2,WB-WDI-2024
Egypt,2010,gdp_per_capita_ppp,8837.76,USD_PPP_current_intl,T2,WB-WDI-2024
Egypt,2011,gdp_per_capita_ppp,8988.11,USD_PPP_current_intl,T2,WB-WDI-2024
Egypt,2012,gdp_per_capita_ppp,10342.43,USD_PPP_current_intl,T2,WB-WDI-2024
Egypt,2013,gdp_per_capita_ppp,10511.39,USD_PPP_current_intl,T2,WB-WDI-2024
Egypt,2014,gdp_per_capita_ppp,10256.44,USD_PPP_current_intl,T2,WB-WDI-2024
Egypt,2015,gdp_per_capita_ppp,10903.34,USD_PPP_current_intl,T2,WB-WDI-2024
Egypt,2016,gdp_per_capita_ppp,10665.67,USD_PPP_current_intl,T2,WB-WDI-2024
Egypt,2017,gdp_per_capita_ppp,11124.74,USD_PPP_current_intl,T2,WB-WDI-2024
Egypt,2018,gdp_per_capita_ppp,12329.24,USD_PPP_current_intl,T2,WB-WDI-2024
Egypt,2019,gdp_per_capita_ppp,13363.73,USD_PPP_current_intl,T2,WB-WDI-2024
Egypt,2020,gdp_per_capita_ppp,15231.87,USD_PPP_current_intl,T2,WB-WDI-2024
Egypt,2021,gdp_per_capita_ppp,15579.02,USD_PPP_current_intl,T2,WB-WDI-2024
Egypt,2022,gdp_per_capita_ppp,17526.80,USD_PPP_current_intl,T2,WB-WDI-2024
Egypt,2023,gdp_per_capita_ppp,18524.84,USD_PPP_current_intl,T2,WB-WDI-2024
Egypt,2024,gdp_per_capita_ppp,19094.14,USD_PPP_current_intl,T2,WB-WDI-2024
Egypt,1979,gdp_per_capita_usd,420.86,USD_current,T2,WB-WDI-2024
Egypt,1980,gdp_per_capita_usd,493.05,USD_current,T2,WB-WDI-2024
Egypt,1981,gdp_per_capita_usd,490.31,USD_current,T2,WB-WDI-2024
Egypt,1982,gdp_per_capita_usd,595.92,USD_current,T2,WB-WDI-2024
Egypt,1983,gdp_per_capita_usd,648.01,USD_current,T2,WB-WDI-2024
Egypt,1984,gdp_per_capita_usd,689.81,USD_current,T2,WB-WDI-2024
Egypt,1985,gdp_per_capita_usd,769.76,USD_current,T2,WB-WDI-2024
Egypt,1986,gdp_per_capita_usd,790.20,USD_current,T2,WB-WDI-2024
Egypt,1987,gdp_per_capita_usd,753.72,USD_current,T2,WB-WDI-2024
Egypt,1988,gdp_per_capita_usd,633.84,USD_current,T2,WB-WDI-2024
Egypt,1989,gdp_per_capita_usd,701.04,USD_current,T2,WB-WDI-2024
Egypt,1990,gdp_per_capita_usd,735.98,USD_current,T2,WB-WDI-2024
Egypt,1991,gdp_per_capita_usd,622.83,USD_current,T2,WB-WDI-2024
Egypt,1992,gdp_per_capita_usd,680.80,USD_current,T2,WB-WDI-2024
Egypt,1993,gdp_per_capita_usd,740.33,USD_current,T2,WB-WDI-2024
Egypt,1994,gdp_per_capita_usd,807.30,USD_current,T2,WB-WDI-2024
Egypt,1995,gdp_per_capita_usd,916.33,USD_current,T2,WB-WDI-2024
Egypt,1996,gdp_per_capita_usd,1008.98,USD_current,T2,WB-WDI-2024
Egypt,1997,gdp_per_capita_usd,1146.20,USD_current,T2,WB-WDI-2024
Egypt,1998,gdp_per_capita_usd,1212.82,USD_current,T2,WB-WDI-2024
Egypt,1999,gdp_per_capita_usd,1268.31,USD_current,T2,WB-WDI-2024
Egypt,2000,gdp_per_capita_usd,1366.09,USD_current,T2,WB-WDI-2024
Egypt,2001,gdp_per_capita_usd,1295.14,USD_current,T2,WB-WDI-2024
Egypt,2002,gdp_per_capita_usd,1116.83,USD_current,T2,WB-WDI-2024
Egypt,2003,gdp_per_capita_usd,1031.28,USD_current,T2,WB-WDI-2024
Egypt,2004,gdp_per_capita_usd,991.26,USD_current,T2,WB-WDI-2024
Egypt,2005,gdp_per_capita_usd,1105.54,USD_current,T2,WB-WDI-2024
Egypt,2006,gdp_per_capita_usd,1298.98,USD_current,T2,WB-WDI-2024
Egypt,2007,gdp_per_capita_usd,1547.74,USD_current,T2,WB-WDI-2024
Egypt,2008,gdp_per_capita_usd,1896.22,USD_current,T2,WB-WDI-2024
Egypt,2009,gdp_per_capita_usd,2161.64,USD_current,T2,WB-WDI-2024
Egypt,2010,gdp_per_capita_usd,2455.08,USD_current,T2,WB-WDI-2024
Egypt,2011,gdp_per_capita_usd,2590.64,USD_current,T2,WB-WDI-2024
Egypt,2012,gdp_per_capita_usd,2996.07,USD_current,T2,WB-WDI-2024
Egypt,2013,gdp_per_capita_usd,3025.53,USD_current,T2,WB-WDI-2024
Egypt,2014,gdp_per_capita_usd,3133.39,USD_current,T2,WB-WDI-2024
Egypt,2015,gdp_per_capita_usd,3306.98,USD_current,T2,WB-WDI-2024
Egypt,2016,gdp_per_capita_usd,3270.63,USD_current,T2,WB-WDI-2024
Egypt,2017,gdp_per_capita_usd,2395.10,USD_current,T2,WB-WDI-2024
Egypt,2018,gdp_per_capita_usd,2484.70,USD_current,T2,WB-WDI-2024
Egypt,2019,gdp_per_capita_usd,2962.99,USD_current,T2,WB-WDI-2024
Egypt,2020,gdp_per_capita_usd,3511.11,USD_current,T2,WB-WDI-2024
Egypt,2021,gdp_per_capita_usd,3827.35,USD_current,T2,WB-WDI-2024
Egypt,2022,gdp_per_capita_usd,4233.31,USD_current,T2,WB-WDI-2024
Egypt,2023,gdp_per_capita_usd,3456.79,USD_current,T2,WB-WDI-2024
Egypt,2024,gdp_per_capita_usd,3338.47,USD_current,T2,WB-WDI-2024
Egypt,1979,military_spending_pct_gdp,6.469,percent,T2,SIPRI-MILEX-2024
Egypt,1980,military_spending_pct_gdp,6.160,percent,T2,SIPRI-MILEX-2024
Egypt,1981,military_spending_pct_gdp,7.417,percent,T2,SIPRI-MILEX-2024
Egypt,1982,military_spending_pct_gdp,7.189,percent,T2,SIPRI-MILEX-2024
Egypt,1983,military_spending_pct_gdp,7.959,percent,T2,SIPRI-MILEX-2024
Egypt,1984,military_spending_pct_gdp,8.265,percent,T2,SIPRI-MILEX-2024
Egypt,1985,military_spending_pct_gdp,7.857,percent,T2,SIPRI-MILEX-2024
Egypt,1986,military_spending_pct_gdp,7.498,percent,T2,SIPRI-MILEX-2024
Egypt,1987,military_spending_pct_gdp,6.529,percent,T2,SIPRI-MILEX-2024
Egypt,1988,military_spending_pct_gdp,5.061,percent,T2,SIPRI-MILEX-2024
Egypt,1989,military_spending_pct_gdp,3.968,percent,T2,SIPRI-MILEX-2024
Egypt,1990,military_spending_pct_gdp,3.468,percent,T2,SIPRI-MILEX-2024
Egypt,1991,military_spending_pct_gdp,3.612,percent,T2,SIPRI-MILEX-2024
Egypt,1992,military_spending_pct_gdp,3.216,percent,T2,SIPRI-MILEX-2024
Egypt,1993,military_spending_pct_gdp,3.098,percent,T2,SIPRI-MILEX-2024
Egypt,1994,military_spending_pct_gdp,3.154,percent,T2,SIPRI-MILEX-2024
Egypt,1995,military_spending_pct_gdp,3.082,percent,T2,SIPRI-MILEX-2024
Egypt,1996,military_spending_pct_gdp,2.975,percent,T2,SIPRI-MILEX-2024
Egypt,1997,military_spending_pct_gdp,2.841,percent,T2,SIPRI-MILEX-2024
Egypt,1998,military_spending_pct_gdp,2.659,percent,T2,SIPRI-MILEX-2024
Egypt,1999,military_spending_pct_gdp,2.570,percent,T2,SIPRI-MILEX-2024
Egypt,2000,military_spending_pct_gdp,2.551,percent,T2,SIPRI-MILEX-2024
Egypt,2001,military_spending_pct_gdp,2.986,percent,T2,SIPRI-MILEX-2024
Egypt,2002,military_spending_pct_gdp,3.278,percent,T2,SIPRI-MILEX-2024
Egypt,2003,military_spending_pct_gdp,3.177,percent,T2,SIPRI-MILEX-2024
Egypt,2004,military_spending_pct_gdp,2.878,percent,T2,SIPRI-MILEX-2024
Egypt,2005,military_spending_pct_gdp,2.714,percent,T2,SIPRI-MILEX-2024
Egypt,2006,military_spending_pct_gdp,2.606,percent,T2,SIPRI-MILEX-2024
Egypt,2007,military_spending_pct_gdp,2.380,percent,T2,SIPRI-MILEX-2024
Egypt,2008,military_spending_pct_gdp,2.181,percent,T2,SIPRI-MILEX-2024
Egypt,2009,military_spending_pct_gdp,2.033,percent,T2,SIPRI-MILEX-2024
Egypt,2010,military_spending_pct_gdp,1.953,percent,T2,SIPRI-MILEX-2024
Egypt,2011,military_spending_pct_gdp,1.837,percent,T2,SIPRI-MILEX-2024
Egypt,2012,military_spending_pct_gdp,1.648,percent,T2,SIPRI-MILEX-2024
Egypt,2013,military_spending_pct_gdp,1.610,percent,T2,SIPRI-MILEX-2024
Egypt,2014,military_spending_pct_gdp,1.690,percent,T2,SIPRI-MILEX-2024
Egypt,2015,military_spending_pct_gdp,1.723,percent,T2,SIPRI-MILEX-2024
Egypt,2016,military_spending_pct_gdp,1.667,percent,T2,SIPRI-MILEX-2024
Egypt,2017,military_spending_pct_gdp,1.422,percent,T2,SIPRI-MILEX-2024
Egypt,2018,military_spending_pct_gdp,1.250,percent,T2,SIPRI-MILEX-2024
Egypt,2019,military_spending_pct_gdp,1.181,percent,T2,SIPRI-MILEX-2024
Egypt,2020,military_spending_pct_gdp,1.122,percent,T2,SIPRI-MILEX-2024
Egypt,2021,military_spending_pct_gdp,1.122,percent,T2,SIPRI-MILEX-2024
Egypt,2022,military_spending_pct_gdp,1.015,percent,T2,SIPRI-MILEX-2024
Egypt,2023,military_spending_pct_gdp,0.809,percent,T2,SIPRI-MILEX-2024
Egypt,2024,military_spending_pct_gdp,0.667,percent,T2,SIPRI-MILEX-2024
Egypt,2025,military_spending_pct_gdp,0.606,percent,T2,SIPRI-MILEX-2024
Egypt,1979,military_spending_usd,1152855495.92,USD_current,T2,SIPRI-MILEX-2024
Egypt,1980,military_spending_usd,1361426626.53,USD_current,T2,SIPRI-MILEX-2024
Egypt,1981,military_spending_usd,1817140261.23,USD_current,T2,SIPRI-MILEX-2024
Egypt,1982,military_spending_usd,2307139561.23,USD_current,T2,SIPRI-MILEX-2024
Egypt,1983,military_spending_usd,3004281422.46,USD_current,T2,SIPRI-MILEX-2024
Egypt,1984,military_spending_usd,3742137511.23,USD_current,T2,SIPRI-MILEX-2024
Egypt,1985,military_spending_usd,4203565423.48,USD_current,T2,SIPRI-MILEX-2024
Egypt,1986,military_spending_usd,4727136104.09,USD_current,T2,SIPRI-MILEX-2024
Egypt,1987,military_spending_usd,4805707420.42,USD_current,T2,SIPRI-MILEX-2024
Egypt,1988,military_spending_usd,4453565066.34,USD_current,T2,SIPRI-MILEX-2024
Egypt,1989,military_spending_usd,3516344801.41,USD_current,T2,SIPRI-MILEX-2024
Egypt,1990,military_spending_usd,2260645161.29,USD_current,T2,SIPRI-MILEX-2024
Egypt,1991,military_spending_usd,1345757343.03,USD_current,T2,SIPRI-MILEX-2024
Egypt,1992,military_spending_usd,1415819974.41,USD_current,T2,SIPRI-MILEX-2024
Egypt,1993,military_spending_usd,1526165392.00,USD_current,T2,SIPRI-MILEX-2024
Egypt,1994,military_spending_usd,1714409786.33,USD_current,T2,SIPRI-MILEX-2024
Egypt,1995,military_spending_usd,1948876985.80,USD_current,T2,SIPRI-MILEX-2024
Egypt,1996,military_spending_usd,2115742979.47,USD_current,T2,SIPRI-MILEX-2024
Egypt,1997,military_spending_usd,2267650313.54,USD_current,T2,SIPRI-MILEX-2024
Egypt,1998,military_spending_usd,2372048406.14,USD_current,T2,SIPRI-MILEX-2024
Egypt,1999,military_spending_usd,2447978793.90,USD_current,T2,SIPRI-MILEX-2024
Egypt,2000,military_spending_usd,2627698333.84,USD_current,T2,SIPRI-MILEX-2024
Egypt,2001,military_spending_usd,2834256229.55,USD_current,T2,SIPRI-MILEX-2024
Egypt,2002,military_spending_usd,2902768425.24,USD_current,T2,SIPRI-MILEX-2024
Egypt,2003,military_spending_usd,2383914898.27,USD_current,T2,SIPRI-MILEX-2024
Egypt,2004,military_spending_usd,2369743586.43,USD_current,T2,SIPRI-MILEX-2024
Egypt,2005,military_spending_usd,2659439713.58,USD_current,T2,SIPRI-MILEX-2024
Egypt,2006,military_spending_usd,2952520159.00,USD_current,T2,SIPRI-MILEX-2024
Egypt,2007,military_spending_usd,3306908257.22,USD_current,T2,SIPRI-MILEX-2024
Egypt,2008,military_spending_usd,3779880349.75,USD_current,T2,SIPRI-MILEX-2024
Egypt,2009,military_spending_usd,4017404478.27,USD_current,T2,SIPRI-MILEX-2024
Egypt,2010,military_spending_usd,4407286452.72,USD_current,T2,SIPRI-MILEX-2024
Egypt,2011,military_spending_usd,4463974191.07,USD_current,T2,SIPRI-MILEX-2024
Egypt,2012,military_spending_usd,4557748767.35,USD_current,T2,SIPRI-MILEX-2024
Egypt,2013,military_spending_usd,4359834243.77,USD_current,T2,SIPRI-MILEX-2024
Egypt,2014,military_spending_usd,5085121576.28,USD_current,T2,SIPRI-MILEX-2024
Egypt,2015,military_spending_usd,5475490833.44,USD_current,T2,SIPRI-MILEX-2024
Egypt,2016,military_spending_usd,4513022526.82,USD_current,T2,SIPRI-MILEX-2024
Egypt,2017,military_spending_usd,2765588434.01,USD_current,T2,SIPRI-MILEX-2024
Egypt,2018,military_spending_usd,3119587363.84,USD_current,T2,SIPRI-MILEX-2024
Egypt,2019,military_spending_usd,3743671451.55,USD_current,T2,SIPRI-MILEX-2024
Egypt,2020,military_spending_usd,4505374644.33,USD_current,T2,SIPRI-MILEX-2024
Egypt,2021,military_spending_usd,5165445626.55,USD_current,T2,SIPRI-MILEX-2024
Egypt,2022,military_spending_usd,4645922047.51,USD_current,T2,SIPRI-MILEX-2024
Egypt,2023,military_spending_usd,3167150125.91,USD_current,T2,SIPRI-MILEX-2024
Egypt,2024,military_spending_usd,2398424389.27,USD_current,T2,SIPRI-MILEX-2024
Egypt,2025,military_spending_usd,2501747815.23,USD_current,T2,SIPRI-MILEX-2024
Egypt,1979,oil_production,200.8,million_barrels_per_year,T1,EI-2024
Egypt,1980,oil_production,219.6,million_barrels_per_year,T1,EI-2024
Egypt,1981,oil_production,219.0,million_barrels_per_year,T1,EI-2024
Egypt,1982,oil_production,240.9,million_barrels_per_year,T1,EI-2024
Egypt,1983,oil_production,270.1,million_barrels_per_year,T1,EI-2024
Egypt,1984,oil_production,311.1,million_barrels_per_year,T1,EI-2024
Egypt,1985,oil_production,321.2,million_barrels_per_year,T1,EI-2024
Egypt,1986,oil_production,288.4,million_barrels_per_year,T1,EI-2024
Egypt,1987,oil_production,310.2,million_barrels_per_year,T1,EI-2024
Egypt,1988,oil_production,307.4,million_barrels_per_year,T1,EI-2024
Egypt,1989,oil_production,317.6,million_barrels_per_year,T1,EI-2024
Egypt,1990,oil_production,321.2,million_barrels_per_year,T1,EI-2024
Egypt,1991,oil_production,335.8,million_barrels_per_year,T1,EI-2024
Egypt,1992,oil_production,340.4,million_barrels_per_year,T1,EI-2024
Egypt,1993,oil_production,339.5,million_barrels_per_year,T1,EI-2024
Egypt,1994,oil_production,335.8,million_barrels_per_year,T1,EI-2024
Egypt,1995,oil_production,324.9,million_barrels_per_year,T1,EI-2024
Egypt,1996,oil_production,318.4,million_barrels_per_year,T1,EI-2024
Egypt,1997,oil_production,317.6,million_barrels_per_year,T1,EI-2024
Egypt,1998,oil_production,302.9,million_barrels_per_year,T1,EI-2024
Egypt,1999,oil_production,302.9,million_barrels_per_year,T1,EI-2024
Egypt,2000,oil_production,296.5,million_barrels_per_year,T1,EI-2024
Egypt,2001,oil_production,273.8,million_barrels_per_year,T1,EI-2024
Egypt,2002,oil_production,273.8,million_barrels_per_year,T1,EI-2024
Egypt,2003,oil_production,270.1,million_barrels_per_year,T1,EI-2024
Egypt,2004,oil_production,259.9,million_barrels_per_year,T1,EI-2024
Egypt,2005,oil_production,255.5,million_barrels_per_year,T1,EI-2024
Egypt,2006,oil_production,255.5,million_barrels_per_year,T1,EI-2024
Egypt,2007,oil_production,259.1,million_barrels_per_year,T1,EI-2024
Egypt,2008,oil_production,263.5,million_barrels_per_year,T1,EI-2024
Egypt,2009,oil_production,270.1,million_barrels_per_year,T1,EI-2024
Egypt,2010,oil_production,270.1,million_barrels_per_year,T1,EI-2024
Egypt,2011,oil_production,259.1,million_barrels_per_year,T1,EI-2024
Egypt,2012,oil_production,259.9,million_barrels_per_year,T1,EI-2024
Egypt,2013,oil_production,255.5,million_barrels_per_year,T1,EI-2024
Egypt,2014,oil_production,248.2,million_barrels_per_year,T1,EI-2024
Egypt,2015,oil_production,251.8,million_barrels_per_year,T1,EI-2024
Egypt,2016,oil_production,248.9,million_barrels_per_year,T1,EI-2024
Egypt,2017,oil_production,240.9,million_barrels_per_year,T1,EI-2024
Egypt,2018,oil_production,240.9,million_barrels_per_year,T1,EI-2024
Egypt,2019,oil_production,229.9,million_barrels_per_year,T1,EI-2024
Egypt,2020,oil_production,212.3,million_barrels_per_year,T1,EI-2024
Egypt,2021,oil_production,215.3,million_barrels_per_year,T1,EI-2024
Egypt,2022,oil_production,215.3,million_barrels_per_year,T1,EI-2024
Egypt,2023,oil_production,200.8,million_barrels_per_year,T1,EI-2024
Egypt,2024,oil_production,183.0,million_barrels_per_year,T1,EI-2024
Egypt,2025,oil_production,175.2,million_barrels_per_year,T1,EI-2024
Egypt,1979,oil_rents_pct_gdp,29.232,percent,T2,WB-WDI-2024
Egypt,1980,oil_rents_pct_gdp,31.690,percent,T2,WB-WDI-2024
Egypt,1981,oil_rents_pct_gdp,27.702,percent,T2,WB-WDI-2024
Egypt,1982,oil_rents_pct_gdp,20.315,percent,T2,WB-WDI-2024
Egypt,1983,oil_rents_pct_gdp,19.570,percent,T2,WB-WDI-2024
Egypt,1984,oil_rents_pct_gdp,19.797,percent,T2,WB-WDI-2024
Egypt,1985,oil_rents_pct_gdp,18.123,percent,T2,WB-WDI-2024
Egypt,1986,oil_rents_pct_gdp,7.795,percent,T2,WB-WDI-2024
Egypt,1987,oil_rents_pct_gdp,12.036,percent,T2,WB-WDI-2024
Egypt,1988,oil_rents_pct_gdp,11.020,percent,T2,WB-WDI-2024
Egypt,1989,oil_rents_pct_gdp,13.892,percent,T2,WB-WDI-2024
Egypt,1990,oil_rents_pct_gdp,16.945,percent,T2,WB-WDI-2024
Egypt,1991,oil_rents_pct_gdp,11.766,percent,T2,WB-WDI-2024
Egypt,1992,oil_rents_pct_gdp,11.122,percent,T2,WB-WDI-2024
Egypt,1993,oil_rents_pct_gdp,9.872,percent,T2,WB-WDI-2024
Egypt,1994,oil_rents_pct_gdp,7.897,percent,T2,WB-WDI-2024
Egypt,1995,oil_rents_pct_gdp,7.509,percent,T2,WB-WDI-2024
Egypt,1996,oil_rents_pct_gdp,8.403,percent,T2,WB-WDI-2024
Egypt,1997,oil_rents_pct_gdp,6.099,percent,T2,WB-WDI-2024
Egypt,1998,oil_rents_pct_gdp,3.429,percent,T2,WB-WDI-2024
Egypt,1999,oil_rents_pct_gdp,5.192,percent,T2,WB-WDI-2024
Egypt,2000,oil_rents_pct_gdp,6.472,percent,T2,WB-WDI-2024
Egypt,2001,oil_rents_pct_gdp,5.171,percent,T2,WB-WDI-2024
Egypt,2002,oil_rents_pct_gdp,5.906,percent,T2,WB-WDI-2024
Egypt,2003,oil_rents_pct_gdp,7.506,percent,T2,WB-WDI-2024
Egypt,2004,oil_rents_pct_gdp,9.494,percent,T2,WB-WDI-2024
Egypt,2005,oil_rents_pct_gdp,11.851,percent,T2,WB-WDI-2024
Egypt,2006,oil_rents_pct_gdp,11.730,percent,T2,WB-WDI-2024
Egypt,2007,oil_rents_pct_gdp,10.782,percent,T2,WB-WDI-2024
Egypt,2008,oil_rents_pct_gdp,12.455,percent,T2,WB-WDI-2024
Egypt,2009,oil_rents_pct_gdp,6.248,percent,T2,WB-WDI-2024
Egypt,2010,oil_rents_pct_gdp,7.418,percent,T2,WB-WDI-2024
Egypt,2011,oil_rents_pct_gdp,9.742,percent,T2,WB-WDI-2024
Egypt,2012,oil_rents_pct_gdp,8.383,percent,T2,WB-WDI-2024
Egypt,2013,oil_rents_pct_gdp,7.829,percent,T2,WB-WDI-2024
Egypt,2014,oil_rents_pct_gdp,6.823,percent,T2,WB-WDI-2024
Egypt,2015,oil_rents_pct_gdp,3.055,percent,T2,WB-WDI-2024
Egypt,2016,oil_rents_pct_gdp,2.350,percent,T2,WB-WDI-2024
Egypt,2017,oil_rents_pct_gdp,4.127,percent,T2,WB-WDI-2024
Egypt,2018,oil_rents_pct_gdp,5.477,percent,T2,WB-WDI-2024
Egypt,2019,oil_rents_pct_gdp,3.882,percent,T2,WB-WDI-2024
Egypt,2020,oil_rents_pct_gdp,1.858,percent,T2,WB-WDI-2024
Egypt,2021,oil_rents_pct_gdp,2.986,percent,T2,WB-WDI-2024
Egypt,1979,population,42818628,persons,T2,WB-WDI-2024
Egypt,1980,population,43950413,persons,T2,WB-WDI-2024
Egypt,1981,population,45147224,persons,T2,WB-WDI-2024
Egypt,1982,population,46407611,persons,T2,WB-WDI-2024
Egypt,1983,population,47786402,persons,T2,WB-WDI-2024
Egypt,1984,population,49247334,persons,T2,WB-WDI-2024
Egypt,1985,population,50734968,persons,T2,WB-WDI-2024
Egypt,1986,population,52206295,persons,T2,WB-WDI-2024
Egypt,1987,population,53674435,persons,T2,WB-WDI-2024
Egypt,1988,population,55187681,persons,T2,WB-WDI-2024
Egypt,1989,population,56710642,persons,T2,WB-WDI-2024
Egypt,1990,population,58396618,persons,T2,WB-WDI-2024
Egypt,1991,population,60028997,persons,T2,WB-WDI-2024
Egypt,1992,population,61480660,persons,T2,WB-WDI-2024
Egypt,1993,population,62915681,persons,T2,WB-WDI-2024
Egypt,1994,population,64285589,persons,T2,WB-WDI-2024
Egypt,1995,population,65652622,persons,T2,WB-WDI-2024
Egypt,1996,population,67028048,persons,T2,WB-WDI-2024
Egypt,1997,population,68431740,persons,T2,WB-WDI-2024
Egypt,1998,population,69943294,persons,T2,WB-WDI-2024
Egypt,1999,population,71520954,persons,T2,WB-WDI-2024
Egypt,2000,population,73083284,persons,T2,WB-WDI-2024
Egypt,2001,population,74652029,persons,T2,WB-WDI-2024
Egypt,2002,population,76239137,persons,T2,WB-WDI-2024
Egypt,2003,population,77853548,persons,T2,WB-WDI-2024
Egypt,2004,population,79477443,persons,T2,WB-WDI-2024
Egypt,2005,population,81101004,persons,T2,WB-WDI-2024
Egypt,2006,population,82700403,persons,T2,WB-WDI-2024
Egypt,2007,population,84276225,persons,T2,WB-WDI-2024
Egypt,2008,population,85864789,persons,T2,WB-WDI-2024
Egypt,2009,population,87501636,persons,T2,WB-WDI-2024
Egypt,2010,population,89196072,persons,T2,WB-WDI-2024
Egypt,2011,population,91093059,persons,T2,WB-WDI-2024
Egypt,2012,population,93161001,persons,T2,WB-WDI-2024
Egypt,2013,population,95333553,persons,T2,WB-WDI-2024
Egypt,2014,population,97528654,persons,T2,WB-WDI-2024
Egypt,2015,population,99597342,persons,T2,WB-WDI-2024
Egypt,2016,population,101644589,persons,T2,WB-WDI-2024
Egypt,2017,population,103696057,persons,T2,WB-WDI-2024
Egypt,2018,population,105682094,persons,T2,WB-WDI-2024
Egypt,2019,population,107553158,persons,T2,WB-WDI-2024
Egypt,2020,population,109315124,persons,T2,WB-WDI-2024
Egypt,2021,population,110957008,persons,T2,WB-WDI-2024
Egypt,2022,population,112618250,persons,T2,WB-WDI-2024
Egypt,2023,population,114535772,persons,T2,WB-WDI-2024
Egypt,2024,population,116538258,persons,T2,WB-WDI-2024
Egypt,1979,trade_pct_gdp,69.464,percent,T2,WB-WDI-2024
Egypt,1980,trade_pct_gdp,73.383,percent,T2,WB-WDI-2024
Egypt,1981,trade_pct_gdp,74.460,percent,T2,WB-WDI-2024
Egypt,1982,trade_pct_gdp,64.202,percent,T2,WB-WDI-2024
Egypt,1983,trade_pct_gdp,57.143,percent,T2,WB-WDI-2024
Egypt,1984,trade_pct_gdp,52.532,percent,T2,WB-WDI-2024
Egypt,1985,trade_pct_gdp,46.113,percent,T2,WB-WDI-2024
Egypt,1986,trade_pct_gdp,36.054,percent,T2,WB-WDI-2024
Egypt,1987,trade_pct_gdp,35.340,percent,T2,WB-WDI-2024
Egypt,1988,trade_pct_gdp,52.597,percent,T2,WB-WDI-2024
Egypt,1989,trade_pct_gdp,50.130,percent,T2,WB-WDI-2024
Egypt,1990,trade_pct_gdp,52.923,percent,T2,WB-WDI-2024
Egypt,1991,trade_pct_gdp,62.844,percent,T2,WB-WDI-2024
Egypt,1992,trade_pct_gdp,59.310,percent,T2,WB-WDI-2024
Egypt,1993,trade_pct_gdp,55.928,percent,T2,WB-WDI-2024
Egypt,1994,trade_pct_gdp,50.629,percent,T2,WB-WDI-2024
Egypt,1995,trade_pct_gdp,50.245,percent,T2,WB-WDI-2024
Egypt,1996,trade_pct_gdp,46.949,percent,T2,WB-WDI-2024
Egypt,1997,trade_pct_gdp,43.738,percent,T2,WB-WDI-2024
Egypt,1998,trade_pct_gdp,41.928,percent,T2,WB-WDI-2024
Egypt,1999,trade_pct_gdp,38.362,percent,T2,WB-WDI-2024
Egypt,2000,trade_pct_gdp,39.018,percent,T2,WB-WDI-2024
Egypt,2001,trade_pct_gdp,39.810,percent,T2,WB-WDI-2024
Egypt,2002,trade_pct_gdp,40.987,percent,T2,WB-WDI-2024
Egypt,2003,trade_pct_gdp,46.180,percent,T2,WB-WDI-2024
Egypt,2004,trade_pct_gdp,57.820,percent,T2,WB-WDI-2024
Egypt,2005,trade_pct_gdp,62.953,percent,T2,WB-WDI-2024
Egypt,2006,trade_pct_gdp,61.519,percent,T2,WB-WDI-2024
Egypt,2007,trade_pct_gdp,65.078,percent,T2,WB-WDI-2024
Egypt,2008,trade_pct_gdp,71.681,percent,T2,WB-WDI-2024
Egypt,2009,trade_pct_gdp,56.553,percent,T2,WB-WDI-2024
Egypt,2010,trade_pct_gdp,47.936,percent,T2,WB-WDI-2024
Egypt,2011,trade_pct_gdp,45.256,percent,T2,WB-WDI-2024
Egypt,2012,trade_pct_gdp,40.712,percent,T2,WB-WDI-2024
Egypt,2013,trade_pct_gdp,40.373,percent,T2,WB-WDI-2024
Egypt,2014,trade_pct_gdp,36.920,percent,T2,WB-WDI-2024
Egypt,2015,trade_pct_gdp,34.846,percent,T2,WB-WDI-2024
Egypt,2016,trade_pct_gdp,30.247,percent,T2,WB-WDI-2024
Egypt,2017,trade_pct_gdp,42.832,percent,T2,WB-WDI-2024
Egypt,2018,trade_pct_gdp,45.911,percent,T2,WB-WDI-2024
Egypt,2019,trade_pct_gdp,41.124,percent,T2,WB-WDI-2024
Egypt,2020,trade_pct_gdp,32.126,percent,T2,WB-WDI-2024
Egypt,2021,trade_pct_gdp,29.857,percent,T2,WB-WDI-2024
Egypt,2022,trade_pct_gdp,36.983,percent,T2,WB-WDI-2024
Egypt,2023,trade_pct_gdp,40.450,percent,T2,WB-WDI-2024
Egypt,2024,trade_pct_gdp,39.601,percent,T2,WB-WDI-2024
Egypt,1991,unemployment_rate,9.380,percent,T2,WB-WDI-2024
Egypt,1992,unemployment_rate,8.920,percent,T2,WB-WDI-2024
Egypt,1993,unemployment_rate,10.920,percent,T2,WB-WDI-2024
Egypt,1994,unemployment_rate,10.930,percent,T2,WB-WDI-2024
Egypt,1995,unemployment_rate,11.040,percent,T2,WB-WDI-2024
Egypt,1996,unemployment_rate,9.000,percent,T2,WB-WDI-2024
Egypt,1997,unemployment_rate,8.370,percent,T2,WB-WDI-2024
Egypt,1998,unemployment_rate,8.030,percent,T2,WB-WDI-2024
Egypt,1999,unemployment_rate,7.950,percent,T2,WB-WDI-2024
Egypt,2000,unemployment_rate,8.980,percent,T2,WB-WDI-2024
Egypt,2001,unemployment_rate,9.260,percent,T2,WB-WDI-2024
Egypt,2002,unemployment_rate,10.010,percent,T2,WB-WDI-2024
Egypt,2003,unemployment_rate,10.910,percent,T2,WB-WDI-2024
Egypt,2004,unemployment_rate,10.320,percent,T2,WB-WDI-2024
Egypt,2005,unemployment_rate,11.049,percent,T2,WB-WDI-2024
Egypt,2006,unemployment_rate,10.490,percent,T2,WB-WDI-2024
Egypt,2007,unemployment_rate,8.800,percent,T2,WB-WDI-2024
Egypt,2008,unemployment_rate,8.517,percent,T2,WB-WDI-2024
Egypt,2009,unemployment_rate,9.087,percent,T2,WB-WDI-2024
Egypt,2010,unemployment_rate,8.757,percent,T2,WB-WDI-2024
Egypt,2011,unemployment_rate,11.849,percent,T2,WB-WDI-2024
Egypt,2012,unemployment_rate,12.597,percent,T2,WB-WDI-2024
Egypt,2013,unemployment_rate,13.154,percent,T2,WB-WDI-2024
Egypt,2014,unemployment_rate,13.105,percent,T2,WB-WDI-2024
Egypt,2015,unemployment_rate,13.052,percent,T2,WB-WDI-2024
Egypt,2016,unemployment_rate,12.450,percent,T2,WB-WDI-2024
Egypt,2017,unemployment_rate,11.767,percent,T2,WB-WDI-2024
Egypt,2018,unemployment_rate,9.855,percent,T2,WB-WDI-2024
Egypt,2019,unemployment_rate,7.851,percent,T2,WB-WDI-2024
Egypt,2020,unemployment_rate,7.974,percent,T2,WB-WDI-2024
Egypt,2021,unemployment_rate,7.441,percent,T2,WB-WDI-2024
Egypt,2022,unemployment_rate,6.546,percent,T2,WB-WDI-2024
Egypt,2023,unemployment_rate,6.753,percent,T2,WB-WDI-2024
Egypt,2024,unemployment_rate,6.817,percent,T2,WB-WDI-2024
Iran,2002,gas_exports,0.7,billion_cubic_meters_per_year,T2,EI-2024
Iran,2003,gas_exports,3.4,billion_cubic_meters_per_year,T2,EI-2024
Iran,2004,gas_exports,3.5,billion_cubic_meters_per_year,T2,EI-2024
Iran,2005,gas_exports,4.4,billion_cubic_meters_per_year,T2,EI-2024
Iran,2006,gas_exports,5.7,billion_cubic_meters_per_year,T2,EI-2024
Iran,2007,gas_exports,6.0,billion_cubic_meters_per_year,T2,EI-2024
Iran,2008,gas_exports,4.1,billion_cubic_meters_per_year,T2,EI-2024
Iran,2009,gas_exports,5.7,billion_cubic_meters_per_year,T2,EI-2024
Iran,2010,gas_exports,7.9,billion_cubic_meters_per_year,T2,EI-2024
Iran,2011,gas_exports,8.4,billion_cubic_meters_per_year,T2,EI-2024
Iran,2012,gas_exports,9.1,billion_cubic_meters_per_year,T2,EI-2024
Iran,2013,gas_exports,9.9,billion_cubic_meters_per_year,T2,EI-2024
Iran,2014,gas_exports,9.0,billion_cubic_meters_per_year,T2,EI-2024
Iran,2015,gas_exports,8.4,billion_cubic_meters_per_year,T2,EI-2024
Iran,2016,gas_exports,8.4,billion_cubic_meters_per_year,T2,EI-2024
Iran,2017,gas_exports,12.9,billion_cubic_meters_per_year,T2,EI-2024
Iran,2018,gas_exports,13.3,billion_cubic_meters_per_year,T2,EI-2024
Iran,2019,gas_exports,13.8,billion_cubic_meters_per_year,T2,EI-2024
Iran,2020,gas_exports,8.5,billion_cubic_meters_per_year,T2,EI-2024
Iran,2021,gas_exports,17.1,billion_cubic_meters_per_year,T2,EI-2024
Iran,2022,gas_exports,16.7,billion_cubic_meters_per_year,T2,EI-2024
Iran,2023,gas_exports,14.7,billion_cubic_meters_per_year,T2,EI-2024
Iran,2024,gas_exports,7.8,billion_cubic_meters_per_year,T2,PROJ-DB
Iran,2025,gas_exports,7.5,billion_cubic_meters_per_year,T2,PROJ-DB
Iran,2026,gas_exports,0,billion_cubic_meters_per_year,T4,PROJ-DB
Iran,1979,gas_production,17,billion_cubic_meters_per_year,T2,EI-2024
Iran,1980,gas_production,7,billion_cubic_meters_per_year,T2,EI-2024
Iran,1981,gas_production,8,billion_cubic_meters_per_year,T2,EI-2024
Iran,1982,gas_production,12,billion_cubic_meters_per_year,T2,EI-2024
Iran,1983,gas_production,15,billion_cubic_meters_per_year,T2,EI-2024
Iran,1984,gas_production,18,billion_cubic_meters_per_year,T2,EI-2024
Iran,1985,gas_production,20,billion_cubic_meters_per_year,T2,EI-2024
Iran,1986,gas_production,21,billion_cubic_meters_per_year,T2,EI-2024
Iran,1987,gas_production,22,billion_cubic_meters_per_year,T2,EI-2024
Iran,1988,gas_production,22,billion_cubic_meters_per_year,T2,EI-2024
Iran,1989,gas_production,23,billion_cubic_meters_per_year,T2,EI-2024
Iran,1990,gas_production,24,billion_cubic_meters_per_year,T2,EI-2024
Iran,1991,gas_production,25,billion_cubic_meters_per_year,T2,EI-2024
Iran,1992,gas_production,27,billion_cubic_meters_per_year,T2,EI-2024
Iran,1993,gas_production,28,billion_cubic_meters_per_year,T2,EI-2024
Iran,1994,gas_production,33,billion_cubic_meters_per_year,T2,EI-2024
Iran,1995,gas_production,35,billion_cubic_meters_per_year,T2,EI-2024
Iran,1996,gas_production,38,billion_cubic_meters_per_year,T2,EI-2024
Iran,1997,gas_production,44,billion_cubic_meters_per_year,T2,EI-2024
Iran,1998,gas_production,48,billion_cubic_meters_per_year,T2,EI-2024
Iran,1999,gas_production,53,billion_cubic_meters_per_year,T2,EI-2024
Iran,2000,gas_production,60,billion_cubic_meters_per_year,T2,EI-2024
Iran,2001,gas_production,66,billion_cubic_meters_per_year,T2,EI-2024
Iran,2002,gas_production,75,billion_cubic_meters_per_year,T2,EI-2024
Iran,2003,gas_production,82,billion_cubic_meters_per_year,T2,EI-2024
Iran,2004,gas_production,96,billion_cubic_meters_per_year,T2,EI-2024
Iran,2005,gas_production,103,billion_cubic_meters_per_year,T2,EI-2024
Iran,2006,gas_production,113,billion_cubic_meters_per_year,T2,EI-2024
Iran,2007,gas_production,124,billion_cubic_meters_per_year,T2,EI-2024
Iran,2008,gas_production,130,billion_cubic_meters_per_year,T2,EI-2024
Iran,2009,gas_production,144,billion_cubic_meters_per_year,T2,EI-2024
Iran,2010,gas_production,152,billion_cubic_meters_per_year,T2,EI-2024
Iran,2011,gas_production,160,billion_cubic_meters_per_year,T2,EI-2024
Iran,2012,gas_production,167,billion_cubic_meters_per_year,T2,EI-2024
Iran,2013,gas_production,173,billion_cubic_meters_per_year,T2,EI-2024
Iran,2014,gas_production,186,billion_cubic_meters_per_year,T2,EI-2024
Iran,2015,gas_production,192,billion_cubic_meters_per_year,T2,EI-2024
Iran,2016,gas_production,207,billion_cubic_meters_per_year,T2,EI-2024
Iran,2017,gas_production,220,billion_cubic_meters_per_year,T2,EI-2024
Iran,2018,gas_production,240,billion_cubic_meters_per_year,T2,EI-2024
Iran,2019,gas_production,244,billion_cubic_meters_per_year,T2,EI-2024
Iran,2020,gas_production,250,billion_cubic_meters_per_year,T2,EI-2024
Iran,2021,gas_production,257,billion_cubic_meters_per_year,T2,EI-2024
Iran,2022,gas_production,259,billion_cubic_meters_per_year,T2,EI-2024
Iran,2023,gas_production,252,billion_cubic_meters_per_year,T2,EI-2024
Iran,2024,gas_production,276,billion_cubic_meters_per_year,T2,PROJ-DB
Iran,2025,gas_production,278,billion_cubic_meters_per_year,T2,PROJ-DB
Iran,2026,gas_production,242,billion_cubic_meters_per_year,T4,PROJ-DB
Iran,1979,gdp_nominal_usd,90391877325.93,USD_current,T2,WB-WDI-2024
Iran,1980,gdp_nominal_usd,94362275580.02,USD_current,T2,WB-WDI-2024
Iran,1981,gdp_nominal_usd,100499312749.92,USD_current,T2,WB-WDI-2024
Iran,1982,gdp_nominal_usd,125948756439.49,USD_current,T2,WB-WDI-2024
Iran,1983,gdp_nominal_usd,156365156618.24,USD_current,T2,WB-WDI-2024
Iran,1984,gdp_nominal_usd,162276728619.52,USD_current,T2,WB-WDI-2024
Iran,1985,gdp_nominal_usd,180183629599.68,USD_current,T2,WB-WDI-2024
Iran,1986,gdp_nominal_usd,209094561833.48,USD_current,T2,WB-WDI-2024
Iran,1987,gdp_nominal_usd,134009995923.17,USD_current,T2,WB-WDI-2024
Iran,1988,gdp_nominal_usd,123057861333.91,USD_current,T2,WB-WDI-2024
Iran,1989,gdp_nominal_usd,120496362916.27,USD_current,T2,WB-WDI-2024
Iran,1990,gdp_nominal_usd,124813263926.23,USD_current,T2,WB-WDI-2024
Iran,1991,gdp_nominal_usd,131637664958.01,USD_current,T2,WB-WDI-2024
Iran,1992,gdp_nominal_usd,119768691216.67,USD_current,T2,WB-WDI-2024
Iran,1993,gdp_nominal_usd,63743623232.01,USD_current,T2,WB-WDI-2024
Iran,1994,gdp_nominal_usd,71841461172.60,USD_current,T2,WB-WDI-2024
Iran,1995,gdp_nominal_usd,96419225743.67,USD_current,T2,WB-WDI-2024
Iran,1996,gdp_nominal_usd,120403931885.44,USD_current,T2,WB-WDI-2024
Iran,1997,gdp_nominal_usd,113919163421.15,USD_current,T2,WB-WDI-2024
Iran,1998,gdp_nominal_usd,110276913362.51,USD_current,T2,WB-WDI-2024
Iran,1999,gdp_nominal_usd,113848450088.35,USD_current,T2,WB-WDI-2024
Iran,2000,gdp_nominal_usd,109591707802.22,USD_current,T2,WB-WDI-2024
Iran,2001,gdp_nominal_usd,126878750295.94,USD_current,T2,WB-WDI-2024
Iran,2002,gdp_nominal_usd,128626917503.72,USD_current,T2,WB-WDI-2024
Iran,2003,gdp_nominal_usd,151911222119.49,USD_current,T2,WB-WDI-2024
Iran,2004,gdp_nominal_usd,187754571247.67,USD_current,T2,WB-WDI-2024
Iran,2005,gdp_nominal_usd,224970371324.67,USD_current,T2,WB-WDI-2024
Iran,2006,gdp_nominal_usd,265602187403.64,USD_current,T2,WB-WDI-2024
Iran,2007,gdp_nominal_usd,349736591832.42,USD_current,T2,WB-WDI-2024
Iran,2008,gdp_nominal_usd,406070949553.88,USD_current,T2,WB-WDI-2024
Iran,2009,gdp_nominal_usd,414059094949.06,USD_current,T2,WB-WDI-2024
Iran,2010,gdp_nominal_usd,487069570463.77,USD_current,T2,WB-WDI-2024
Iran,2011,gdp_nominal_usd,629082257472.37,USD_current,T2,WB-WDI-2024
Iran,2012,gdp_nominal_usd,644019315003.54,USD_current,T2,WB-WDI-2024
Iran,2013,gdp_nominal_usd,500399839839.88,USD_current,T2,WB-WDI-2024
Iran,2014,gdp_nominal_usd,462284793280.83,USD_current,T2,WB-WDI-2024
Iran,2015,gdp_nominal_usd,409191686496.68,USD_current,T2,WB-WDI-2024
Iran,2016,gdp_nominal_usd,478618064871.00,USD_current,T2,WB-WDI-2024
Iran,2017,gdp_nominal_usd,510239893417.65,USD_current,T2,WB-WDI-2024
Iran,2018,gdp_nominal_usd,411903303606.04,USD_current,T2,WB-WDI-2024
Iran,2019,gdp_nominal_usd,347988400958.00,USD_current,T3,WB-WDI-2024
Iran,2020,gdp_nominal_usd,280934329279.72,USD_current,T3,WB-WDI-2024
Iran,2021,gdp_nominal_usd,407350685583.34,USD_current,T3,WB-WDI-2024
Iran,2022,gdp_nominal_usd,422662261525.66,USD_current,T3,WB-WDI-2024
Iran,2023,gdp_nominal_usd,457510482317.48,USD_current,T3,WB-WDI-2024
Iran,2024,gdp_nominal_usd,475252089215.42,USD_current,T3,WB-WDI-2024
Iran,1990,gdp_per_capita_ppp,7565.85,USD_PPP_current_intl,T2,WB-WDI-2024
Iran,1991,gdp_per_capita_ppp,8580.18,USD_PPP_current_intl,T2,WB-WDI-2024
Iran,1992,gdp_per_capita_ppp,8887.63,USD_PPP_current_intl,T2,WB-WDI-2024
Iran,1993,gdp_per_capita_ppp,8932.55,USD_PPP_current_intl,T2,WB-WDI-2024
Iran,1994,gdp_per_capita_ppp,8951.27,USD_PPP_current_intl,T2,WB-WDI-2024
Iran,1995,gdp_per_capita_ppp,9255.34,USD_PPP_current_intl,T2,WB-WDI-2024
Iran,1996,gdp_per_capita_ppp,9915.59,USD_PPP_current_intl,T2,WB-WDI-2024
Iran,1997,gdp_per_capita_ppp,10100.97,USD_PPP_current_intl,T2,WB-WDI-2024
Iran,1998,gdp_per_capita_ppp,10284.70,USD_PPP_current_intl,T2,WB-WDI-2024
Iran,1999,gdp_per_capita_ppp,10488.67,USD_PPP_current_intl,T2,WB-WDI-2024
Iran,2000,gdp_per_capita_ppp,11186.90,USD_PPP_current_intl,T2,WB-WDI-2024
Iran,2001,gdp_per_capita_ppp,11533.00,USD_PPP_current_intl,T2,WB-WDI-2024
Iran,2002,gdp_per_capita_ppp,12554.33,USD_PPP_current_intl,T2,WB-WDI-2024
Iran,2003,gdp_per_capita_ppp,13754.91,USD_PPP_current_intl,T2,WB-WDI-2024
Iran,2004,gdp_per_capita_ppp,14425.42,USD_PPP_current_intl,T2,WB-WDI-2024
Iran,2005,gdp_per_capita_ppp,15016.27,USD_PPP_current_intl,T2,WB-WDI-2024
Iran,2006,gdp_per_capita_ppp,15906.86,USD_PPP_current_intl,T2,WB-WDI-2024
Iran,2007,gdp_per_capita_ppp,17383.72,USD_PPP_current_intl,T2,WB-WDI-2024
Iran,2008,gdp_per_capita_ppp,17548.67,USD_PPP_current_intl,T2,WB-WDI-2024
Iran,2009,gdp_per_capita_ppp,17614.67,USD_PPP_current_intl,T2,WB-WDI-2024
Iran,2010,gdp_per_capita_ppp,18627.82,USD_PPP_current_intl,T2,WB-WDI-2024
Iran,2011,gdp_per_capita_ppp,19275.44,USD_PPP_current_intl,T2,WB-WDI-2024
Iran,2012,gdp_per_capita_ppp,17021.37,USD_PPP_current_intl,T2,WB-WDI-2024
Iran,2013,gdp_per_capita_ppp,16215.21,USD_PPP_current_intl,T2,WB-WDI-2024
Iran,2014,gdp_per_capita_ppp,16065.16,USD_PPP_current_intl,T2,WB-WDI-2024
Iran,2015,gdp_per_capita_ppp,14273.55,USD_PPP_current_intl,T2,WB-WDI-2024
Iran,2016,gdp_per_capita_ppp,15194.79,USD_PPP_current_intl,T2,WB-WDI-2024
Iran,2017,gdp_per_capita_ppp,15719.42,USD_PPP_current_intl,T2,WB-WDI-2024
Iran,2018,gdp_per_capita_ppp,15324.07,USD_PPP_current_intl,T2,WB-WDI-2024
Iran,2019,gdp_per_capita_ppp,13927.51,USD_PPP_current_intl,T3,WB-WDI-2024
Iran,2020,gdp_per_capita_ppp,15119.31,USD_PPP_current_intl,T3,WB-WDI-2024
Iran,2021,gdp_per_capita_ppp,15884.43,USD_PPP_current_intl,T3,WB-WDI-2024
Iran,2022,gdp_per_capita_ppp,17545.62,USD_PPP_current_intl,T3,WB-WDI-2024
Iran,2023,gdp_per_capita_ppp,18917.09,USD_PPP_current_intl,T3,WB-WDI-2024
Iran,2024,gdp_per_capita_ppp,19873.89,USD_PPP_current_intl,T3,WB-WDI-2024
Iran,1979,gdp_per_capita_usd,2352.43,USD_current,T2,WB-WDI-2024
Iran,1980,gdp_per_capita_usd,2368.39,USD_current,T2,WB-WDI-2024
Iran,1981,gdp_per_capita_usd,2393.45,USD_current,T2,WB-WDI-2024
Iran,1982,gdp_per_capita_usd,2844.88,USD_current,T2,WB-WDI-2024
Iran,1983,gdp_per_capita_usd,3397.06,USD_current,T2,WB-WDI-2024
Iran,1984,gdp_per_capita_usd,3395.34,USD_current,T2,WB-WDI-2024
Iran,1985,gdp_per_capita_usd,3634.03,USD_current,T2,WB-WDI-2024
Iran,1986,gdp_per_capita_usd,4064.35,USD_current,T2,WB-WDI-2024
Iran,1987,gdp_per_capita_usd,2513.15,USD_current,T2,WB-WDI-2024
Iran,1988,gdp_per_capita_usd,2234.46,USD_current,T2,WB-WDI-2024
Iran,1989,gdp_per_capita_usd,2124.97,USD_current,T2,WB-WDI-2024
Iran,1990,gdp_per_capita_usd,2137.94,USD_current,T2,WB-WDI-2024
Iran,1991,gdp_per_capita_usd,2194.44,USD_current,T2,WB-WDI-2024
Iran,1992,gdp_per_capita_usd,1957.49,USD_current,T2,WB-WDI-2024
Iran,1993,gdp_per_capita_usd,1038.11,USD_current,T2,WB-WDI-2024
Iran,1994,gdp_per_capita_usd,1167.76,USD_current,T2,WB-WDI-2024
Iran,1995,gdp_per_capita_usd,1550.01,USD_current,T2,WB-WDI-2024
Iran,1996,gdp_per_capita_usd,1914.78,USD_current,T2,WB-WDI-2024
Iran,1997,gdp_per_capita_usd,1790.07,USD_current,T2,WB-WDI-2024
Iran,1998,gdp_per_capita_usd,1709.19,USD_current,T2,WB-WDI-2024
Iran,1999,gdp_per_capita_usd,1739.59,USD_current,T2,WB-WDI-2024
Iran,2000,gdp_per_capita_usd,1650.01,USD_current,T2,WB-WDI-2024
Iran,2001,gdp_per_capita_usd,1881.02,USD_current,T2,WB-WDI-2024
Iran,2002,gdp_per_capita_usd,1891.26,USD_current,T2,WB-WDI-2024
Iran,2003,gdp_per_capita_usd,2209.00,USD_current,T2,WB-WDI-2024
Iran,2004,gdp_per_capita_usd,2672.42,USD_current,T2,WB-WDI-2024
Iran,2005,gdp_per_capita_usd,3132.05,USD_current,T2,WB-WDI-2024
Iran,2006,gdp_per_capita_usd,3618.92,USD_current,T2,WB-WDI-2024
Iran,2007,gdp_per_capita_usd,4687.99,USD_current,T2,WB-WDI-2024
Iran,2008,gdp_per_capita_usd,5377.41,USD_current,T2,WB-WDI-2024
Iran,2009,gdp_per_capita_usd,5415.52,USD_current,T2,WB-WDI-2024
Iran,2010,gdp_per_capita_usd,6291.19,USD_current,T2,WB-WDI-2024
Iran,2011,gdp_per_capita_usd,8025.69,USD_current,T2,WB-WDI-2024
Iran,2012,gdp_per_capita_usd,8114.08,USD_current,T2,WB-WDI-2024
Iran,2013,gdp_per_capita_usd,6222.74,USD_current,T2,WB-WDI-2024
Iran,2014,gdp_per_capita_usd,5672.06,USD_current,T2,WB-WDI-2024
Iran,2015,gdp_per_capita_usd,4952.73,USD_current,T2,WB-WDI-2024
Iran,2016,gdp_per_capita_usd,5710.60,USD_current,T2,WB-WDI-2024
Iran,2017,gdp_per_capita_usd,6000.93,USD_current,T2,WB-WDI-2024
Iran,2018,gdp_per_capita_usd,4783.01,USD_current,T2,WB-WDI-2024
Iran,2019,gdp_per_capita_usd,3997.49,USD_current,T3,WB-WDI-2024
Iran,2020,gdp_per_capita_usd,3202.50,USD_current,T3,WB-WDI-2024
Iran,2021,gdp_per_capita_usd,4605.15,USD_current,T3,WB-WDI-2024
Iran,2022,gdp_per_capita_usd,4721.20,USD_current,T3,WB-WDI-2024
Iran,2023,gdp_per_capita_usd,5049.30,USD_current,T3,WB-WDI-2024
Iran,2024,gdp_per_capita_usd,5190.17,USD_current,T3,WB-WDI-2024
Iran,1979,military_spending_pct_gdp,5.797,percent,T2,SIPRI-MILEX-2024
Iran,1980,military_spending_pct_gdp,5.343,percent,T2,SIPRI-MILEX-2024
Iran,1981,military_spending_pct_gdp,8.190,percent,T2,SIPRI-MILEX-2024
Iran,1982,military_spending_pct_gdp,7.907,percent,T2,SIPRI-MILEX-2024
Iran,1983,military_spending_pct_gdp,7.097,percent,T2,SIPRI-MILEX-2024
Iran,1984,military_spending_pct_gdp,6.355,percent,T2,SIPRI-MILEX-2024
Iran,1985,military_spending_pct_gdp,6.512,percent,T2,SIPRI-MILEX-2024
Iran,1986,military_spending_pct_gdp,6.079,percent,T2,SIPRI-MILEX-2024
Iran,1987,military_spending_pct_gdp,5.889,percent,T2,SIPRI-MILEX-2024
Iran,1988,military_spending_pct_gdp,6.270,percent,T2,SIPRI-MILEX-2024
Iran,1989,military_spending_pct_gdp,4.558,percent,T2,SIPRI-MILEX-2024
Iran,1990,military_spending_pct_gdp,2.943,percent,T2,SIPRI-MILEX-2024
Iran,1991,military_spending_pct_gdp,2.170,percent,T2,SIPRI-MILEX-2024
Iran,1992,military_spending_pct_gdp,1.789,percent,T2,SIPRI-MILEX-2024
Iran,1993,military_spending_pct_gdp,1.700,percent,T2,SIPRI-MILEX-2024
Iran,1994,military_spending_pct_gdp,2.073,percent,T2,SIPRI-MILEX-2024
Iran,1995,military_spending_pct_gdp,2.154,percent,T2,SIPRI-MILEX-2024
Iran,1996,military_spending_pct_gdp,2.245,percent,T2,SIPRI-MILEX-2024
Iran,1997,military_spending_pct_gdp,2.499,percent,T2,SIPRI-MILEX-2024
Iran,1998,military_spending_pct_gdp,2.629,percent,T2,SIPRI-MILEX-2024
Iran,1999,military_spending_pct_gdp,2.405,percent,T2,SIPRI-MILEX-2024
Iran,2000,military_spending_pct_gdp,2.295,percent,T2,SIPRI-MILEX-2024
Iran,2001,military_spending_pct_gdp,2.418,percent,T2,SIPRI-MILEX-2024
Iran,2002,military_spending_pct_gdp,2.175,percent,T2,SIPRI-MILEX-2024
Iran,2003,military_spending_pct_gdp,2.405,percent,T2,SIPRI-MILEX-2024
Iran,2004,military_spending_pct_gdp,2.835,percent,T2,SIPRI-MILEX-2024
Iran,2005,military_spending_pct_gdp,3.037,percent,T2,SIPRI-MILEX-2024
Iran,2006,military_spending_pct_gdp,3.315,percent,T2,SIPRI-MILEX-2024
Iran,2007,military_spending_pct_gdp,2.654,percent,T2,SIPRI-MILEX-2024
Iran,2008,military_spending_pct_gdp,2.683,percent,T2,SIPRI-MILEX-2024
Iran,2009,military_spending_pct_gdp,3.048,percent,T2,SIPRI-MILEX-2024
Iran,2010,military_spending_pct_gdp,2.787,percent,T2,SIPRI-MILEX-2024
Iran,2011,military_spending_pct_gdp,2.382,percent,T2,SIPRI-MILEX-2024
Iran,2012,military_spending_pct_gdp,2.687,percent,T2,SIPRI-MILEX-2024
Iran,2013,military_spending_pct_gdp,2.181,percent,T2,SIPRI-MILEX-2024
Iran,2014,military_spending_pct_gdp,2.117,percent,T2,SIPRI-MILEX-2024
Iran,2015,military_spending_pct_gdp,2.557,percent,T2,SIPRI-MILEX-2024
Iran,2016,military_spending_pct_gdp,2.796,percent,T2,SIPRI-MILEX-2024
Iran,2017,military_spending_pct_gdp,2.844,percent,T2,SIPRI-MILEX-2024
Iran,2018,military_spending_pct_gdp,2.356,percent,T2,SIPRI-MILEX-2024
Iran,2019,military_spending_pct_gdp,2.147,percent,T2,SIPRI-MILEX-2024
Iran,2020,military_spending_pct_gdp,2.177,percent,T2,SIPRI-MILEX-2024
Iran,2021,military_spending_pct_gdp,2.318,percent,T2,SIPRI-MILEX-2024
Iran,2022,military_spending_pct_gdp,2.238,percent,T2,SIPRI-MILEX-2024
Iran,2023,military_spending_pct_gdp,2.494,percent,T2,SIPRI-MILEX-2024
Iran,2024,military_spending_pct_gdp,2.219,percent,T2,SIPRI-MILEX-2024
Iran,2025,military_spending_pct_gdp,2.092,percent,T2,SIPRI-MILEX-2024
Iran,1979,military_spending_usd,4993779938.92,USD_current,T2,SIPRI-MILEX-2024
Iran,1980,military_spending_usd,4874889400.11,USD_current,T2,SIPRI-MILEX-2024
Iran,1981,military_spending_usd,8121567621.45,USD_current,T2,SIPRI-MILEX-2024
Iran,1982,military_spending_usd,9703525315.26,USD_current,T2,SIPRI-MILEX-2024
Iran,1983,military_spending_usd,10550357292.93,USD_current,T2,SIPRI-MILEX-2024
Iran,1984,military_spending_usd,9926303621.97,USD_current,T2,SIPRI-MILEX-2024
Iran,1985,military_spending_usd,10706415944.51,USD_current,T2,SIPRI-MILEX-2024
Iran,1986,military_spending_usd,11741433342.09,USD_current,T2,SIPRI-MILEX-2024
Iran,1987,military_spending_usd,15263376569.60,USD_current,T2,SIPRI-MILEX-2024
Iran,1988,military_spending_usd,18889008562.66,USD_current,T2,SIPRI-MILEX-2024
Iran,1989,military_spending_usd,16301812932.06,USD_current,T2,SIPRI-MILEX-2024
Iran,1990,military_spending_usd,16474401698.23,USD_current,T2,SIPRI-MILEX-2024
Iran,1991,military_spending_usd,17549594829.94,USD_current,T2,SIPRI-MILEX-2024
Iran,1992,military_spending_usd,19732558015.41,USD_current,T2,SIPRI-MILEX-2024
Iran,1993,military_spending_usd,1448177703.48,USD_current,T2,SIPRI-MILEX-2024
Iran,1994,military_spending_usd,1703171536.21,USD_current,T2,SIPRI-MILEX-2024
Iran,1995,military_spending_usd,2501544189.56,USD_current,T2,SIPRI-MILEX-2024
Iran,1996,military_spending_usd,3550986964.19,USD_current,T2,SIPRI-MILEX-2024
Iran,1997,military_spending_usd,4642384615.82,USD_current,T2,SIPRI-MILEX-2024
Iran,1998,military_spending_usd,5479362941.74,USD_current,T2,SIPRI-MILEX-2024
Iran,1999,military_spending_usd,6650285144.00,USD_current,T2,SIPRI-MILEX-2024
Iran,2000,military_spending_usd,8327053824.36,USD_current,T2,SIPRI-MILEX-2024
Iran,2001,military_spending_usd,10378791765.72,USD_current,T2,SIPRI-MILEX-2024
Iran,2002,military_spending_usd,3243891033.23,USD_current,T2,SIPRI-MILEX-2024
Iran,2003,military_spending_usd,3717068449.78,USD_current,T2,SIPRI-MILEX-2024
Iran,2004,military_spending_usd,5243621132.60,USD_current,T2,SIPRI-MILEX-2024
Iran,2005,military_spending_usd,6796744965.39,USD_current,T2,SIPRI-MILEX-2024
Iran,2006,military_spending_usd,8751474767.04,USD_current,T2,SIPRI-MILEX-2024
Iran,2007,military_spending_usd,9330901881.77,USD_current,T2,SIPRI-MILEX-2024
Iran,2008,military_spending_usd,11081950208.57,USD_current,T2,SIPRI-MILEX-2024
Iran,2009,military_spending_usd,12584623338.71,USD_current,T2,SIPRI-MILEX-2024
Iran,2010,military_spending_usd,13561272454.21,USD_current,T2,SIPRI-MILEX-2024
Iran,2011,military_spending_usd,14277667360.57,USD_current,T2,SIPRI-MILEX-2024
Iran,2012,military_spending_usd,16493963286.93,USD_current,T2,SIPRI-MILEX-2024
Iran,2013,military_spending_usd,11997186984.10,USD_current,T2,SIPRI-MILEX-2024
Iran,2014,military_spending_usd,9901118855.30,USD_current,T2,SIPRI-MILEX-2024
Iran,2015,military_spending_usd,10588769670.87,USD_current,T2,SIPRI-MILEX-2024
Iran,2016,military_spending_usd,12234378306.65,USD_current,T2,SIPRI-MILEX-2024
Iran,2017,military_spending_usd,13931196489.80,USD_current,T2,SIPRI-MILEX-2024
Iran,2018,military_spending_usd,11795842412.29,USD_current,T2,SIPRI-MILEX-2024
Iran,2019,military_spending_usd,4921057693.83,USD_current,T3,SIPRI-MILEX-2024
Iran,2020,military_spending_usd,3349702008.05,USD_current,T3,SIPRI-MILEX-2024
Iran,2021,military_spending_usd,5699580109.50,USD_current,T3,SIPRI-MILEX-2024
Iran,2022,military_spending_usd,7459331830.85,USD_current,T3,SIPRI-MILEX-2024
Iran,2023,military_spending_usd,7390861136.38,USD_current,T3,SIPRI-MILEX-2024
Iran,2024,military_spending_usd,7891903306.82,USD_current,T3,SIPRI-MILEX-2024
Iran,2025,military_spending_usd,7396057109.81,USD_current,T3,SIPRI-MILEX-2024
Iran,1979,oil_exports,657.0,million_barrels_per_year,T3,EI-2024
Iran,1980,oil_exports,256.2,million_barrels_per_year,T3,EI-2024
Iran,1981,oil_exports,255.5,million_barrels_per_year,T3,EI-2024
Iran,1982,oil_exports,547.5,million_barrels_per_year,T3,EI-2024
Iran,1983,oil_exports,584.0,million_barrels_per_year,T3,EI-2024
Iran,1984,oil_exports,512.4,million_barrels_per_year,T3,EI-2024
Iran,1985,oil_exports,511.0,million_barrels_per_year,T3,EI-2024
Iran,1986,oil_exports,474.5,million_barrels_per_year,T3,EI-2024
Iran,1987,oil_exports,547.5,million_barrels_per_year,T3,EI-2024
Iran,1988,oil_exports,549.0,million_barrels_per_year,T3,EI-2024
Iran,1989,oil_exports,693.5,million_barrels_per_year,T2,EI-2024
Iran,1990,oil_exports,803.0,million_barrels_per_year,T2,EI-2024
Iran,1991,oil_exports,876.0,million_barrels_per_year,T2,EI-2024
Iran,1992,oil_exports,878.4,million_barrels_per_year,T2,EI-2024
Iran,1993,oil_exports,839.5,million_barrels_per_year,T2,EI-2024
Iran,1994,oil_exports,839.5,million_barrels_per_year,T2,EI-2024
Iran,1995,oil_exports,839.5,million_barrels_per_year,T2,EI-2024
Iran,1996,oil_exports,841.8,million_barrels_per_year,T2,EI-2024
Iran,1997,oil_exports,839.5,million_barrels_per_year,T2,EI-2024
Iran,1998,oil_exports,839.5,million_barrels_per_year,T2,EI-2024
Iran,1999,oil_exports,730.0,million_barrels_per_year,T2,EI-2024
Iran,2000,oil_exports,841.8,million_barrels_per_year,T2,EI-2024
Iran,2001,oil_exports,803.0,million_barrels_per_year,T2,EI-2024
Iran,2002,oil_exports,730.0,million_barrels_per_year,T2,EI-2024
Iran,2003,oil_exports,876.0,million_barrels_per_year,T2,EI-2024
Iran,2004,oil_exports,915.0,million_barrels_per_year,T2,EI-2024
Iran,2005,oil_exports,912.5,million_barrels_per_year,T2,EI-2024
Iran,2006,oil_exports,876.0,million_barrels_per_year,T2,EI-2024
Iran,2007,oil_exports,912.5,million_barrels_per_year,T2,EI-2024
Iran,2008,oil_exports,915.0,million_barrels_per_year,T2,EI-2024
Iran,2009,oil_exports,876.0,million_barrels_per_year,T2,EI-2024
Iran,2010,oil_exports,912.5,million_barrels_per_year,T2,EI-2024
Iran,2011,oil_exports,912.5,million_barrels_per_year,T2,EI-2024
Iran,2012,oil_exports,549.0,million_barrels_per_year,T4,EI-2024
Iran,2013,oil_exports,401.5,million_barrels_per_year,T4,EI-2024
Iran,2014,oil_exports,401.5,million_barrels_per_year,T4,EI-2024
Iran,2015,oil_exports,401.5,million_barrels_per_year,T4,EI-2024
Iran,2016,oil_exports,768.6,million_barrels_per_year,T2,EI-2024
Iran,2017,oil_exports,912.5,million_barrels_per_year,T2,EI-2024
Iran,2018,oil_exports,839.5,million_barrels_per_year,T2,EI-2024
Iran,2019,oil_exports,182.5,million_barrels_per_year,T4,EI-2024
Iran,2020,oil_exports,146.4,million_barrels_per_year,T4,EI-2024
Iran,2021,oil_exports,219.0,million_barrels_per_year,T4,EI-2024
Iran,2022,oil_exports,365.0,million_barrels_per_year,T4,EI-2024
Iran,2023,oil_exports,474.5,million_barrels_per_year,T4,EI-2024
Iran,2024,oil_exports,512.4,million_barrels_per_year,T4,PROJ-DB
Iran,2025,oil_exports,503.7,million_barrels_per_year,T2,PROJ-DB
Iran,2026,oil_exports,438.0,million_barrels_per_year,T4,IEA-OMR-2026
Iran,1979,oil_production,1168.0,million_barrels_per_year,T3,EI-2024
Iran,1980,oil_production,549.0,million_barrels_per_year,T3,EI-2024
Iran,1981,oil_production,474.5,million_barrels_per_year,T3,EI-2024
Iran,1982,oil_production,876.0,million_barrels_per_year,T1,EI-2024
Iran,1983,oil_production,912.5,million_barrels_per_year,T1,EI-2024
Iran,1984,oil_production,805.2,million_barrels_per_year,T1,EI-2024
Iran,1985,oil_production,803.0,million_barrels_per_year,T1,EI-2024
Iran,1986,oil_production,693.5,million_barrels_per_year,T1,EI-2024
Iran,1987,oil_production,839.5,million_barrels_per_year,T1,EI-2024
Iran,1988,oil_production,841.8,million_barrels_per_year,T1,EI-2024
Iran,1989,oil_production,1022.0,million_barrels_per_year,T1,EI-2024
Iran,1990,oil_production,1131.5,million_barrels_per_year,T1,EI-2024
Iran,1991,oil_production,1241.0,million_barrels_per_year,T1,EI-2024
Iran,1992,oil_production,1281.0,million_barrels_per_year,T1,EI-2024
Iran,1993,oil_production,1350.5,million_barrels_per_year,T1,EI-2024
Iran,1994,oil_production,1350.5,million_barrels_per_year,T1,EI-2024
Iran,1995,oil_production,1350.5,million_barrels_per_year,T1,EI-2024
Iran,1996,oil_production,1354.2,million_barrels_per_year,T1,EI-2024
Iran,1997,oil_production,1387.0,million_barrels_per_year,T1,EI-2024
Iran,1998,oil_production,1423.5,million_barrels_per_year,T1,EI-2024
Iran,1999,oil_production,1314.0,million_barrels_per_year,T1,EI-2024
Iran,2000,oil_production,1390.8,million_barrels_per_year,T1,EI-2024
Iran,2001,oil_production,1350.5,million_barrels_per_year,T1,EI-2024
Iran,2002,oil_production,1277.5,million_barrels_per_year,T1,EI-2024
Iran,2003,oil_production,1460.0,million_barrels_per_year,T1,EI-2024
Iran,2004,oil_production,1500.6,million_barrels_per_year,T1,EI-2024
Iran,2005,oil_production,1533.0,million_barrels_per_year,T1,EI-2024
Iran,2006,oil_production,1533.0,million_barrels_per_year,T1,EI-2024
Iran,2007,oil_production,1569.5,million_barrels_per_year,T1,EI-2024
Iran,2008,oil_production,1610.4,million_barrels_per_year,T1,EI-2024
Iran,2009,oil_production,1533.0,million_barrels_per_year,T1,EI-2024
Iran,2010,oil_production,1606.0,million_barrels_per_year,T1,EI-2024
Iran,2011,oil_production,1569.5,million_barrels_per_year,T1,EI-2024
Iran,2012,oil_production,1354.2,million_barrels_per_year,T1,EI-2024
Iran,2013,oil_production,1314.0,million_barrels_per_year,T1,EI-2024
Iran,2014,oil_production,1314.0,million_barrels_per_year,T1,EI-2024
Iran,2015,oil_production,1423.5,million_barrels_per_year,T1,EI-2024
Iran,2016,oil_production,1683.6,million_barrels_per_year,T1,EI-2024
Iran,2017,oil_production,1788.5,million_barrels_per_year,T1,EI-2024
Iran,2018,oil_production,1715.5,million_barrels_per_year,T1,EI-2024
Iran,2019,oil_production,1277.5,million_barrels_per_year,T1,EI-2024
Iran,2020,oil_production,1098.0,million_barrels_per_year,T1,EI-2024
Iran,2021,oil_production,1241.0,million_barrels_per_year,T1,EI-2024
Iran,2022,oil_production,1387.0,million_barrels_per_year,T1,EI-2024
Iran,2023,oil_production,1460.0,million_barrels_per_year,T1,EI-2024
Iran,2024,oil_production,1244.4,million_barrels_per_year,T4,EIA-IES-2025
Iran,2025,oil_production,1241.0,million_barrels_per_year,T4,EIA-STEO-2026
Iran,2026,oil_production,1277.5,million_barrels_per_year,T4,EIA-STEO-2026
Iran,1979,oil_rents_pct_gdp,36.271,percent,T2,WB-WDI-2024
Iran,1980,oil_rents_pct_gdp,34.060,percent,T2,WB-WDI-2024
Iran,1981,oil_rents_pct_gdp,26.957,percent,T2,WB-WDI-2024
Iran,1982,oil_rents_pct_gdp,19.788,percent,T2,WB-WDI-2024
Iran,1983,oil_rents_pct_gdp,15.933,percent,T2,WB-WDI-2024
Iran,1984,oil_rents_pct_gdp,14.835,percent,T2,WB-WDI-2024
Iran,1985,oil_rents_pct_gdp,13.011,percent,T2,WB-WDI-2024
Iran,1986,oil_rents_pct_gdp,5.326,percent,T2,WB-WDI-2024
Iran,1987,oil_rents_pct_gdp,11.717,percent,T2,WB-WDI-2024
Iran,1988,oil_rents_pct_gdp,11.053,percent,T2,WB-WDI-2024
Iran,1989,oil_rents_pct_gdp,17.702,percent,T2,WB-WDI-2024
Iran,1990,oil_rents_pct_gdp,23.291,percent,T2,WB-WDI-2024
Iran,1993,oil_rents_pct_gdp,29.385,percent,T2,WB-WDI-2024
Iran,1994,oil_rents_pct_gdp,24.219,percent,T2,WB-WDI-2024
Iran,1995,oil_rents_pct_gdp,19.304,percent,T2,WB-WDI-2024
Iran,1996,oil_rents_pct_gdp,19.669,percent,T2,WB-WDI-2024
Iran,1997,oil_rents_pct_gdp,18.044,percent,T2,WB-WDI-2024
Iran,1998,oil_rents_pct_gdp,11.649,percent,T2,WB-WDI-2024
Iran,1999,oil_rents_pct_gdp,16.790,percent,T2,WB-WDI-2024
Iran,2000,oil_rents_pct_gdp,30.664,percent,T2,WB-WDI-2024
Iran,2001,oil_rents_pct_gdp,21.488,percent,T2,WB-WDI-2024
Iran,2002,oil_rents_pct_gdp,20.444,percent,T2,WB-WDI-2024
Iran,2003,oil_rents_pct_gdp,22.045,percent,T2,WB-WDI-2024
Iran,2004,oil_rents_pct_gdp,25.199,percent,T2,WB-WDI-2024
Iran,2005,oil_rents_pct_gdp,31.608,percent,T2,WB-WDI-2024
Iran,2006,oil_rents_pct_gdp,31.558,percent,T2,WB-WDI-2024
Iran,2007,oil_rents_pct_gdp,26.125,percent,T2,WB-WDI-2024
Iran,2008,oil_rents_pct_gdp,30.566,percent,T2,WB-WDI-2024
Iran,2009,oil_rents_pct_gdp,17.551,percent,T2,WB-WDI-2024
Iran,2010,oil_rents_pct_gdp,20.225,percent,T2,WB-WDI-2024
Iran,2011,oil_rents_pct_gdp,22.351,percent,T2,WB-WDI-2024
Iran,2012,oil_rents_pct_gdp,18.412,percent,T2,WB-WDI-2024
Iran,2013,oil_rents_pct_gdp,21.257,percent,T2,WB-WDI-2024
Iran,2014,oil_rents_pct_gdp,21.235,percent,T2,WB-WDI-2024
Iran,2015,oil_rents_pct_gdp,12.266,percent,T2,WB-WDI-2024
Iran,2016,oil_rents_pct_gdp,10.890,percent,T2,WB-WDI-2024
Iran,2017,oil_rents_pct_gdp,14.620,percent,T2,WB-WDI-2024
Iran,2018,oil_rents_pct_gdp,27.665,percent,T2,WB-WDI-2024
Iran,2019,oil_rents_pct_gdp,20.078,percent,T2,WB-WDI-2024
Iran,2020,oil_rents_pct_gdp,13.273,percent,T2,WB-WDI-2024
Iran,2021,oil_rents_pct_gdp,18.266,percent,T2,WB-WDI-2024
Iran,1979,population,38424952,persons,T2,WB-WDI-2024
Iran,1980,population,39842324,persons,T2,WB-WDI-2024
Iran,1981,population,41989312,persons,T2,WB-WDI-2024
Iran,1982,population,44272141,persons,T2,WB-WDI-2024
Iran,1983,population,46029535,persons,T2,WB-WDI-2024
Iran,1984,population,47793998,persons,T2,WB-WDI-2024
Iran,1985,population,49582289,persons,T2,WB-WDI-2024
Iran,1986,population,51446045,persons,T2,WB-WDI-2024
Iran,1987,population,53323493,persons,T2,WB-WDI-2024
Iran,1988,population,55072694,persons,T2,WB-WDI-2024
Iran,1989,population,56704914,persons,T2,WB-WDI-2024
Iran,1990,population,58380092,persons,T2,WB-WDI-2024
Iran,1991,population,59986931,persons,T2,WB-WDI-2024
Iran,1992,population,61184983,persons,T2,WB-WDI-2024
Iran,1993,population,61403543,persons,T2,WB-WDI-2024
Iran,1994,population,61520598,persons,T2,WB-WDI-2024
Iran,1995,population,62205567,persons,T2,WB-WDI-2024
Iran,1996,population,62881300,persons,T2,WB-WDI-2024
Iran,1997,population,63639638,persons,T2,WB-WDI-2024
Iran,1998,population,64519859,persons,T2,WB-WDI-2024
Iran,1999,population,65445391,persons,T2,WB-WDI-2024
Iran,2000,population,66418659,persons,T2,WB-WDI-2024
Iran,2001,population,67452005,persons,T2,WB-WDI-2024
Iran,2002,population,68011317,persons,T2,WB-WDI-2024
Iran,2003,population,68769340,persons,T2,WB-WDI-2024
Iran,2004,population,70256316,persons,T2,WB-WDI-2024
Iran,2005,population,71828455,persons,T2,WB-WDI-2024
Iran,2006,population,73392747,persons,T2,WB-WDI-2024
Iran,2007,population,74602648,persons,T2,WB-WDI-2024
Iran,2008,population,75514204,persons,T2,WB-WDI-2024
Iran,2009,population,76457825,persons,T2,WB-WDI-2024
Iran,2010,population,77420842,persons,T2,WB-WDI-2024
Iran,2011,population,78383598,persons,T2,WB-WDI-2024
Iran,2012,population,79370580,persons,T2,WB-WDI-2024
Iran,2013,population,80414686,persons,T2,WB-WDI-2024
Iran,2014,population,81502045,persons,T2,WB-WDI-2024
Iran,2015,population,82619362,persons,T2,WB-WDI-2024
Iran,2016,population,83812228,persons,T2,WB-WDI-2024
Iran,2017,population,85026754,persons,T2,WB-WDI-2024
Iran,2018,population,86117998,persons,T2,WB-WDI-2024
Iran,2019,population,87051648,persons,T2,WB-WDI-2024
Iran,2020,population,87723443,persons,T2,WB-WDI-2024
Iran,2021,population,88455488,persons,T2,WB-WDI-2024
Iran,2022,population,89524246,persons,T2,WB-WDI-2024
Iran,2023,population,90608707,persons,T2,WB-WDI-2024
Iran,2024,population,91567738,persons,T2,WB-WDI-2024
Iran,1979,trade_pct_gdp,42.806,percent,T2,WB-WDI-2024
Iran,1980,trade_pct_gdp,42.483,percent,T2,WB-WDI-2024
Iran,1981,trade_pct_gdp,40.313,percent,T2,WB-WDI-2024
Iran,1982,trade_pct_gdp,38.064,percent,T2,WB-WDI-2024
Iran,1983,trade_pct_gdp,38.730,percent,T2,WB-WDI-2024
Iran,1984,trade_pct_gdp,27.934,percent,T2,WB-WDI-2024
Iran,1985,trade_pct_gdp,23.172,percent,T2,WB-WDI-2024
Iran,1986,trade_pct_gdp,14.145,percent,T2,WB-WDI-2024
Iran,1987,trade_pct_gdp,17.885,percent,T2,WB-WDI-2024
Iran,1988,trade_pct_gdp,21.584,percent,T2,WB-WDI-2024
Iran,1989,trade_pct_gdp,27.935,percent,T2,WB-WDI-2024
Iran,1990,trade_pct_gdp,37.081,percent,T2,WB-WDI-2024
Iran,1991,trade_pct_gdp,44.194,percent,T2,WB-WDI-2024
Iran,1992,trade_pct_gdp,40.398,percent,T2,WB-WDI-2024
Iran,1993,trade_pct_gdp,46.041,percent,T2,WB-WDI-2024
Iran,1994,trade_pct_gdp,41.609,percent,T2,WB-WDI-2024
Iran,1995,trade_pct_gdp,35.144,percent,T2,WB-WDI-2024
Iran,1996,trade_pct_gdp,35.221,percent,T2,WB-WDI-2024
Iran,1997,trade_pct_gdp,32.650,percent,T2,WB-WDI-2024
Iran,1998,trade_pct_gdp,29.228,percent,T2,WB-WDI-2024
Iran,1999,trade_pct_gdp,34.885,percent,T2,WB-WDI-2024
Iran,2000,trade_pct_gdp,41.257,percent,T2,WB-WDI-2024
Iran,2001,trade_pct_gdp,40.536,percent,T2,WB-WDI-2024
Iran,2002,trade_pct_gdp,48.173,percent,T2,WB-WDI-2024
Iran,2003,trade_pct_gdp,50.679,percent,T2,WB-WDI-2024
Iran,2004,trade_pct_gdp,51.314,percent,T2,WB-WDI-2024
Iran,2005,trade_pct_gdp,54.440,percent,T2,WB-WDI-2024
Iran,2006,trade_pct_gdp,53.167,percent,T2,WB-WDI-2024
Iran,2007,trade_pct_gdp,49.887,percent,T2,WB-WDI-2024
Iran,2008,trade_pct_gdp,48.229,percent,T2,WB-WDI-2024
Iran,2009,trade_pct_gdp,43.700,percent,T2,WB-WDI-2024
Iran,2010,trade_pct_gdp,43.771,percent,T2,WB-WDI-2024
Iran,2011,trade_pct_gdp,41.219,percent,T2,WB-WDI-2024
Iran,2012,trade_pct_gdp,44.089,percent,T2,WB-WDI-2024
Iran,2013,trade_pct_gdp,47.087,percent,T2,WB-WDI-2024
Iran,2014,trade_pct_gdp,45.351,percent,T2,WB-WDI-2024
Iran,2015,trade_pct_gdp,39.423,percent,T2,WB-WDI-2024
Iran,2016,trade_pct_gdp,39.877,percent,T2,WB-WDI-2024
Iran,2017,trade_pct_gdp,43.156,percent,T2,WB-WDI-2024
Iran,2018,trade_pct_gdp,56.615,percent,T2,WB-WDI-2024
Iran,2019,trade_pct_gdp,48.592,percent,T2,WB-WDI-2024
Iran,2020,trade_pct_gdp,43.884,percent,T2,WB-WDI-2024
Iran,2021,trade_pct_gdp,42.672,percent,T2,WB-WDI-2024
Iran,2022,trade_pct_gdp,48.918,percent,T2,WB-WDI-2024
Iran,2023,trade_pct_gdp,49.394,percent,T2,WB-WDI-2024
Iran,2024,trade_pct_gdp,52.062,percent,T2,WB-WDI-2024
Iran,1991,unemployment_rate,11.100,percent,T2,WB-WDI-2024
Iran,1992,unemployment_rate,10.653,percent,T2,WB-WDI-2024
Iran,1993,unemployment_rate,10.573,percent,T2,WB-WDI-2024
Iran,1994,unemployment_rate,10.458,percent,T2,WB-WDI-2024
Iran,1995,unemployment_rate,9.904,percent,T2,WB-WDI-2024
Iran,1996,unemployment_rate,9.100,percent,T2,WB-WDI-2024
Iran,1997,unemployment_rate,9.680,percent,T2,WB-WDI-2024
Iran,1998,unemployment_rate,10.358,percent,T2,WB-WDI-2024
Iran,1999,unemployment_rate,11.176,percent,T2,WB-WDI-2024
Iran,2000,unemployment_rate,11.698,percent,T2,WB-WDI-2024
Iran,2001,unemployment_rate,12.362,percent,T2,WB-WDI-2024
Iran,2002,unemployment_rate,12.800,percent,T2,WB-WDI-2024
Iran,2003,unemployment_rate,11.529,percent,T2,WB-WDI-2024
Iran,2004,unemployment_rate,10.300,percent,T2,WB-WDI-2024
Iran,2005,unemployment_rate,11.813,percent,T2,WB-WDI-2024
Iran,2006,unemployment_rate,11.519,percent,T2,WB-WDI-2024
Iran,2007,unemployment_rate,10.772,percent,T2,WB-WDI-2024
Iran,2008,unemployment_rate,10.630,percent,T2,WB-WDI-2024
Iran,2009,unemployment_rate,12.113,percent,T2,WB-WDI-2024
Iran,2010,unemployment_rate,13.679,percent,T2,WB-WDI-2024
Iran,2011,unemployment_rate,12.491,percent,T2,WB-WDI-2024
Iran,2012,unemployment_rate,12.275,percent,T2,WB-WDI-2024
Iran,2013,unemployment_rate,10.595,percent,T2,WB-WDI-2024
Iran,2014,unemployment_rate,10.680,percent,T2,WB-WDI-2024
Iran,2015,unemployment_rate,11.166,percent,T2,WB-WDI-2024
Iran,2016,unemployment_rate,12.618,percent,T2,WB-WDI-2024
Iran,2017,unemployment_rate,12.232,percent,T2,WB-WDI-2024
Iran,2018,unemployment_rate,12.195,percent,T2,WB-WDI-2024
Iran,2019,unemployment_rate,10.740,percent,T2,WB-WDI-2024
Iran,2020,unemployment_rate,9.687,percent,T2,WB-WDI-2024
Iran,2021,unemployment_rate,9.282,percent,T2,WB-WDI-2024
Iran,2022,unemployment_rate,9.085,percent,T2,WB-WDI-2024
Iran,2023,unemployment_rate,8.129,percent,T2,WB-WDI-2024
Iran,2024,unemployment_rate,8.146,percent,T2,WB-WDI-2024
Iraq,1979,gas_production,4,billion_cubic_meters_per_year,T2,EI-2024
Iraq,1980,gas_production,3,billion_cubic_meters_per_year,T2,EI-2024
Iraq,1981,gas_production,1,billion_cubic_meters_per_year,T2,EI-2024
Iraq,1982,gas_production,1,billion_cubic_meters_per_year,T2,EI-2024
Iraq,1983,gas_production,1,billion_cubic_meters_per_year,T2,EI-2024
Iraq,1984,gas_production,2,billion_cubic_meters_per_year,T2,EI-2024
Iraq,1985,gas_production,3,billion_cubic_meters_per_year,T2,EI-2024
Iraq,1986,gas_production,4,billion_cubic_meters_per_year,T2,EI-2024
Iraq,1987,gas_production,5,billion_cubic_meters_per_year,T2,EI-2024
Iraq,1988,gas_production,6,billion_cubic_meters_per_year,T2,EI-2024
Iraq,1989,gas_production,7,billion_cubic_meters_per_year,T2,EI-2024
Iraq,1990,gas_production,7,billion_cubic_meters_per_year,T2,EI-2024
Iraq,1991,gas_production,1,billion_cubic_meters_per_year,T2,EI-2024
Iraq,1992,gas_production,1,billion_cubic_meters_per_year,T2,EI-2024
Iraq,1993,gas_production,1,billion_cubic_meters_per_year,T2,EI-2024
Iraq,1994,gas_production,1,billion_cubic_meters_per_year,T2,EI-2024
Iraq,1995,gas_production,1,billion_cubic_meters_per_year,T2,EI-2024
Iraq,1996,gas_production,1,billion_cubic_meters_per_year,T2,EI-2024
Iraq,1997,gas_production,2,billion_cubic_meters_per_year,T2,EI-2024
Iraq,1998,gas_production,3,billion_cubic_meters_per_year,T2,EI-2024
Iraq,1999,gas_production,3,billion_cubic_meters_per_year,T2,EI-2024
Iraq,2000,gas_production,3,billion_cubic_meters_per_year,T2,EI-2024
Iraq,2001,gas_production,2,billion_cubic_meters_per_year,T2,EI-2024
Iraq,2002,gas_production,2,billion_cubic_meters_per_year,T2,EI-2024
Iraq,2003,gas_production,1,billion_cubic_meters_per_year,T2,EI-2024
Iraq,2004,gas_production,2,billion_cubic_meters_per_year,T2,EI-2024
Iraq,2005,gas_production,1,billion_cubic_meters_per_year,T2,EI-2024
Iraq,2006,gas_production,1,billion_cubic_meters_per_year,T2,EI-2024
Iraq,2007,gas_production,2,billion_cubic_meters_per_year,T2,EI-2024
Iraq,2008,gas_production,2,billion_cubic_meters_per_year,T2,EI-2024
Iraq,2009,gas_production,2,billion_cubic_meters_per_year,T2,EI-2024
Iraq,2010,gas_production,2,billion_cubic_meters_per_year,T2,EI-2024
Iraq,2011,gas_production,2,billion_cubic_meters_per_year,T2,EI-2024
Iraq,2012,gas_production,3,billion_cubic_meters_per_year,T2,EI-2024
Iraq,2013,gas_production,4,billion_cubic_meters_per_year,T2,EI-2024
Iraq,2014,gas_production,4,billion_cubic_meters_per_year,T2,EI-2024
Iraq,2015,gas_production,5,billion_cubic_meters_per_year,T2,EI-2024
Iraq,2016,gas_production,6,billion_cubic_meters_per_year,T2,EI-2024
Iraq,2017,gas_production,7,billion_cubic_meters_per_year,T2,EI-2024
Iraq,2018,gas_production,9,billion_cubic_meters_per_year,T2,EI-2024
Iraq,2019,gas_production,10,billion_cubic_meters_per_year,T2,EI-2024
Iraq,2020,gas_production,9,billion_cubic_meters_per_year,T2,EI-2024
Iraq,2021,gas_production,10,billion_cubic_meters_per_year,T2,EI-2024
Iraq,2022,gas_production,11,billion_cubic_meters_per_year,T2,EI-2024
Iraq,2023,gas_production,11,billion_cubic_meters_per_year,T2,EI-2024
Iraq,2024,gas_production,11,billion_cubic_meters_per_year,T2,EI-2024
Iraq,2025,gas_production,11,billion_cubic_meters_per_year,T2,EI-2024
Iraq,1979,gdp_nominal_usd,37816457839.49,USD_current,T2,WB-WDI-2024
Iraq,1980,gdp_nominal_usd,52569000000.00,USD_current,T2,WB-WDI-2024
Iraq,1981,gdp_nominal_usd,37823000000.00,USD_current,T2,WB-WDI-2024
Iraq,1982,gdp_nominal_usd,42382333333.33,USD_current,T2,WB-WDI-2024
Iraq,1983,gdp_nominal_usd,40712903225.81,USD_current,T2,WB-WDI-2024
Iraq,1984,gdp_nominal_usd,46938387096.77,USD_current,T2,WB-WDI-2024
Iraq,1985,gdp_nominal_usd,48425161290.32,USD_current,T2,WB-WDI-2024
Iraq,1986,gdp_nominal_usd,47264516129.03,USD_current,T2,WB-WDI-2024
Iraq,1987,gdp_nominal_usd,56774193548.39,USD_current,T2,WB-WDI-2024
Iraq,1988,gdp_nominal_usd,62684516129.03,USD_current,T2,WB-WDI-2024
Iraq,1989,gdp_nominal_usd,65831935483.87,USD_current,T2,WB-WDI-2024
Iraq,1990,gdp_nominal_usd,180408064516.13,USD_current,T3,WB-WDI-2024
Iraq,1991,gdp_nominal_usd,407796349.66,USD_current,T3,WB-WDI-2024
Iraq,1992,gdp_nominal_usd,553671957.67,USD_current,T3,WB-WDI-2024
Iraq,1993,gdp_nominal_usd,1031944881.13,USD_current,T3,WB-WDI-2024
Iraq,1994,gdp_nominal_usd,3991349282.76,USD_current,T3,WB-WDI-2024
Iraq,1995,gdp_nominal_usd,12894029888.11,USD_current,T3,WB-WDI-2024
Iraq,1996,gdp_nominal_usd,10433698621.34,USD_current,T2,WB-WDI-2024
Iraq,1997,gdp_nominal_usd,20764857056.38,USD_current,T2,WB-WDI-2024
Iraq,1998,gdp_nominal_usd,20617405044.24,USD_current,T2,WB-WDI-2024
Iraq,1999,gdp_nominal_usd,36881601583.82,USD_current,T2,WB-WDI-2024
Iraq,2000,gdp_nominal_usd,48364250943.91,USD_current,T2,WB-WDI-2024
Iraq,2001,gdp_nominal_usd,36176430128.81,USD_current,T2,WB-WDI-2024
Iraq,2002,gdp_nominal_usd,32928454672.42,USD_current,T2,WB-WDI-2024
Iraq,2003,gdp_nominal_usd,21921569478.82,USD_current,T2,WB-WDI-2024
Iraq,2004,gdp_nominal_usd,36633669269.40,USD_current,T2,WB-WDI-2024
Iraq,2005,gdp_nominal_usd,50065104667.82,USD_current,T2,WB-WDI-2024
Iraq,2006,gdp_nominal_usd,65147051918.02,USD_current,T2,WB-WDI-2024
Iraq,2007,gdp_nominal_usd,88837057319.52,USD_current,T2,WB-WDI-2024
Iraq,2008,gdp_nominal_usd,131614434153.51,USD_current,T2,WB-WDI-2024
Iraq,2009,gdp_nominal_usd,111657580326.32,USD_current,T2,WB-WDI-2024
Iraq,2010,gdp_nominal_usd,138516722649.57,USD_current,T2,WB-WDI-2024
Iraq,2011,gdp_nominal_usd,185749664444.44,USD_current,T2,WB-WDI-2024
Iraq,2012,gdp_nominal_usd,218002476129.47,USD_current,T2,WB-WDI-2024
Iraq,2013,gdp_nominal_usd,234637675128.64,USD_current,T2,WB-WDI-2024
Iraq,2014,gdp_nominal_usd,228415656174.96,USD_current,T2,WB-WDI-2024
Iraq,2015,gdp_nominal_usd,166774104959.10,USD_current,T2,WB-WDI-2024
Iraq,2016,gdp_nominal_usd,166743557747.67,USD_current,T2,WB-WDI-2024
Iraq,2017,gdp_nominal_usd,187217660050.68,USD_current,T2,WB-WDI-2024
Iraq,2018,gdp_nominal_usd,227367469034.03,USD_current,T2,WB-WDI-2024
Iraq,2019,gdp_nominal_usd,233636097800.34,USD_current,T2,WB-WDI-2024
Iraq,2020,gdp_nominal_usd,180898797516.87,USD_current,T2,WB-WDI-2024
Iraq,2021,gdp_nominal_usd,209691945713.10,USD_current,T2,WB-WDI-2024
Iraq,2022,gdp_nominal_usd,287372232137.93,USD_current,T2,WB-WDI-2024
Iraq,2023,gdp_nominal_usd,268881051643.55,USD_current,T2,WB-WDI-2024
Iraq,2024,gdp_nominal_usd,279641257615.39,USD_current,T2,WB-WDI-2024
Iraq,1991,gdp_per_capita_ppp,2694.04,USD_PPP_current_intl,T3,WB-WDI-2024
Iraq,1992,gdp_per_capita_ppp,3546.97,USD_PPP_current_intl,T3,WB-WDI-2024
Iraq,1993,gdp_per_capita_ppp,4509.04,USD_PPP_current_intl,T3,WB-WDI-2024
Iraq,1994,gdp_per_capita_ppp,4559.93,USD_PPP_current_intl,T3,WB-WDI-2024
Iraq,1995,gdp_per_capita_ppp,4597.62,USD_PPP_current_intl,T3,WB-WDI-2024
Iraq,1996,gdp_per_capita_ppp,5034.48,USD_PPP_current_intl,T2,WB-WDI-2024
Iraq,1997,gdp_per_capita_ppp,6019.89,USD_PPP_current_intl,T2,WB-WDI-2024
Iraq,1998,gdp_per_capita_ppp,7964.06,USD_PPP_current_intl,T2,WB-WDI-2024
Iraq,1999,gdp_per_capita_ppp,9194.47,USD_PPP_current_intl,T2,WB-WDI-2024
Iraq,2000,gdp_per_capita_ppp,10627.94,USD_PPP_current_intl,T2,WB-WDI-2024
Iraq,2001,gdp_per_capita_ppp,10719.62,USD_PPP_current_intl,T2,WB-WDI-2024
Iraq,2002,gdp_per_capita_ppp,9682.38,USD_PPP_current_intl,T2,WB-WDI-2024
Iraq,2003,gdp_per_capita_ppp,6068.45,USD_PPP_current_intl,T2,WB-WDI-2024
Iraq,2004,gdp_per_capita_ppp,9289.74,USD_PPP_current_intl,T2,WB-WDI-2024
Iraq,2005,gdp_per_capita_ppp,9457.04,USD_PPP_current_intl,T2,WB-WDI-2024
Iraq,2006,gdp_per_capita_ppp,10223.11,USD_PPP_current_intl,T2,WB-WDI-2024
Iraq,2007,gdp_per_capita_ppp,10783.12,USD_PPP_current_intl,T2,WB-WDI-2024
Iraq,2008,gdp_per_capita_ppp,11657.32,USD_PPP_current_intl,T2,WB-WDI-2024
Iraq,2009,gdp_per_capita_ppp,11687.01,USD_PPP_current_intl,T2,WB-WDI-2024
Iraq,2010,gdp_per_capita_ppp,12186.19,USD_PPP_current_intl,T2,WB-WDI-2024
Iraq,2011,gdp_per_capita_ppp,12912.03,USD_PPP_current_intl,T2,WB-WDI-2024
Iraq,2012,gdp_per_capita_ppp,14402.03,USD_PPP_current_intl,T2,WB-WDI-2024
Iraq,2013,gdp_per_capita_ppp,14668.54,USD_PPP_current_intl,T2,WB-WDI-2024
Iraq,2014,gdp_per_capita_ppp,13168.25,USD_PPP_current_intl,T2,WB-WDI-2024
Iraq,2015,gdp_per_capita_ppp,9334.47,USD_PPP_current_intl,T2,WB-WDI-2024
Iraq,2016,gdp_per_capita_ppp,9079.14,USD_PPP_current_intl,T2,WB-WDI-2024
Iraq,2017,gdp_per_capita_ppp,10191.66,USD_PPP_current_intl,T2,WB-WDI-2024
Iraq,2018,gdp_per_capita_ppp,12034.40,USD_PPP_current_intl,T2,WB-WDI-2024
Iraq,2019,gdp_per_capita_ppp,12248.59,USD_PPP_current_intl,T2,WB-WDI-2024
Iraq,2020,gdp_per_capita_ppp,10573.93,USD_PPP_current_intl,T2,WB-WDI-2024
Iraq,2021,gdp_per_capita_ppp,12731.75,USD_PPP_current_intl,T2,WB-WDI-2024
Iraq,2022,gdp_per_capita_ppp,14391.13,USD_PPP_current_intl,T2,WB-WDI-2024
Iraq,2023,gdp_per_capita_ppp,14652.52,USD_PPP_current_intl,T2,WB-WDI-2024
Iraq,2024,gdp_per_capita_ppp,14464.32,USD_PPP_current_intl,T2,WB-WDI-2024
Iraq,1979,gdp_per_capita_usd,2871.33,USD_current,T2,WB-WDI-2024
Iraq,1980,gdp_per_capita_usd,3867.65,USD_current,T2,WB-WDI-2024
Iraq,1981,gdp_per_capita_usd,2700.41,USD_current,T2,WB-WDI-2024
Iraq,1982,gdp_per_capita_usd,2941.97,USD_current,T2,WB-WDI-2024
Iraq,1983,gdp_per_capita_usd,2743.35,USD_current,T2,WB-WDI-2024
Iraq,1984,gdp_per_capita_usd,3065.72,USD_current,T2,WB-WDI-2024
Iraq,1985,gdp_per_capita_usd,3087.66,USD_current,T2,WB-WDI-2024
Iraq,1986,gdp_per_capita_usd,2940.41,USD_current,T2,WB-WDI-2024
Iraq,1987,gdp_per_capita_usd,3436.48,USD_current,T2,WB-WDI-2024
Iraq,1988,gdp_per_capita_usd,3707.21,USD_current,T2,WB-WDI-2024
Iraq,1989,gdp_per_capita_usd,3791.17,USD_current,T2,WB-WDI-2024
Iraq,1990,gdp_per_capita_usd,10261.42,USD_current,T3,WB-WDI-2024
Iraq,1991,gdp_per_capita_usd,22.95,USD_current,T3,WB-WDI-2024
Iraq,1992,gdp_per_capita_usd,30.25,USD_current,T3,WB-WDI-2024
Iraq,1993,gdp_per_capita_usd,53.74,USD_current,T3,WB-WDI-2024
Iraq,1994,gdp_per_capita_usd,198.18,USD_current,T3,WB-WDI-2024
Iraq,1995,gdp_per_capita_usd,619.14,USD_current,T3,WB-WDI-2024
Iraq,1996,gdp_per_capita_usd,485.26,USD_current,T2,WB-WDI-2024
Iraq,1997,gdp_per_capita_usd,936.34,USD_current,T2,WB-WDI-2024
Iraq,1998,gdp_per_capita_usd,900.94,USD_current,T2,WB-WDI-2024
Iraq,1999,gdp_per_capita_usd,1560.36,USD_current,T2,WB-WDI-2024
Iraq,2000,gdp_per_capita_usd,1980.19,USD_current,T2,WB-WDI-2024
Iraq,2001,gdp_per_capita_usd,1435.70,USD_current,T2,WB-WDI-2024
Iraq,2002,gdp_per_capita_usd,1266.16,USD_current,T2,WB-WDI-2024
Iraq,2003,gdp_per_capita_usd,817.89,USD_current,T2,WB-WDI-2024
Iraq,2004,gdp_per_capita_usd,1328.37,USD_current,T2,WB-WDI-2024
Iraq,2005,gdp_per_capita_usd,1762.39,USD_current,T2,WB-WDI-2024
Iraq,2006,gdp_per_capita_usd,2276.55,USD_current,T2,WB-WDI-2024
Iraq,2007,gdp_per_capita_usd,3128.99,USD_current,T2,WB-WDI-2024
Iraq,2008,gdp_per_capita_usd,4542.97,USD_current,T2,WB-WDI-2024
Iraq,2009,gdp_per_capita_usd,3714.71,USD_current,T2,WB-WDI-2024
Iraq,2010,gdp_per_capita_usd,4461.75,USD_current,T2,WB-WDI-2024
Iraq,2011,gdp_per_capita_usd,5775.54,USD_current,T2,WB-WDI-2024
Iraq,2012,gdp_per_capita_usd,6477.60,USD_current,T2,WB-WDI-2024
Iraq,2013,gdp_per_capita_usd,6650.35,USD_current,T2,WB-WDI-2024
Iraq,2014,gdp_per_capita_usd,6249.39,USD_current,T2,WB-WDI-2024
Iraq,2015,gdp_per_capita_usd,4440.14,USD_current,T2,WB-WDI-2024
Iraq,2016,gdp_per_capita_usd,4334.42,USD_current,T2,WB-WDI-2024
Iraq,2017,gdp_per_capita_usd,4759.28,USD_current,T2,WB-WDI-2024
Iraq,2018,gdp_per_capita_usd,5646.69,USD_current,T2,WB-WDI-2024
Iraq,2019,gdp_per_capita_usd,5671.86,USD_current,T2,WB-WDI-2024
Iraq,2020,gdp_per_capita_usd,4295.19,USD_current,T2,WB-WDI-2024
Iraq,2021,gdp_per_capita_usd,4868.49,USD_current,T2,WB-WDI-2024
Iraq,2022,gdp_per_capita_usd,6520.73,USD_current,T2,WB-WDI-2024
Iraq,2023,gdp_per_capita_usd,5965.32,USD_current,T2,WB-WDI-2024
Iraq,2024,gdp_per_capita_usd,6073.61,USD_current,T2,WB-WDI-2024
Iraq,1979,military_spending_pct_gdp,6.149,percent,T2,SIPRI-MILEX-2024
Iraq,1980,military_spending_pct_gdp,5.512,percent,T2,SIPRI-MILEX-2024
Iraq,1981,military_spending_pct_gdp,10.830,percent,T2,SIPRI-MILEX-2024
Iraq,2004,military_spending_pct_gdp,1.676,percent,T2,SIPRI-MILEX-2024
Iraq,2005,military_spending_pct_gdp,2.243,percent,T2,SIPRI-MILEX-2024
Iraq,2006,military_spending_pct_gdp,1.898,percent,T2,SIPRI-MILEX-2024
Iraq,2007,military_spending_pct_gdp,2.240,percent,T2,SIPRI-MILEX-2024
Iraq,2008,military_spending_pct_gdp,2.368,percent,T2,SIPRI-MILEX-2024
Iraq,2009,military_spending_pct_gdp,2.899,percent,T2,SIPRI-MILEX-2024
Iraq,2010,military_spending_pct_gdp,2.709,percent,T2,SIPRI-MILEX-2024
Iraq,2011,military_spending_pct_gdp,2.303,percent,T2,SIPRI-MILEX-2024
Iraq,2012,military_spending_pct_gdp,1.900,percent,T2,SIPRI-MILEX-2024
Iraq,2013,military_spending_pct_gdp,3.316,percent,T2,SIPRI-MILEX-2024
Iraq,2014,military_spending_pct_gdp,2.951,percent,T2,SIPRI-MILEX-2024
Iraq,2015,military_spending_pct_gdp,5.413,percent,T2,SIPRI-MILEX-2024
Iraq,2016,military_spending_pct_gdp,3.550,percent,T2,SIPRI-MILEX-2024
Iraq,2017,military_spending_pct_gdp,3.909,percent,T2,SIPRI-MILEX-2024
Iraq,2018,military_spending_pct_gdp,2.752,percent,T2,SIPRI-MILEX-2024
Iraq,2019,military_spending_pct_gdp,3.237,percent,T2,SIPRI-MILEX-2024
Iraq,2020,military_spending_pct_gdp,3.112,percent,T2,SIPRI-MILEX-2024
Iraq,2021,military_spending_pct_gdp,2.261,percent,T2,SIPRI-MILEX-2024
Iraq,2022,military_spending_pct_gdp,1.640,percent,T2,SIPRI-MILEX-2024
Iraq,2023,military_spending_pct_gdp,2.263,percent,T2,SIPRI-MILEX-2024
Iraq,2024,military_spending_pct_gdp,2.273,percent,T2,SIPRI-MILEX-2024
Iraq,2025,military_spending_pct_gdp,2.447,percent,T2,SIPRI-MILEX-2024
Iraq,1979,military_spending_usd,2371712820.93,USD_current,T2,SIPRI-MILEX-2024
Iraq,1980,military_spending_usd,2976492817.81,USD_current,T2,SIPRI-MILEX-2024
Iraq,1981,military_spending_usd,4086497761.70,USD_current,T2,SIPRI-MILEX-2024
Iraq,2004,military_spending_usd,613724869.62,USD_current,T2,SIPRI-MILEX-2024
Iraq,2005,military_spending_usd,1120278532.61,USD_current,T2,SIPRI-MILEX-2024
Iraq,2006,military_spending_usd,1236081012.93,USD_current,T2,SIPRI-MILEX-2024
Iraq,2007,military_spending_usd,1989948747.38,USD_current,T2,SIPRI-MILEX-2024
Iraq,2008,military_spending_usd,3116304019.85,USD_current,T2,SIPRI-MILEX-2024
Iraq,2009,military_spending_usd,3237179487.18,USD_current,T2,SIPRI-MILEX-2024
Iraq,2010,military_spending_usd,3752905982.91,USD_current,T2,SIPRI-MILEX-2024
Iraq,2011,military_spending_usd,4278632478.63,USD_current,T2,SIPRI-MILEX-2024
Iraq,2012,military_spending_usd,4141066053.83,USD_current,T2,SIPRI-MILEX-2024
Iraq,2013,military_spending_usd,7780188679.25,USD_current,T2,SIPRI-MILEX-2024
Iraq,2014,military_spending_usd,6923644082.33,USD_current,T2,SIPRI-MILEX-2024
Iraq,2015,military_spending_usd,9604231010.85,USD_current,T2,SIPRI-MILEX-2024
Iraq,2016,military_spending_usd,5970184433.16,USD_current,T2,SIPRI-MILEX-2024
Iraq,2017,military_spending_usd,7416385135.14,USD_current,T2,SIPRI-MILEX-2024
Iraq,2018,military_spending_usd,6330162756.29,USD_current,T2,SIPRI-MILEX-2024
Iraq,2019,military_spending_usd,7661844331.64,USD_current,T2,SIPRI-MILEX-2024
Iraq,2020,military_spending_usd,5676426174.50,USD_current,T2,SIPRI-MILEX-2024
Iraq,2021,military_spending_usd,4765369655.17,USD_current,T2,SIPRI-MILEX-2024
Iraq,2022,military_spending_usd,4724206896.55,USD_current,T2,SIPRI-MILEX-2024
Iraq,2023,military_spending_usd,5726552380.95,USD_current,T2,SIPRI-MILEX-2024
Iraq,2024,military_spending_usd,6335846153.85,USD_current,T2,SIPRI-MILEX-2024
Iraq,2025,military_spending_usd,6447958100.79,USD_current,T2,SIPRI-MILEX-2024
Iraq,1979,oil_exports,1168.0,million_barrels_per_year,T2,EI-2024
Iraq,1980,oil_exports,878.4,million_barrels_per_year,T2,EI-2024
Iraq,1981,oil_exports,255.5,million_barrels_per_year,T2,EI-2024
Iraq,1982,oil_exports,255.5,million_barrels_per_year,T2,EI-2024
Iraq,1983,oil_exports,292.0,million_barrels_per_year,T2,EI-2024
Iraq,1984,oil_exports,329.4,million_barrels_per_year,T2,EI-2024
Iraq,1985,oil_exports,401.5,million_barrels_per_year,T2,EI-2024
Iraq,1986,oil_exports,511.0,million_barrels_per_year,T2,EI-2024
Iraq,1987,oil_exports,620.5,million_barrels_per_year,T2,EI-2024
Iraq,1988,oil_exports,805.2,million_barrels_per_year,T2,EI-2024
Iraq,1989,oil_exports,876.0,million_barrels_per_year,T2,EI-2024
Iraq,1990,oil_exports,620.5,million_barrels_per_year,T2,EI-2024
Iraq,1991,oil_exports,0.0,million_barrels_per_year,T1,EI-2024
Iraq,1992,oil_exports,0.0,million_barrels_per_year,T1,EI-2024
Iraq,1993,oil_exports,0.0,million_barrels_per_year,T1,EI-2024
Iraq,1994,oil_exports,0.0,million_barrels_per_year,T1,EI-2024
Iraq,1995,oil_exports,0.0,million_barrels_per_year,T1,EI-2024
Iraq,1996,oil_exports,146.4,million_barrels_per_year,T2,EI-2024
Iraq,1997,oil_exports,365.0,million_barrels_per_year,T2,EI-2024
Iraq,1998,oil_exports,620.5,million_barrels_per_year,T2,EI-2024
Iraq,1999,oil_exports,766.5,million_barrels_per_year,T2,EI-2024
Iraq,2000,oil_exports,768.6,million_barrels_per_year,T2,EI-2024
Iraq,2001,oil_exports,693.5,million_barrels_per_year,T2,EI-2024
Iraq,2002,oil_exports,547.5,million_barrels_per_year,T2,EI-2024
Iraq,2003,oil_exports,328.5,million_barrels_per_year,T2,EI-2024
Iraq,2004,oil_exports,549.0,million_barrels_per_year,T2,EI-2024
Iraq,2005,oil_exports,511.0,million_barrels_per_year,T2,EI-2024
Iraq,2006,oil_exports,547.5,million_barrels_per_year,T2,EI-2024
Iraq,2007,oil_exports,584.0,million_barrels_per_year,T2,EI-2024
Iraq,2008,oil_exports,695.4,million_barrels_per_year,T2,EI-2024
Iraq,2009,oil_exports,693.5,million_barrels_per_year,T2,EI-2024
Iraq,2010,oil_exports,693.5,million_barrels_per_year,T2,EI-2024
Iraq,2011,oil_exports,803.0,million_barrels_per_year,T2,EI-2024
Iraq,2012,oil_exports,915.0,million_barrels_per_year,T2,EI-2024
Iraq,2013,oil_exports,876.0,million_barrels_per_year,T2,EI-2024
Iraq,2014,oil_exports,912.5,million_barrels_per_year,T2,EI-2024
Iraq,2015,oil_exports,1095.0,million_barrels_per_year,T2,EI-2024
Iraq,2016,oil_exports,1281.0,million_barrels_per_year,T2,EI-2024
Iraq,2017,oil_exports,1277.5,million_barrels_per_year,T2,EI-2024
Iraq,2018,oil_exports,1314.0,million_barrels_per_year,T2,EI-2024
Iraq,2019,oil_exports,1314.0,million_barrels_per_year,T2,EI-2024
Iraq,2020,oil_exports,1098.0,million_barrels_per_year,T2,EI-2024
Iraq,2021,oil_exports,1131.5,million_barrels_per_year,T2,EI-2024
Iraq,2022,oil_exports,1241.0,million_barrels_per_year,T2,EI-2024
Iraq,2023,oil_exports,1241.0,million_barrels_per_year,T2,EI-2024
Iraq,2024,oil_exports,1244.4,million_barrels_per_year,T2,EI-2024
Iraq,2025,oil_exports,1241.0,million_barrels_per_year,T2,EI-2024
Iraq,2026,oil_exports,547.5,million_barrels_per_year,T4,IEA-OMR-2026
Iraq,1979,oil_production,1277.5,million_barrels_per_year,T1,EI-2024
Iraq,1980,oil_production,951.6,million_barrels_per_year,T3,EI-2024
Iraq,1981,oil_production,365.0,million_barrels_per_year,T3,EI-2024
Iraq,1982,oil_production,365.0,million_barrels_per_year,T3,EI-2024
Iraq,1983,oil_production,401.5,million_barrels_per_year,T3,EI-2024
Iraq,1984,oil_production,439.2,million_barrels_per_year,T3,EI-2024
Iraq,1985,oil_production,547.5,million_barrels_per_year,T3,EI-2024
Iraq,1986,oil_production,657.0,million_barrels_per_year,T3,EI-2024
Iraq,1987,oil_production,766.5,million_barrels_per_year,T3,EI-2024
Iraq,1988,oil_production,988.2,million_barrels_per_year,T3,EI-2024
Iraq,1989,oil_production,1058.5,million_barrels_per_year,T3,EI-2024
Iraq,1990,oil_production,766.5,million_barrels_per_year,T1,EI-2024
Iraq,1991,oil_production,109.5,million_barrels_per_year,T3,EI-2024
Iraq,1992,oil_production,146.4,million_barrels_per_year,T3,EI-2024
Iraq,1993,oil_production,182.5,million_barrels_per_year,T3,EI-2024
Iraq,1994,oil_production,219.0,million_barrels_per_year,T3,EI-2024
Iraq,1995,oil_production,219.0,million_barrels_per_year,T3,EI-2024
Iraq,1996,oil_production,219.6,million_barrels_per_year,T3,EI-2024
Iraq,1997,oil_production,438.0,million_barrels_per_year,T1,EI-2024
Iraq,1998,oil_production,803.0,million_barrels_per_year,T1,EI-2024
Iraq,1999,oil_production,949.0,million_barrels_per_year,T1,EI-2024
Iraq,2000,oil_production,951.6,million_barrels_per_year,T1,EI-2024
Iraq,2001,oil_production,876.0,million_barrels_per_year,T1,EI-2024
Iraq,2002,oil_production,730.0,million_barrels_per_year,T1,EI-2024
Iraq,2003,oil_production,474.5,million_barrels_per_year,T1,EI-2024
Iraq,2004,oil_production,732.0,million_barrels_per_year,T1,EI-2024
Iraq,2005,oil_production,657.0,million_barrels_per_year,T1,EI-2024
Iraq,2006,oil_production,730.0,million_barrels_per_year,T1,EI-2024
Iraq,2007,oil_production,766.5,million_barrels_per_year,T1,EI-2024
Iraq,2008,oil_production,878.4,million_barrels_per_year,T1,EI-2024
Iraq,2009,oil_production,876.0,million_barrels_per_year,T1,EI-2024
Iraq,2010,oil_production,876.0,million_barrels_per_year,T1,EI-2024
Iraq,2011,oil_production,985.5,million_barrels_per_year,T1,EI-2024
Iraq,2012,oil_production,1098.0,million_barrels_per_year,T1,EI-2024
Iraq,2013,oil_production,1131.5,million_barrels_per_year,T1,EI-2024
Iraq,2014,oil_production,1204.5,million_barrels_per_year,T1,EI-2024
Iraq,2015,oil_production,1460.0,million_barrels_per_year,T1,EI-2024
Iraq,2016,oil_production,1610.4,million_barrels_per_year,T1,EI-2024
Iraq,2017,oil_production,1642.5,million_barrels_per_year,T1,EI-2024
Iraq,2018,oil_production,1679.0,million_barrels_per_year,T1,EI-2024
Iraq,2019,oil_production,1715.5,million_barrels_per_year,T1,EI-2024
Iraq,2020,oil_production,1464.0,million_barrels_per_year,T1,EI-2024
Iraq,2021,oil_production,1496.5,million_barrels_per_year,T1,EI-2024
Iraq,2022,oil_production,1642.5,million_barrels_per_year,T1,EI-2024
Iraq,2023,oil_production,1569.5,million_barrels_per_year,T1,EI-2024
Iraq,2024,oil_production,1573.8,million_barrels_per_year,T2,EI-2024
Iraq,2025,oil_production,1569.5,million_barrels_per_year,T4,EIA-STEO-2026
Iraq,2026,oil_production,912.5,million_barrels_per_year,T4,EIA-STEO-2026
Iraq,1980,oil_rents_pct_gdp,55.199,percent,T2,WB-WDI-2024
Iraq,1981,oil_rents_pct_gdp,27.109,percent,T2,WB-WDI-2024
Iraq,1982,oil_rents_pct_gdp,20.023,percent,T2,WB-WDI-2024
Iraq,1983,oil_rents_pct_gdp,20.580,percent,T2,WB-WDI-2024
Iraq,1984,oil_rents_pct_gdp,21.073,percent,T2,WB-WDI-2024
Iraq,1985,oil_rents_pct_gdp,23.616,percent,T2,WB-WDI-2024
Iraq,1986,oil_rents_pct_gdp,14.146,percent,T2,WB-WDI-2024
Iraq,1987,oil_rents_pct_gdp,19.900,percent,T2,WB-WDI-2024
Iraq,1988,oil_rents_pct_gdp,19.472,percent,T2,WB-WDI-2024
Iraq,1989,oil_rents_pct_gdp,28.103,percent,T2,WB-WDI-2024
Iraq,1990,oil_rents_pct_gdp,9.433,percent,T3,WB-WDI-2024
Iraq,1994,oil_rents_pct_gdp,65.049,percent,T3,WB-WDI-2024
Iraq,1995,oil_rents_pct_gdp,22.278,percent,T3,WB-WDI-2024
Iraq,1996,oil_rents_pct_gdp,35.369,percent,T2,WB-WDI-2024
Iraq,1997,oil_rents_pct_gdp,31.582,percent,T2,WB-WDI-2024
Iraq,1998,oil_rents_pct_gdp,36.611,percent,T2,WB-WDI-2024
Iraq,1999,oil_rents_pct_gdp,36.719,percent,T2,WB-WDI-2024
Iraq,2000,oil_rents_pct_gdp,48.581,percent,T2,WB-WDI-2024
Iraq,2001,oil_rents_pct_gdp,49.196,percent,T2,WB-WDI-2024
Iraq,2002,oil_rents_pct_gdp,46.672,percent,T2,WB-WDI-2024
Iraq,2003,oil_rents_pct_gdp,53.005,percent,T2,WB-WDI-2024
Iraq,2004,oil_rents_pct_gdp,64.655,percent,T2,WB-WDI-2024
Iraq,2005,oil_rents_pct_gdp,65.158,percent,T2,WB-WDI-2024
Iraq,2006,oil_rents_pct_gdp,63.555,percent,T2,WB-WDI-2024
Iraq,2007,oil_rents_pct_gdp,52.927,percent,T2,WB-WDI-2024
Iraq,2008,oil_rents_pct_gdp,55.379,percent,T2,WB-WDI-2024
Iraq,2009,oil_rents_pct_gdp,39.115,percent,T2,WB-WDI-2024
Iraq,2010,oil_rents_pct_gdp,43.256,percent,T2,WB-WDI-2024
Iraq,2011,oil_rents_pct_gdp,50.926,percent,T2,WB-WDI-2024
Iraq,2012,oil_rents_pct_gdp,49.611,percent,T2,WB-WDI-2024
Iraq,2013,oil_rents_pct_gdp,45.331,percent,T2,WB-WDI-2024
Iraq,2014,oil_rents_pct_gdp,46.604,percent,T2,WB-WDI-2024
Iraq,2015,oil_rents_pct_gdp,37.258,percent,T2,WB-WDI-2024
Iraq,2016,oil_rents_pct_gdp,32.965,percent,T2,WB-WDI-2024
Iraq,2017,oil_rents_pct_gdp,38.920,percent,T2,WB-WDI-2024
Iraq,2018,oil_rents_pct_gdp,45.766,percent,T2,WB-WDI-2024
Iraq,2019,oil_rents_pct_gdp,40.231,percent,T2,WB-WDI-2024
Iraq,2020,oil_rents_pct_gdp,27.035,percent,T2,WB-WDI-2024
Iraq,2021,oil_rents_pct_gdp,42.787,percent,T2,WB-WDI-2024
Iraq,1979,population,13170365,persons,T2,WB-WDI-2024
Iraq,1980,population,13591992,persons,T2,WB-WDI-2024
Iraq,1981,population,14006381,persons,T2,WB-WDI-2024
Iraq,1982,population,14406083,persons,T2,WB-WDI-2024
Iraq,1983,population,14840555,persons,T2,WB-WDI-2024
Iraq,1984,population,15310733,persons,T2,WB-WDI-2024
Iraq,1985,population,15683430,persons,T2,WB-WDI-2024
Iraq,1986,population,16074145,persons,T2,WB-WDI-2024
Iraq,1987,population,16521049,persons,T2,WB-WDI-2024
Iraq,1988,population,16908819,persons,T2,WB-WDI-2024
Iraq,1989,population,17364542,persons,T2,WB-WDI-2024
Iraq,1990,population,17581206,persons,T3,WB-WDI-2024
Iraq,1991,population,17767253,persons,T3,WB-WDI-2024
Iraq,1992,population,18300845,persons,T3,WB-WDI-2024
Iraq,1993,population,19201195,persons,T3,WB-WDI-2024
Iraq,1994,population,20139807,persons,T3,WB-WDI-2024
Iraq,1995,population,20825860,persons,T3,WB-WDI-2024
Iraq,1996,population,21501321,persons,T2,WB-WDI-2024
Iraq,1997,population,22176593,persons,T2,WB-WDI-2024
Iraq,1998,population,22884399,persons,T2,WB-WDI-2024
Iraq,1999,population,23636527,persons,T2,WB-WDI-2024
Iraq,2000,population,24424056,persons,T2,WB-WDI-2024
Iraq,2001,population,25197840,persons,T2,WB-WDI-2024
Iraq,2002,population,26006559,persons,T2,WB-WDI-2024
Iraq,2003,population,26802659,persons,T2,WB-WDI-2024
Iraq,2004,population,27577878,persons,T2,WB-WDI-2024
Iraq,2005,population,28407448,persons,T2,WB-WDI-2024
Iraq,2006,population,28616515,persons,T2,WB-WDI-2024
Iraq,2007,population,28391607,persons,T2,WB-WDI-2024
Iraq,2008,population,28971036,persons,T2,WB-WDI-2024
Iraq,2009,population,30058206,persons,T2,WB-WDI-2024
Iraq,2010,population,31045366,persons,T2,WB-WDI-2024
Iraq,2011,population,32161424,persons,T2,WB-WDI-2024
Iraq,2012,population,33654842,persons,T2,WB-WDI-2024
Iraq,2013,population,35281989,persons,T2,WB-WDI-2024
Iraq,2014,population,36550059,persons,T2,WB-WDI-2024
Iraq,2015,population,37560535,persons,T2,WB-WDI-2024
Iraq,2016,population,38469627,persons,T2,WB-WDI-2024
Iraq,2017,population,39337353,persons,T2,WB-WDI-2024
Iraq,2018,population,40265624,persons,T2,WB-WDI-2024
Iraq,2019,population,41192171,persons,T2,WB-WDI-2024
Iraq,2020,population,42116605,persons,T2,WB-WDI-2024
Iraq,2021,population,43071211,persons,T2,WB-WDI-2024
Iraq,2022,population,44070551,persons,T2,WB-WDI-2024
Iraq,2023,population,45074049,persons,T2,WB-WDI-2024
Iraq,2024,population,46042015,persons,T2,WB-WDI-2024
Iraq,1979,trade_pct_gdp,93.617,percent,T2,WB-WDI-2024
Iraq,1980,trade_pct_gdp,95.050,percent,T2,WB-WDI-2024
Iraq,1981,trade_pct_gdp,93.912,percent,T2,WB-WDI-2024
Iraq,1982,trade_pct_gdp,92.789,percent,T2,WB-WDI-2024
Iraq,1983,trade_pct_gdp,57.552,percent,T2,WB-WDI-2024
Iraq,1984,trade_pct_gdp,55.328,percent,T2,WB-WDI-2024
Iraq,1985,trade_pct_gdp,54.961,percent,T2,WB-WDI-2024
Iraq,1986,trade_pct_gdp,42.939,percent,T2,WB-WDI-2024
Iraq,1987,trade_pct_gdp,49.349,percent,T2,WB-WDI-2024
Iraq,1988,trade_pct_gdp,42.500,percent,T2,WB-WDI-2024
Iraq,1989,trade_pct_gdp,44.835,percent,T2,WB-WDI-2024
Iraq,1990,trade_pct_gdp,15.126,percent,T3,WB-WDI-2024
Iraq,1991,trade_pct_gdp,3.791,percent,T3,WB-WDI-2024
Iraq,1992,trade_pct_gdp,1.921,percent,T3,WB-WDI-2024
Iraq,1993,trade_pct_gdp,0.545,percent,T3,WB-WDI-2024
Iraq,1994,trade_pct_gdp,0.100,percent,T3,WB-WDI-2024
Iraq,1995,trade_pct_gdp,0.021,percent,T3,WB-WDI-2024
Iraq,1996,trade_pct_gdp,0.027,percent,T2,WB-WDI-2024
Iraq,1997,trade_pct_gdp,106.188,percent,T2,WB-WDI-2024
Iraq,1998,trade_pct_gdp,132.243,percent,T2,WB-WDI-2024
Iraq,1999,trade_pct_gdp,138.315,percent,T2,WB-WDI-2024
Iraq,2000,trade_pct_gdp,125.337,percent,T2,WB-WDI-2024
Iraq,2001,trade_pct_gdp,126.780,percent,T2,WB-WDI-2024
Iraq,2002,trade_pct_gdp,119.762,percent,T2,WB-WDI-2024
Iraq,2003,trade_pct_gdp,154.235,percent,T2,WB-WDI-2024
Iraq,2004,trade_pct_gdp,120.234,percent,T2,WB-WDI-2024
Iraq,2005,trade_pct_gdp,115.743,percent,T2,WB-WDI-2024
Iraq,2006,trade_pct_gdp,89.651,percent,T2,WB-WDI-2024
Iraq,2007,trade_pct_gdp,74.093,percent,T2,WB-WDI-2024
Iraq,2008,trade_pct_gdp,81.056,percent,T2,WB-WDI-2024
Iraq,2009,trade_pct_gdp,78.687,percent,T2,WB-WDI-2024
Iraq,2010,trade_pct_gdp,73.497,percent,T2,WB-WDI-2024
Iraq,2011,trade_pct_gdp,72.171,percent,T2,WB-WDI-2024
Iraq,2012,trade_pct_gdp,73.609,percent,T2,WB-WDI-2024
Iraq,2013,trade_pct_gdp,67.410,percent,T2,WB-WDI-2024
Iraq,2014,trade_pct_gdp,68.982,percent,T2,WB-WDI-2024
Iraq,2015,trade_pct_gdp,69.592,percent,T2,WB-WDI-2024
Iraq,2016,trade_pct_gdp,54.588,percent,T2,WB-WDI-2024
Iraq,2017,trade_pct_gdp,59.781,percent,T2,WB-WDI-2024
Iraq,2018,trade_pct_gdp,65.802,percent,T2,WB-WDI-2024
Iraq,2019,trade_pct_gdp,68.990,percent,T2,WB-WDI-2024
Iraq,2020,trade_pct_gdp,57.742,percent,T2,WB-WDI-2024
Iraq,2021,trade_pct_gdp,61.503,percent,T2,WB-WDI-2024
Iraq,2022,trade_pct_gdp,68.759,percent,T2,WB-WDI-2024
Iraq,2023,trade_pct_gdp,69.461,percent,T2,WB-WDI-2024
Iraq,2024,trade_pct_gdp,70.709,percent,T2,WB-WDI-2024
Iraq,1991,unemployment_rate,8.639,percent,T3,WB-WDI-2024
Iraq,1992,unemployment_rate,8.346,percent,T3,WB-WDI-2024
Iraq,1993,unemployment_rate,8.360,percent,T3,WB-WDI-2024
Iraq,1994,unemployment_rate,8.221,percent,T3,WB-WDI-2024
Iraq,1995,unemployment_rate,8.431,percent,T3,WB-WDI-2024
Iraq,1996,unemployment_rate,8.516,percent,T2,WB-WDI-2024
Iraq,1997,unemployment_rate,8.269,percent,T2,WB-WDI-2024
Iraq,1998,unemployment_rate,8.064,percent,T2,WB-WDI-2024
Iraq,1999,unemployment_rate,7.979,percent,T2,WB-WDI-2024
Iraq,2000,unemployment_rate,8.038,percent,T2,WB-WDI-2024
Iraq,2001,unemployment_rate,8.249,percent,T2,WB-WDI-2024
Iraq,2002,unemployment_rate,8.619,percent,T2,WB-WDI-2024
Iraq,2003,unemployment_rate,8.959,percent,T2,WB-WDI-2024
Iraq,2004,unemployment_rate,8.715,percent,T2,WB-WDI-2024
Iraq,2005,unemployment_rate,8.570,percent,T2,WB-WDI-2024
Iraq,2006,unemployment_rate,8.411,percent,T2,WB-WDI-2024
Iraq,2007,unemployment_rate,8.646,percent,T2,WB-WDI-2024
Iraq,2008,unemployment_rate,8.466,percent,T2,WB-WDI-2024
Iraq,2009,unemployment_rate,8.415,percent,T2,WB-WDI-2024
Iraq,2010,unemployment_rate,8.267,percent,T2,WB-WDI-2024
Iraq,2011,unemployment_rate,8.193,percent,T2,WB-WDI-2024
Iraq,2012,unemployment_rate,7.965,percent,T2,WB-WDI-2024
Iraq,2013,unemployment_rate,9.222,percent,T2,WB-WDI-2024
Iraq,2014,unemployment_rate,10.590,percent,T2,WB-WDI-2024
Iraq,2015,unemployment_rate,10.865,percent,T2,WB-WDI-2024
Iraq,2016,unemployment_rate,10.820,percent,T2,WB-WDI-2024
Iraq,2017,unemployment_rate,13.020,percent,T2,WB-WDI-2024
Iraq,2018,unemployment_rate,13.458,percent,T2,WB-WDI-2024
Iraq,2019,unemployment_rate,14.096,percent,T2,WB-WDI-2024
Iraq,2020,unemployment_rate,15.766,percent,T2,WB-WDI-2024
Iraq,2021,unemployment_rate,16.173,percent,T2,WB-WDI-2024
Iraq,2022,unemployment_rate,15.410,percent,T2,WB-WDI-2024
Iraq,2023,unemployment_rate,15.239,percent,T2,WB-WDI-2024
Iraq,2024,unemployment_rate,15.293,percent,T2,WB-WDI-2024
Israel,2020,gas_exports,4,billion_cubic_meters_per_year,T2,EI-2024
Israel,2021,gas_exports,7,billion_cubic_meters_per_year,T2,EI-2024
Israel,2022,gas_exports,9,billion_cubic_meters_per_year,T2,EI-2024
Israel,2023,gas_exports,10,billion_cubic_meters_per_year,T2,EI-2024
Israel,2024,gas_exports,11,billion_cubic_meters_per_year,T2,EI-2024
Israel,2025,gas_exports,12,billion_cubic_meters_per_year,T2,EI-2024
Israel,2004,gas_production,1,billion_cubic_meters_per_year,T2,EI-2024
Israel,2005,gas_production,2,billion_cubic_meters_per_year,T2,EI-2024
Israel,2006,gas_production,2,billion_cubic_meters_per_year,T2,EI-2024
Israel,2007,gas_production,2,billion_cubic_meters_per_year,T2,EI-2024
Israel,2008,gas_production,2,billion_cubic_meters_per_year,T2,EI-2024
Israel,2009,gas_production,1,billion_cubic_meters_per_year,T2,EI-2024
Israel,2010,gas_production,1,billion_cubic_meters_per_year,T2,EI-2024
Israel,2011,gas_production,5,billion_cubic_meters_per_year,T2,EI-2024
Israel,2012,gas_production,1,billion_cubic_meters_per_year,T2,EI-2024
Israel,2013,gas_production,7,billion_cubic_meters_per_year,T2,EI-2024
Israel,2014,gas_production,7,billion_cubic_meters_per_year,T2,EI-2024
Israel,2015,gas_production,8,billion_cubic_meters_per_year,T2,EI-2024
Israel,2016,gas_production,9,billion_cubic_meters_per_year,T2,EI-2024
Israel,2017,gas_production,10,billion_cubic_meters_per_year,T2,EI-2024
Israel,2018,gas_production,12,billion_cubic_meters_per_year,T2,EI-2024
Israel,2019,gas_production,12,billion_cubic_meters_per_year,T2,EI-2024
Israel,2020,gas_production,17,billion_cubic_meters_per_year,T2,EI-2024
Israel,2021,gas_production,21,billion_cubic_meters_per_year,T2,EI-2024
Israel,2022,gas_production,22,billion_cubic_meters_per_year,T2,EI-2024
Israel,2023,gas_production,21,billion_cubic_meters_per_year,T2,EI-2024
Israel,2024,gas_production,23,billion_cubic_meters_per_year,T2,EI-2024
Israel,2025,gas_production,25,billion_cubic_meters_per_year,T2,EI-2024
Israel,1979,gdp_nominal_usd,22609741059.84,USD_current,T2,WB-WDI-2024
Israel,1980,gdp_nominal_usd,25395256477.60,USD_current,T2,WB-WDI-2024
Israel,1981,gdp_nominal_usd,26882009819.35,USD_current,T2,WB-WDI-2024
Israel,1982,gdp_nominal_usd,29255285401.36,USD_current,T2,WB-WDI-2024
Israel,1983,gdp_nominal_usd,32675755462.09,USD_current,T2,WB-WDI-2024
Israel,1984,gdp_nominal_usd,30645607293.00,USD_current,T2,WB-WDI-2024
Israel,1985,gdp_nominal_usd,28905736366.71,USD_current,T2,WB-WDI-2024
Israel,1986,gdp_nominal_usd,35834154873.56,USD_current,T2,WB-WDI-2024
Israel,1987,gdp_nominal_usd,43049543634.96,USD_current,T2,WB-WDI-2024
Israel,1988,gdp_nominal_usd,52650948910.37,USD_current,T2,WB-WDI-2024
Israel,1989,gdp_nominal_usd,52443479454.11,USD_current,T2,WB-WDI-2024
Israel,1990,gdp_nominal_usd,62016729540.71,USD_current,T2,WB-WDI-2024
Israel,1991,gdp_nominal_usd,70998755006.90,USD_current,T2,WB-WDI-2024
Israel,1992,gdp_nominal_usd,79457685757.17,USD_current,T2,WB-WDI-2024
Israel,1993,gdp_nominal_usd,79855877174.44,USD_current,T2,WB-WDI-2024
Israel,1994,gdp_nominal_usd,90740103828.61,USD_current,T2,WB-WDI-2024
Israel,1995,gdp_nominal_usd,105497418058.65,USD_current,T2,WB-WDI-2024
Israel,1996,gdp_nominal_usd,115116595544.69,USD_current,T2,WB-WDI-2024
Israel,1997,gdp_nominal_usd,119459826346.61,USD_current,T2,WB-WDI-2024
Israel,1998,gdp_nominal_usd,120547409278.70,USD_current,T2,WB-WDI-2024
Israel,1999,gdp_nominal_usd,121417185061.72,USD_current,T2,WB-WDI-2024
Israel,2000,gdp_nominal_usd,136512300542.02,USD_current,T2,WB-WDI-2024
Israel,2001,gdp_nominal_usd,135002039612.91,USD_current,T2,WB-WDI-2024
Israel,2002,gdp_nominal_usd,125332331884.00,USD_current,T2,WB-WDI-2024
Israel,2003,gdp_nominal_usd,131408914824.01,USD_current,T2,WB-WDI-2024
Israel,2004,gdp_nominal_usd,140047984605.09,USD_current,T2,WB-WDI-2024
Israel,2005,gdp_nominal_usd,147519922009.05,USD_current,T2,WB-WDI-2024
Israel,2006,gdp_nominal_usd,158900547825.31,USD_current,T2,WB-WDI-2024
Israel,2007,gdp_nominal_usd,184681214673.45,USD_current,T2,WB-WDI-2024
Israel,2008,gdp_nominal_usd,221231658862.88,USD_current,T2,WB-WDI-2024
Israel,2009,gdp_nominal_usd,213403181852.86,USD_current,T2,WB-WDI-2024
Israel,2010,gdp_nominal_usd,239679036634.37,USD_current,T2,WB-WDI-2024
Israel,2011,gdp_nominal_usd,268094998225.03,USD_current,T2,WB-WDI-2024
Israel,2012,gdp_nominal_usd,263589172712.39,USD_current,T2,WB-WDI-2024
Israel,2013,gdp_nominal_usd,298478070673.06,USD_current,T2,WB-WDI-2024
Israel,2014,gdp_nominal_usd,315017088116.72,USD_current,T2,WB-WDI-2024
Israel,2015,gdp_nominal_usd,303469434072.30,USD_current,T2,WB-WDI-2024
Israel,2016,gdp_nominal_usd,321940971558.02,USD_current,T2,WB-WDI-2024
Israel,2017,gdp_nominal_usd,358451839052.99,USD_current,T2,WB-WDI-2024
Israel,2018,gdp_nominal_usd,376299083108.50,USD_current,T2,WB-WDI-2024
Israel,2019,gdp_nominal_usd,400645216358.86,USD_current,T2,WB-WDI-2024
Israel,2020,gdp_nominal_usd,410768352657.61,USD_current,T2,WB-WDI-2024
Israel,2021,gdp_nominal_usd,489851549972.35,USD_current,T2,WB-WDI-2024
Israel,2022,gdp_nominal_usd,525181008025.57,USD_current,T2,WB-WDI-2024
Israel,2023,gdp_nominal_usd,512184638998.97,USD_current,T2,WB-WDI-2024
Israel,2024,gdp_nominal_usd,540379921261.68,USD_current,T2,WB-WDI-2024
Israel,1990,gdp_per_capita_ppp,15721.33,USD_PPP_current_intl,T2,WB-WDI-2024
Israel,1991,gdp_per_capita_ppp,16486.28,USD_PPP_current_intl,T2,WB-WDI-2024
Israel,1992,gdp_per_capita_ppp,17553.20,USD_PPP_current_intl,T2,WB-WDI-2024
Israel,1993,gdp_per_capita_ppp,18218.27,USD_PPP_current_intl,T2,WB-WDI-2024
Israel,1994,gdp_per_capita_ppp,19478.45,USD_PPP_current_intl,T2,WB-WDI-2024
Israel,1995,gdp_per_capita_ppp,20641.77,USD_PPP_current_intl,T2,WB-WDI-2024
Israel,1996,gdp_per_capita_ppp,21671.62,USD_PPP_current_intl,T2,WB-WDI-2024
Israel,1997,gdp_per_capita_ppp,22278.66,USD_PPP_current_intl,T2,WB-WDI-2024
Israel,1998,gdp_per_capita_ppp,22926.59,USD_PPP_current_intl,T2,WB-WDI-2024
Israel,1999,gdp_per_capita_ppp,23415.28,USD_PPP_current_intl,T2,WB-WDI-2024
Israel,2000,gdp_per_capita_ppp,25766.16,USD_PPP_current_intl,T2,WB-WDI-2024
Israel,2001,gdp_per_capita_ppp,25806.38,USD_PPP_current_intl,T2,WB-WDI-2024
Israel,2002,gdp_per_capita_ppp,26101.33,USD_PPP_current_intl,T2,WB-WDI-2024
Israel,2003,gdp_per_capita_ppp,24702.29,USD_PPP_current_intl,T2,WB-WDI-2024
Israel,2004,gdp_per_capita_ppp,26077.50,USD_PPP_current_intl,T2,WB-WDI-2024
Israel,2005,gdp_per_capita_ppp,25700.99,USD_PPP_current_intl,T2,WB-WDI-2024
Israel,2006,gdp_per_capita_ppp,26385.21,USD_PPP_current_intl,T2,WB-WDI-2024
Israel,2007,gdp_per_capita_ppp,28307.45,USD_PPP_current_intl,T2,WB-WDI-2024
Israel,2008,gdp_per_capita_ppp,28083.84,USD_PPP_current_intl,T2,WB-WDI-2024
Israel,2009,gdp_per_capita_ppp,28086.84,USD_PPP_current_intl,T2,WB-WDI-2024
Israel,2010,gdp_per_capita_ppp,29455.95,USD_PPP_current_intl,T2,WB-WDI-2024
Israel,2011,gdp_per_capita_ppp,31313.93,USD_PPP_current_intl,T2,WB-WDI-2024
Israel,2012,gdp_per_capita_ppp,32483.74,USD_PPP_current_intl,T2,WB-WDI-2024
Israel,2013,gdp_per_capita_ppp,34827.36,USD_PPP_current_intl,T2,WB-WDI-2024
Israel,2014,gdp_per_capita_ppp,34816.24,USD_PPP_current_intl,T2,WB-WDI-2024
Israel,2015,gdp_per_capita_ppp,35870.79,USD_PPP_current_intl,T2,WB-WDI-2024
Israel,2016,gdp_per_capita_ppp,38189.16,USD_PPP_current_intl,T2,WB-WDI-2024
Israel,2017,gdp_per_capita_ppp,39470.87,USD_PPP_current_intl,T2,WB-WDI-2024
Israel,2018,gdp_per_capita_ppp,40189.99,USD_PPP_current_intl,T2,WB-WDI-2024
Israel,2019,gdp_per_capita_ppp,41325.18,USD_PPP_current_intl,T2,WB-WDI-2024
Israel,2020,gdp_per_capita_ppp,40955.29,USD_PPP_current_intl,T2,WB-WDI-2024
Israel,2021,gdp_per_capita_ppp,46162.08,USD_PPP_current_intl,T2,WB-WDI-2024
Israel,2022,gdp_per_capita_ppp,53619.07,USD_PPP_current_intl,T2,WB-WDI-2024
Israel,2023,gdp_per_capita_ppp,55171.23,USD_PPP_current_intl,T2,WB-WDI-2024
Israel,2024,gdp_per_capita_ppp,57235.78,USD_PPP_current_intl,T2,WB-WDI-2024
Israel,1979,gdp_per_capita_usd,5971.93,USD_current,T2,WB-WDI-2024
Israel,1980,gdp_per_capita_usd,6548.54,USD_current,T2,WB-WDI-2024
Israel,1981,gdp_per_capita_usd,6795.25,USD_current,T2,WB-WDI-2024
Israel,1982,gdp_per_capita_usd,7257.58,USD_current,T2,WB-WDI-2024
Israel,1983,gdp_per_capita_usd,7959.99,USD_current,T2,WB-WDI-2024
Israel,1984,gdp_per_capita_usd,7368.50,USD_current,T2,WB-WDI-2024
Israel,1985,gdp_per_capita_usd,6828.66,USD_current,T2,WB-WDI-2024
Israel,1986,gdp_per_capita_usd,8335.46,USD_current,T2,WB-WDI-2024
Israel,1987,gdp_per_capita_usd,9853.41,USD_current,T2,WB-WDI-2024
Israel,1988,gdp_per_capita_usd,11852.98,USD_current,T2,WB-WDI-2024
Israel,1989,gdp_per_capita_usd,11607.68,USD_current,T2,WB-WDI-2024
Israel,1990,gdp_per_capita_usd,13308.31,USD_current,T2,WB-WDI-2024
Israel,1991,gdp_per_capita_usd,14346.08,USD_current,T2,WB-WDI-2024
Israel,1992,gdp_per_capita_usd,15509.99,USD_current,T2,WB-WDI-2024
Israel,1993,gdp_per_capita_usd,15178.84,USD_current,T2,WB-WDI-2024
Israel,1994,gdp_per_capita_usd,16806.84,USD_current,T2,WB-WDI-2024
Israel,1995,gdp_per_capita_usd,19025.68,USD_current,T2,WB-WDI-2024
Israel,1996,gdp_per_capita_usd,20224.28,USD_current,T2,WB-WDI-2024
Israel,1997,gdp_per_capita_usd,20469.47,USD_current,T2,WB-WDI-2024
Israel,1998,gdp_per_capita_usd,20188.81,USD_current,T2,WB-WDI-2024
Israel,1999,gdp_per_capita_usd,19823.21,USD_current,T2,WB-WDI-2024
Israel,2000,gdp_per_capita_usd,21706.52,USD_current,T2,WB-WDI-2024
Israel,2001,gdp_per_capita_usd,20966.31,USD_current,T2,WB-WDI-2024
Israel,2002,gdp_per_capita_usd,19076.46,USD_current,T2,WB-WDI-2024
Israel,2003,gdp_per_capita_usd,19643.47,USD_current,T2,WB-WDI-2024
Israel,2004,gdp_per_capita_usd,20568.07,USD_current,T2,WB-WDI-2024
Israel,2005,gdp_per_capita_usd,21286.84,USD_current,T2,WB-WDI-2024
Israel,2006,gdp_per_capita_usd,22527.26,USD_current,T2,WB-WDI-2024
Israel,2007,gdp_per_capita_usd,25721.26,USD_current,T2,WB-WDI-2024
Israel,2008,gdp_per_capita_usd,30269.22,USD_current,T2,WB-WDI-2024
Israel,2009,gdp_per_capita_usd,28508.49,USD_current,T2,WB-WDI-2024
Israel,2010,gdp_per_capita_usd,31439.09,USD_current,T2,WB-WDI-2024
Israel,2011,gdp_per_capita_usd,34522.52,USD_current,T2,WB-WDI-2024
Israel,2012,gdp_per_capita_usd,33321.43,USD_current,T2,WB-WDI-2024
Israel,2013,gdp_per_capita_usd,37034.32,USD_current,T2,WB-WDI-2024
Israel,2014,gdp_per_capita_usd,38343.30,USD_current,T2,WB-WDI-2024
Israel,2015,gdp_per_capita_usd,36213.10,USD_current,T2,WB-WDI-2024
Israel,2016,gdp_per_capita_usd,37671.54,USD_current,T2,WB-WDI-2024
Israel,2017,gdp_per_capita_usd,41138.47,USD_current,T2,WB-WDI-2024
Israel,2018,gdp_per_capita_usd,42362.67,USD_current,T2,WB-WDI-2024
Israel,2019,gdp_per_capita_usd,44250.63,USD_current,T2,WB-WDI-2024
Israel,2020,gdp_per_capita_usd,44575.57,USD_current,T2,WB-WDI-2024
Israel,2021,gdp_per_capita_usd,52270.90,USD_current,T2,WB-WDI-2024
Israel,2022,gdp_per_capita_usd,54949.62,USD_current,T2,WB-WDI-2024
Israel,2023,gdp_per_capita_usd,52003.72,USD_current,T2,WB-WDI-2024
Israel,2024,gdp_per_capita_usd,54176.68,USD_current,T2,WB-WDI-2024
Israel,1979,military_spending_pct_gdp,19.385,percent,T2,SIPRI-MILEX-2024
Israel,1980,military_spending_pct_gdp,18.919,percent,T2,SIPRI-MILEX-2024
Israel,1981,military_spending_pct_gdp,20.262,percent,T2,SIPRI-MILEX-2024
Israel,1982,military_spending_pct_gdp,18.388,percent,T2,SIPRI-MILEX-2024
Israel,1983,military_spending_pct_gdp,15.547,percent,T2,SIPRI-MILEX-2024
Israel,1984,military_spending_pct_gdp,16.182,percent,T2,SIPRI-MILEX-2024
Israel,1985,military_spending_pct_gdp,16.601,percent,T2,SIPRI-MILEX-2024
Israel,1986,military_spending_pct_gdp,14.768,percent,T2,SIPRI-MILEX-2024
Israel,1987,military_spending_pct_gdp,16.900,percent,T2,SIPRI-MILEX-2024
Israel,1988,military_spending_pct_gdp,15.947,percent,T2,SIPRI-MILEX-2024
Israel,1989,military_spending_pct_gdp,12.446,percent,T2,SIPRI-MILEX-2024
Israel,1990,military_spending_pct_gdp,12.363,percent,T2,SIPRI-MILEX-2024
Israel,1991,military_spending_pct_gdp,15.587,percent,T2,SIPRI-MILEX-2024
Israel,1992,military_spending_pct_gdp,10.925,percent,T2,SIPRI-MILEX-2024
Israel,1993,military_spending_pct_gdp,11.523,percent,T2,SIPRI-MILEX-2024
Israel,1994,military_spending_pct_gdp,10.120,percent,T2,SIPRI-MILEX-2024
Israel,1995,military_spending_pct_gdp,7.428,percent,T2,SIPRI-MILEX-2024
Israel,1996,military_spending_pct_gdp,7.281,percent,T2,SIPRI-MILEX-2024
Israel,1997,military_spending_pct_gdp,7.083,percent,T2,SIPRI-MILEX-2024
Israel,1998,military_spending_pct_gdp,6.623,percent,T2,SIPRI-MILEX-2024
Israel,1999,military_spending_pct_gdp,6.216,percent,T2,SIPRI-MILEX-2024
Israel,2000,military_spending_pct_gdp,6.017,percent,T2,SIPRI-MILEX-2024
Israel,2001,military_spending_pct_gdp,6.214,percent,T2,SIPRI-MILEX-2024
Israel,2002,military_spending_pct_gdp,6.324,percent,T2,SIPRI-MILEX-2024
Israel,2003,military_spending_pct_gdp,6.196,percent,T2,SIPRI-MILEX-2024
Israel,2004,military_spending_pct_gdp,6.123,percent,T2,SIPRI-MILEX-2024
Israel,2005,military_spending_pct_gdp,5.981,percent,T2,SIPRI-MILEX-2024
Israel,2006,military_spending_pct_gdp,5.814,percent,T2,SIPRI-MILEX-2024
Israel,2007,military_spending_pct_gdp,6.088,percent,T2,SIPRI-MILEX-2024
Israel,2008,military_spending_pct_gdp,6.175,percent,T2,SIPRI-MILEX-2024
Israel,2009,military_spending_pct_gdp,5.916,percent,T2,SIPRI-MILEX-2024
Israel,2010,military_spending_pct_gdp,5.711,percent,T2,SIPRI-MILEX-2024
Israel,2011,military_spending_pct_gdp,5.433,percent,T2,SIPRI-MILEX-2024
Israel,2012,military_spending_pct_gdp,5.313,percent,T2,SIPRI-MILEX-2024
Israel,2013,military_spending_pct_gdp,5.280,percent,T2,SIPRI-MILEX-2024
Israel,2014,military_spending_pct_gdp,5.456,percent,T2,SIPRI-MILEX-2024
Israel,2015,military_spending_pct_gdp,5.275,percent,T2,SIPRI-MILEX-2024
Israel,2016,military_spending_pct_gdp,5.171,percent,T2,SIPRI-MILEX-2024
Israel,2017,military_spending_pct_gdp,5.269,percent,T2,SIPRI-MILEX-2024
Israel,2018,military_spending_pct_gdp,5.130,percent,T2,SIPRI-MILEX-2024
Israel,2019,military_spending_pct_gdp,4.958,percent,T2,SIPRI-MILEX-2024
Israel,2020,military_spending_pct_gdp,5.119,percent,T2,SIPRI-MILEX-2024
Israel,2021,military_spending_pct_gdp,4.812,percent,T2,SIPRI-MILEX-2024
Israel,2022,military_spending_pct_gdp,4.336,percent,T2,SIPRI-MILEX-2024
Israel,2023,military_spending_pct_gdp,5.279,percent,T2,SIPRI-MILEX-2024
Israel,2024,military_spending_pct_gdp,8.468,percent,T2,SIPRI-MILEX-2024
Israel,2025,military_spending_pct_gdp,7.809,percent,T2,SIPRI-MILEX-2024
Israel,1979,military_spending_usd,3394518703.95,USD_current,T2,SIPRI-MILEX-2024
Israel,1980,military_spending_usd,4120814786.05,USD_current,T2,SIPRI-MILEX-2024
Israel,1981,military_spending_usd,4700103231.68,USD_current,T2,SIPRI-MILEX-2024
Israel,1982,military_spending_usd,4518481888.99,USD_current,T2,SIPRI-MILEX-2024
Israel,1983,military_spending_usd,4265358581.86,USD_current,T2,SIPRI-MILEX-2024
Israel,1984,military_spending_usd,4214300330.82,USD_current,T2,SIPRI-MILEX-2024
Israel,1985,military_spending_usd,4004517114.14,USD_current,T2,SIPRI-MILEX-2024
Israel,1986,military_spending_usd,4386224325.20,USD_current,T2,SIPRI-MILEX-2024
Israel,1987,military_spending_usd,5995553855.42,USD_current,T2,SIPRI-MILEX-2024
Israel,1988,military_spending_usd,6999574985.30,USD_current,T2,SIPRI-MILEX-2024
Israel,1989,military_spending_usd,5550710260.44,USD_current,T2,SIPRI-MILEX-2024
Israel,1990,military_spending_usd,6528767331.24,USD_current,T2,SIPRI-MILEX-2024
Israel,1991,military_spending_usd,9337649894.62,USD_current,T2,SIPRI-MILEX-2024
Israel,1992,military_spending_usd,7313388389.73,USD_current,T2,SIPRI-MILEX-2024
Israel,1993,military_spending_usd,7752806699.97,USD_current,T2,SIPRI-MILEX-2024
Israel,1994,military_spending_usd,7772187267.60,USD_current,T2,SIPRI-MILEX-2024
Israel,1995,military_spending_usd,7831352335.52,USD_current,T2,SIPRI-MILEX-2024
Israel,1996,military_spending_usd,8376838856.75,USD_current,T2,SIPRI-MILEX-2024
Israel,1997,military_spending_usd,8456922539.61,USD_current,T2,SIPRI-MILEX-2024
Israel,1998,military_spending_usd,7978869615.48,USD_current,T2,SIPRI-MILEX-2024
Israel,1999,military_spending_usd,7542216625.25,USD_current,T2,SIPRI-MILEX-2024
Israel,2000,military_spending_usd,8207420459.42,USD_current,T2,SIPRI-MILEX-2024
Israel,2001,military_spending_usd,8381601417.14,USD_current,T2,SIPRI-MILEX-2024
Israel,2002,military_spending_usd,7918078124.54,USD_current,T2,SIPRI-MILEX-2024
Israel,2003,military_spending_usd,8134269311.59,USD_current,T2,SIPRI-MILEX-2024
Israel,2004,military_spending_usd,8568349948.01,USD_current,T2,SIPRI-MILEX-2024
Israel,2005,military_spending_usd,8812766695.63,USD_current,T2,SIPRI-MILEX-2024
Israel,2006,military_spending_usd,9227826164.04,USD_current,T2,SIPRI-MILEX-2024
Israel,2007,military_spending_usd,11229603853.87,USD_current,T2,SIPRI-MILEX-2024
Israel,2008,military_spending_usd,13643372417.10,USD_current,T2,SIPRI-MILEX-2024
Israel,2009,military_spending_usd,12608369825.60,USD_current,T2,SIPRI-MILEX-2024
Israel,2010,military_spending_usd,13671572358.16,USD_current,T2,SIPRI-MILEX-2024
Israel,2011,military_spending_usd,14547215137.52,USD_current,T2,SIPRI-MILEX-2024
Israel,2012,military_spending_usd,13982349581.94,USD_current,T2,SIPRI-MILEX-2024
Israel,2013,military_spending_usd,15737015503.66,USD_current,T2,SIPRI-MILEX-2024
Israel,2014,military_spending_usd,17153824605.04,USD_current,T2,SIPRI-MILEX-2024
Israel,2015,military_spending_usd,15975541957.89,USD_current,T2,SIPRI-MILEX-2024
Israel,2016,military_spending_usd,16596402553.05,USD_current,T2,SIPRI-MILEX-2024
Israel,2017,military_spending_usd,18736105777.25,USD_current,T2,SIPRI-MILEX-2024
Israel,2018,military_spending_usd,19262765541.05,USD_current,T2,SIPRI-MILEX-2024
Israel,2019,military_spending_usd,19796980078.56,USD_current,T2,SIPRI-MILEX-2024
Israel,2020,military_spending_usd,21049888662.79,USD_current,T2,SIPRI-MILEX-2024
Israel,2021,military_spending_usd,23596704277.74,USD_current,T2,SIPRI-MILEX-2024
Israel,2022,military_spending_usd,22772600916.34,USD_current,T2,SIPRI-MILEX-2024
Israel,2023,military_spending_usd,27102928006.17,USD_current,T2,SIPRI-MILEX-2024
Israel,2024,military_spending_usd,45921467209.92,USD_current,T2,SIPRI-MILEX-2024
Israel,2025,military_spending_usd,48281256782.26,USD_current,T2,SIPRI-MILEX-2024
Israel,1995,oil_rents_pct_gdp,0.001,percent,T2,WB-WDI-2024
Israel,1996,oil_rents_pct_gdp,0.000,percent,T2,WB-WDI-2024
Israel,1997,oil_rents_pct_gdp,0.001,percent,T2,WB-WDI-2024
Israel,1998,oil_rents_pct_gdp,0.000,percent,T2,WB-WDI-2024
Israel,1999,oil_rents_pct_gdp,0.000,percent,T2,WB-WDI-2024
Israel,2000,oil_rents_pct_gdp,0.001,percent,T2,WB-WDI-2024
Israel,2001,oil_rents_pct_gdp,0.000,percent,T2,WB-WDI-2024
Israel,2002,oil_rents_pct_gdp,0.001,percent,T2,WB-WDI-2024
Israel,2003,oil_rents_pct_gdp,0.000,percent,T2,WB-WDI-2024
Israel,2004,oil_rents_pct_gdp,0.000,percent,T2,WB-WDI-2024
Israel,2005,oil_rents_pct_gdp,0.000,percent,T2,WB-WDI-2024
Israel,2006,oil_rents_pct_gdp,0.002,percent,T2,WB-WDI-2024
Israel,2007,oil_rents_pct_gdp,0.001,percent,T2,WB-WDI-2024
Israel,2008,oil_rents_pct_gdp,0.002,percent,T2,WB-WDI-2024
Israel,2009,oil_rents_pct_gdp,0.001,percent,T2,WB-WDI-2024
Israel,2010,oil_rents_pct_gdp,0.001,percent,T2,WB-WDI-2024
Israel,2011,oil_rents_pct_gdp,0.005,percent,T2,WB-WDI-2024
Israel,2012,oil_rents_pct_gdp,0.003,percent,T2,WB-WDI-2024
Israel,2013,oil_rents_pct_gdp,0.012,percent,T2,WB-WDI-2024
Israel,2014,oil_rents_pct_gdp,0.012,percent,T2,WB-WDI-2024
Israel,2015,oil_rents_pct_gdp,0.006,percent,T2,WB-WDI-2024
Israel,2016,oil_rents_pct_gdp,0.007,percent,T2,WB-WDI-2024
Israel,2017,oil_rents_pct_gdp,0.006,percent,T2,WB-WDI-2024
Israel,2018,oil_rents_pct_gdp,0.009,percent,T2,WB-WDI-2024
Israel,2019,oil_rents_pct_gdp,0.008,percent,T2,WB-WDI-2024
Israel,2020,oil_rents_pct_gdp,0.008,percent,T2,WB-WDI-2024
Israel,2021,oil_rents_pct_gdp,0.012,percent,T2,WB-WDI-2024
Israel,1979,population,3786000,persons,T2,WB-WDI-2024
Israel,1980,population,3878000,persons,T2,WB-WDI-2024
Israel,1981,population,3956000,persons,T2,WB-WDI-2024
Israel,1982,population,4031000,persons,T2,WB-WDI-2024
Israel,1983,population,4105000,persons,T2,WB-WDI-2024
Israel,1984,population,4159000,persons,T2,WB-WDI-2024
Israel,1985,population,4233000,persons,T2,WB-WDI-2024
Israel,1986,population,4299000,persons,T2,WB-WDI-2024
Israel,1987,population,4369000,persons,T2,WB-WDI-2024
Israel,1988,population,4442000,persons,T2,WB-WDI-2024
Israel,1989,population,4518000,persons,T2,WB-WDI-2024
Israel,1990,population,4660000,persons,T2,WB-WDI-2024
Israel,1991,population,4949000,persons,T2,WB-WDI-2024
Israel,1992,population,5123000,persons,T2,WB-WDI-2024
Israel,1993,population,5261000,persons,T2,WB-WDI-2024
Israel,1994,population,5399000,persons,T2,WB-WDI-2024
Israel,1995,population,5545000,persons,T2,WB-WDI-2024
Israel,1996,population,5692000,persons,T2,WB-WDI-2024
Israel,1997,population,5836000,persons,T2,WB-WDI-2024
Israel,1998,population,5971000,persons,T2,WB-WDI-2024
Israel,1999,population,6125000,persons,T2,WB-WDI-2024
Israel,2000,population,6289000,persons,T2,WB-WDI-2024
Israel,2001,population,6439000,persons,T2,WB-WDI-2024
Israel,2002,population,6570000,persons,T2,WB-WDI-2024
Israel,2003,population,6689700,persons,T2,WB-WDI-2024
Israel,2004,population,6809000,persons,T2,WB-WDI-2024
Israel,2005,population,6930100,persons,T2,WB-WDI-2024
Israel,2006,population,7053700,persons,T2,WB-WDI-2024
Israel,2007,population,7180100,persons,T2,WB-WDI-2024
Israel,2008,population,7308800,persons,T2,WB-WDI-2024
Israel,2009,population,7485600,persons,T2,WB-WDI-2024
Israel,2010,population,7623600,persons,T2,WB-WDI-2024
Israel,2011,population,7765800,persons,T2,WB-WDI-2024
Israel,2012,population,7910500,persons,T2,WB-WDI-2024
Israel,2013,population,8059500,persons,T2,WB-WDI-2024
Israel,2014,population,8215700,persons,T2,WB-WDI-2024
Israel,2015,population,8380100,persons,T2,WB-WDI-2024
Israel,2016,population,8546000,persons,T2,WB-WDI-2024
Israel,2017,population,8713300,persons,T2,WB-WDI-2024
Israel,2018,population,8882800,persons,T2,WB-WDI-2024
Israel,2019,population,9054000,persons,T2,WB-WDI-2024
Israel,2020,population,9215100,persons,T2,WB-WDI-2024
Israel,2021,population,9371400,persons,T2,WB-WDI-2024
Israel,2022,population,9557500,persons,T2,WB-WDI-2024
Israel,2023,population,9849000,persons,T2,WB-WDI-2024
Israel,2024,population,9974400,persons,T2,WB-WDI-2024
Israel,1979,trade_pct_gdp,79.212,percent,T2,WB-WDI-2024
Israel,1980,trade_pct_gdp,79.975,percent,T2,WB-WDI-2024
Israel,1981,trade_pct_gdp,79.334,percent,T2,WB-WDI-2024
Israel,1982,trade_pct_gdp,69.266,percent,T2,WB-WDI-2024
Israel,1983,trade_pct_gdp,63.562,percent,T2,WB-WDI-2024
Israel,1984,trade_pct_gdp,70.276,percent,T2,WB-WDI-2024
Israel,1985,trade_pct_gdp,75.668,percent,T2,WB-WDI-2024
Israel,1986,trade_pct_gdp,66.308,percent,T2,WB-WDI-2024
Israel,1987,trade_pct_gdp,69.035,percent,T2,WB-WDI-2024
Israel,1988,trade_pct_gdp,60.252,percent,T2,WB-WDI-2024
Israel,1989,trade_pct_gdp,62.899,percent,T2,WB-WDI-2024
Israel,1990,trade_pct_gdp,60.897,percent,T2,WB-WDI-2024
Israel,1991,trade_pct_gdp,55.718,percent,T2,WB-WDI-2024
Israel,1992,trade_pct_gdp,54.907,percent,T2,WB-WDI-2024
Israel,1993,trade_pct_gdp,60.014,percent,T2,WB-WDI-2024
Israel,1994,trade_pct_gdp,59.788,percent,T2,WB-WDI-2024
Israel,1995,trade_pct_gdp,59.389,percent,T2,WB-WDI-2024
Israel,1996,trade_pct_gdp,58.131,percent,T2,WB-WDI-2024
Israel,1997,trade_pct_gdp,57.567,percent,T2,WB-WDI-2024
Israel,1998,trade_pct_gdp,56.904,percent,T2,WB-WDI-2024
Israel,1999,trade_pct_gdp,64.740,percent,T2,WB-WDI-2024
Israel,2000,trade_pct_gdp,68.347,percent,T2,WB-WDI-2024
Israel,2001,trade_pct_gdp,62.140,percent,T2,WB-WDI-2024
Israel,2002,trade_pct_gdp,65.471,percent,T2,WB-WDI-2024
Israel,2003,trade_pct_gdp,66.882,percent,T2,WB-WDI-2024
Israel,2004,trade_pct_gdp,74.973,percent,T2,WB-WDI-2024
Israel,2005,trade_pct_gdp,78.324,percent,T2,WB-WDI-2024
Israel,2006,trade_pct_gdp,78.435,percent,T2,WB-WDI-2024
Israel,2007,trade_pct_gdp,78.837,percent,T2,WB-WDI-2024
Israel,2008,trade_pct_gdp,75.381,percent,T2,WB-WDI-2024
Israel,2009,trade_pct_gdp,61.676,percent,T2,WB-WDI-2024
Israel,2010,trade_pct_gdp,65.633,percent,T2,WB-WDI-2024
Israel,2011,trade_pct_gdp,68.909,percent,T2,WB-WDI-2024
Israel,2012,trade_pct_gdp,69.965,percent,T2,WB-WDI-2024
Israel,2013,trade_pct_gdp,64.134,percent,T2,WB-WDI-2024
Israel,2014,trade_pct_gdp,61.713,percent,T2,WB-WDI-2024
Israel,2015,trade_pct_gdp,58.898,percent,T2,WB-WDI-2024
Israel,2016,trade_pct_gdp,57.799,percent,T2,WB-WDI-2024
Israel,2017,trade_pct_gdp,56.280,percent,T2,WB-WDI-2024
Israel,2018,trade_pct_gdp,58.744,percent,T2,WB-WDI-2024
Israel,2019,trade_pct_gdp,56.325,percent,T2,WB-WDI-2024
Israel,2020,trade_pct_gdp,51.237,percent,T2,WB-WDI-2024
Israel,2021,trade_pct_gdp,54.902,percent,T2,WB-WDI-2024
Israel,2022,trade_pct_gdp,60.645,percent,T2,WB-WDI-2024
Israel,2023,trade_pct_gdp,57.990,percent,T2,WB-WDI-2024
Israel,2024,trade_pct_gdp,54.452,percent,T2,WB-WDI-2024
Israel,1991,unemployment_rate,13.387,percent,T2,WB-WDI-2024
Israel,1992,unemployment_rate,14.080,percent,T2,WB-WDI-2024
Israel,1993,unemployment_rate,12.741,percent,T2,WB-WDI-2024
Israel,1994,unemployment_rate,9.934,percent,T2,WB-WDI-2024
Israel,1995,unemployment_rate,8.782,percent,T2,WB-WDI-2024
Israel,1996,unemployment_rate,8.455,percent,T2,WB-WDI-2024
Israel,1997,unemployment_rate,9.751,percent,T2,WB-WDI-2024
Israel,1998,unemployment_rate,10.749,percent,T2,WB-WDI-2024
Israel,1999,unemployment_rate,11.183,percent,T2,WB-WDI-2024
Israel,2000,unemployment_rate,11.102,percent,T2,WB-WDI-2024
Israel,2001,unemployment_rate,11.812,percent,T2,WB-WDI-2024
Israel,2002,unemployment_rate,12.888,percent,T2,WB-WDI-2024
Israel,2003,unemployment_rate,13.505,percent,T2,WB-WDI-2024
Israel,2004,unemployment_rate,13.029,percent,T2,WB-WDI-2024
Israel,2005,unemployment_rate,11.342,percent,T2,WB-WDI-2024
Israel,2006,unemployment_rate,10.707,percent,T2,WB-WDI-2024
Israel,2007,unemployment_rate,9.379,percent,T2,WB-WDI-2024
Israel,2008,unemployment_rate,7.704,percent,T2,WB-WDI-2024
Israel,2009,unemployment_rate,9.534,percent,T2,WB-WDI-2024
Israel,2010,unemployment_rate,8.480,percent,T2,WB-WDI-2024
Israel,2011,unemployment_rate,7.139,percent,T2,WB-WDI-2024
Israel,2012,unemployment_rate,6.762,percent,T2,WB-WDI-2024
Israel,2013,unemployment_rate,6.137,percent,T2,WB-WDI-2024
Israel,2014,unemployment_rate,5.789,percent,T2,WB-WDI-2024
Israel,2015,unemployment_rate,5.176,percent,T2,WB-WDI-2024
Israel,2016,unemployment_rate,4.723,percent,T2,WB-WDI-2024
Israel,2017,unemployment_rate,4.140,percent,T2,WB-WDI-2024
Israel,2018,unemployment_rate,3.917,percent,T2,WB-WDI-2024
Israel,2019,unemployment_rate,3.731,percent,T2,WB-WDI-2024
Israel,2020,unemployment_rate,4.169,percent,T2,WB-WDI-2024
Israel,2021,unemployment_rate,4.812,percent,T2,WB-WDI-2024
Israel,2022,unemployment_rate,3.695,percent,T2,WB-WDI-2024
Israel,2023,unemployment_rate,3.371,percent,T2,WB-WDI-2024
Israel,2024,unemployment_rate,3.595,percent,T2,WB-WDI-2024
Jordan,1979,gdp_nominal_usd,3271368780.65,USD_current,T2,WB-WDI-2024
Jordan,1980,gdp_nominal_usd,3910044474.28,USD_current,T2,WB-WDI-2024
Jordan,1981,gdp_nominal_usd,4383944702.86,USD_current,T2,WB-WDI-2024
Jordan,1982,gdp_nominal_usd,4681240992.70,USD_current,T2,WB-WDI-2024
Jordan,1983,gdp_nominal_usd,4920692190.96,USD_current,T2,WB-WDI-2024
Jordan,1984,gdp_nominal_usd,4967162160.40,USD_current,T2,WB-WDI-2024
Jordan,1985,gdp_nominal_usd,4993601520.43,USD_current,T2,WB-WDI-2024
Jordan,1986,gdp_nominal_usd,6402050484.90,USD_current,T2,WB-WDI-2024
Jordan,1987,gdp_nominal_usd,6756209762.48,USD_current,T2,WB-WDI-2024
Jordan,1988,gdp_nominal_usd,6277451829.05,USD_current,T2,WB-WDI-2024
Jordan,1989,gdp_nominal_usd,4221373673.80,USD_current,T2,WB-WDI-2024
Jordan,1990,gdp_nominal_usd,4160087507.83,USD_current,T2,WB-WDI-2024
Jordan,1991,gdp_nominal_usd,4344467193.25,USD_current,T2,WB-WDI-2024
Jordan,1992,gdp_nominal_usd,5310833193.59,USD_current,T2,WB-WDI-2024
Jordan,1993,gdp_nominal_usd,5606400221.69,USD_current,T2,WB-WDI-2024
Jordan,1994,gdp_nominal_usd,6236295978.25,USD_current,T2,WB-WDI-2024
Jordan,1995,gdp_nominal_usd,6727597031.96,USD_current,T2,WB-WDI-2024
Jordan,1996,gdp_nominal_usd,6927503526.09,USD_current,T2,WB-WDI-2024
Jordan,1997,gdp_nominal_usd,7245839210.16,USD_current,T2,WB-WDI-2024
Jordan,1998,gdp_nominal_usd,7912270803.95,USD_current,T2,WB-WDI-2024
Jordan,1999,gdp_nominal_usd,8149929478.14,USD_current,T2,WB-WDI-2024
Jordan,2000,gdp_nominal_usd,8460789844.85,USD_current,T2,WB-WDI-2024
Jordan,2001,gdp_nominal_usd,8975814652.82,USD_current,T2,WB-WDI-2024
Jordan,2002,gdp_nominal_usd,9582510578.28,USD_current,T2,WB-WDI-2024
Jordan,2003,gdp_nominal_usd,10195627644.57,USD_current,T2,WB-WDI-2024
Jordan,2004,gdp_nominal_usd,11411706629.06,USD_current,T2,WB-WDI-2024
Jordan,2005,gdp_nominal_usd,12588998589.56,USD_current,T2,WB-WDI-2024
Jordan,2006,gdp_nominal_usd,15056981664.32,USD_current,T2,WB-WDI-2024
Jordan,2007,gdp_nominal_usd,17110437235.54,USD_current,T2,WB-WDI-2024
Jordan,2008,gdp_nominal_usd,22658715989.33,USD_current,T2,WB-WDI-2024
Jordan,2009,gdp_nominal_usd,24537876056.34,USD_current,T2,WB-WDI-2024
Jordan,2010,gdp_nominal_usd,27133804225.35,USD_current,T2,WB-WDI-2024
Jordan,2011,gdp_nominal_usd,29524149154.93,USD_current,T2,WB-WDI-2024
Jordan,2012,gdp_nominal_usd,31634561690.14,USD_current,T2,WB-WDI-2024
Jordan,2013,gdp_nominal_usd,34454440140.85,USD_current,T2,WB-WDI-2024
Jordan,2014,gdp_nominal_usd,36847643521.13,USD_current,T2,WB-WDI-2024
Jordan,2015,gdp_nominal_usd,38587017887.32,USD_current,T2,WB-WDI-2024
Jordan,2016,gdp_nominal_usd,39892551126.76,USD_current,T2,WB-WDI-2024
Jordan,2017,gdp_nominal_usd,41608435915.49,USD_current,T2,WB-WDI-2024
Jordan,2018,gdp_nominal_usd,43370860704.23,USD_current,T2,WB-WDI-2024
Jordan,2019,gdp_nominal_usd,44503006338.03,USD_current,T2,WB-WDI-2024
Jordan,2020,gdp_nominal_usd,43700383098.59,USD_current,T2,WB-WDI-2024
Jordan,2021,gdp_nominal_usd,46296100140.85,USD_current,T2,WB-WDI-2024
Jordan,2022,gdp_nominal_usd,48764963380.28,USD_current,T2,WB-WDI-2024
Jordan,2023,gdp_nominal_usd,51088476338.03,USD_current,T2,WB-WDI-2024
Jordan,2024,gdp_nominal_usd,53352289577.46,USD_current,T2,WB-WDI-2024
Jordan,1990,gdp_per_capita_ppp,4317.16,USD_PPP_current_intl,T2,WB-WDI-2024
Jordan,1991,gdp_per_capita_ppp,4195.29,USD_PPP_current_intl,T2,WB-WDI-2024
Jordan,1992,gdp_per_capita_ppp,4653.97,USD_PPP_current_intl,T2,WB-WDI-2024
Jordan,1993,gdp_per_capita_ppp,4725.81,USD_PPP_current_intl,T2,WB-WDI-2024
Jordan,1994,gdp_per_capita_ppp,4829.65,USD_PPP_current_intl,T2,WB-WDI-2024
Jordan,1995,gdp_per_capita_ppp,5026.54,USD_PPP_current_intl,T2,WB-WDI-2024
Jordan,1996,gdp_per_capita_ppp,5054.75,USD_PPP_current_intl,T2,WB-WDI-2024
Jordan,1997,gdp_per_capita_ppp,5171.22,USD_PPP_current_intl,T2,WB-WDI-2024
Jordan,1998,gdp_per_capita_ppp,5263.77,USD_PPP_current_intl,T2,WB-WDI-2024
Jordan,1999,gdp_per_capita_ppp,5401.88,USD_PPP_current_intl,T2,WB-WDI-2024
Jordan,2000,gdp_per_capita_ppp,5640.66,USD_PPP_current_intl,T2,WB-WDI-2024
Jordan,2001,gdp_per_capita_ppp,5948.01,USD_PPP_current_intl,T2,WB-WDI-2024
Jordan,2002,gdp_per_capita_ppp,6256.50,USD_PPP_current_intl,T2,WB-WDI-2024
Jordan,2003,gdp_per_capita_ppp,6499.98,USD_PPP_current_intl,T2,WB-WDI-2024
Jordan,2004,gdp_per_capita_ppp,7073.85,USD_PPP_current_intl,T2,WB-WDI-2024
Jordan,2005,gdp_per_capita_ppp,7696.95,USD_PPP_current_intl,T2,WB-WDI-2024
Jordan,2006,gdp_per_capita_ppp,8045.64,USD_PPP_current_intl,T2,WB-WDI-2024
Jordan,2007,gdp_per_capita_ppp,8415.71,USD_PPP_current_intl,T2,WB-WDI-2024
Jordan,2008,gdp_per_capita_ppp,8983.21,USD_PPP_current_intl,T2,WB-WDI-2024
Jordan,2009,gdp_per_capita_ppp,9290.81,USD_PPP_current_intl,T2,WB-WDI-2024
Jordan,2010,gdp_per_capita_ppp,9416.64,USD_PPP_current_intl,T2,WB-WDI-2024
Jordan,2011,gdp_per_capita_ppp,9631.93,USD_PPP_current_intl,T2,WB-WDI-2024
Jordan,2012,gdp_per_capita_ppp,9738.54,USD_PPP_current_intl,T2,WB-WDI-2024
Jordan,2013,gdp_per_capita_ppp,9816.60,USD_PPP_current_intl,T2,WB-WDI-2024
Jordan,2014,gdp_per_capita_ppp,9144.68,USD_PPP_current_intl,T2,WB-WDI-2024
Jordan,2015,gdp_per_capita_ppp,8967.08,USD_PPP_current_intl,T2,WB-WDI-2024
Jordan,2016,gdp_per_capita_ppp,8747.88,USD_PPP_current_intl,T2,WB-WDI-2024
Jordan,2017,gdp_per_capita_ppp,9265.52,USD_PPP_current_intl,T2,WB-WDI-2024
Jordan,2018,gdp_per_capita_ppp,9042.40,USD_PPP_current_intl,T2,WB-WDI-2024
Jordan,2019,gdp_per_capita_ppp,9429.07,USD_PPP_current_intl,T2,WB-WDI-2024
Jordan,2020,gdp_per_capita_ppp,9579.20,USD_PPP_current_intl,T2,WB-WDI-2024
Jordan,2021,gdp_per_capita_ppp,9182.50,USD_PPP_current_intl,T2,WB-WDI-2024
Jordan,2022,gdp_per_capita_ppp,9927.23,USD_PPP_current_intl,T2,WB-WDI-2024
Jordan,2023,gdp_per_capita_ppp,10411.84,USD_PPP_current_intl,T2,WB-WDI-2024
Jordan,2024,gdp_per_capita_ppp,10821.49,USD_PPP_current_intl,T2,WB-WDI-2024
Jordan,1979,gdp_per_capita_usd,1518.82,USD_current,T2,WB-WDI-2024
Jordan,1980,gdp_per_capita_usd,1750.10,USD_current,T2,WB-WDI-2024
Jordan,1981,gdp_per_capita_usd,1885.15,USD_current,T2,WB-WDI-2024
Jordan,1982,gdp_per_capita_usd,1928.88,USD_current,T2,WB-WDI-2024
Jordan,1983,gdp_per_capita_usd,1939.34,USD_current,T2,WB-WDI-2024
Jordan,1984,gdp_per_capita_usd,1871.09,USD_current,T2,WB-WDI-2024
Jordan,1985,gdp_per_capita_usd,1797.03,USD_current,T2,WB-WDI-2024
Jordan,1986,gdp_per_capita_usd,2200.10,USD_current,T2,WB-WDI-2024
Jordan,1987,gdp_per_capita_usd,2216.87,USD_current,T2,WB-WDI-2024
Jordan,1988,gdp_per_capita_usd,1965.98,USD_current,T2,WB-WDI-2024
Jordan,1989,gdp_per_capita_usd,1260.25,USD_current,T2,WB-WDI-2024
Jordan,1990,gdp_per_capita_usd,1148.59,USD_current,T2,WB-WDI-2024
Jordan,1991,gdp_per_capita_usd,1109.66,USD_current,T2,WB-WDI-2024
Jordan,1992,gdp_per_capita_usd,1286.63,USD_current,T2,WB-WDI-2024
Jordan,1993,gdp_per_capita_usd,1289.41,USD_current,T2,WB-WDI-2024
Jordan,1994,gdp_per_capita_usd,1367.19,USD_current,T2,WB-WDI-2024
Jordan,1995,gdp_per_capita_usd,1415.71,USD_current,T2,WB-WDI-2024
Jordan,1996,gdp_per_capita_usd,1410.17,USD_current,T2,WB-WDI-2024
Jordan,1997,gdp_per_capita_usd,1435.88,USD_current,T2,WB-WDI-2024
Jordan,1998,gdp_per_capita_usd,1532.11,USD_current,T2,WB-WDI-2024
Jordan,1999,gdp_per_capita_usd,1544.59,USD_current,T2,WB-WDI-2024
Jordan,2000,gdp_per_capita_usd,1570.61,USD_current,T2,WB-WDI-2024
Jordan,2001,gdp_per_capita_usd,1632.29,USD_current,T2,WB-WDI-2024
Jordan,2002,gdp_per_capita_usd,1706.27,USD_current,T2,WB-WDI-2024
Jordan,2003,gdp_per_capita_usd,1775.68,USD_current,T2,WB-WDI-2024
Jordan,2004,gdp_per_capita_usd,1940.09,USD_current,T2,WB-WDI-2024
Jordan,2005,gdp_per_capita_usd,2087.87,USD_current,T2,WB-WDI-2024
Jordan,2006,gdp_per_capita_usd,2342.63,USD_current,T2,WB-WDI-2024
Jordan,2007,gdp_per_capita_usd,2506.21,USD_current,T2,WB-WDI-2024
Jordan,2008,gdp_per_capita_usd,3241.65,USD_current,T2,WB-WDI-2024
Jordan,2009,gdp_per_capita_usd,3435.83,USD_current,T2,WB-WDI-2024
Jordan,2010,gdp_per_capita_usd,3718.47,USD_current,T2,WB-WDI-2024
Jordan,2011,gdp_per_capita_usd,3946.86,USD_current,T2,WB-WDI-2024
Jordan,2012,gdp_per_capita_usd,4169.50,USD_current,T2,WB-WDI-2024
Jordan,2013,gdp_per_capita_usd,4311.22,USD_current,T2,WB-WDI-2024
Jordan,2014,gdp_per_capita_usd,4191.18,USD_current,T2,WB-WDI-2024
Jordan,2015,gdp_per_capita_usd,4042.76,USD_current,T2,WB-WDI-2024
Jordan,2016,gdp_per_capita_usd,3986.72,USD_current,T2,WB-WDI-2024
Jordan,2017,gdp_per_capita_usd,4065.62,USD_current,T2,WB-WDI-2024
Jordan,2018,gdp_per_capita_usd,4145.44,USD_current,T2,WB-WDI-2024
Jordan,2019,gdp_per_capita_usd,4170.11,USD_current,T2,WB-WDI-2024
Jordan,2020,gdp_per_capita_usd,4022.04,USD_current,T2,WB-WDI-2024
Jordan,2021,gdp_per_capita_usd,4183.50,USD_current,T2,WB-WDI-2024
Jordan,2022,gdp_per_capita_usd,4332.25,USD_current,T2,WB-WDI-2024
Jordan,2023,gdp_per_capita_usd,4466.08,USD_current,T2,WB-WDI-2024
Jordan,2024,gdp_per_capita_usd,4618.10,USD_current,T2,WB-WDI-2024
Jordan,1979,military_spending_pct_gdp,12.214,percent,T2,SIPRI-MILEX-2024
Jordan,1980,military_spending_pct_gdp,10.646,percent,T2,SIPRI-MILEX-2024
Jordan,1981,military_spending_pct_gdp,10.009,percent,T2,SIPRI-MILEX-2024
Jordan,1982,military_spending_pct_gdp,9.940,percent,T2,SIPRI-MILEX-2024
Jordan,1983,military_spending_pct_gdp,9.851,percent,T2,SIPRI-MILEX-2024
Jordan,1984,military_spending_pct_gdp,9.216,percent,T2,SIPRI-MILEX-2024
Jordan,1985,military_spending_pct_gdp,10.048,percent,T2,SIPRI-MILEX-2024
Jordan,1986,military_spending_pct_gdp,9.775,percent,T2,SIPRI-MILEX-2024
Jordan,1987,military_spending_pct_gdp,9.578,percent,T2,SIPRI-MILEX-2024
Jordan,1988,military_spending_pct_gdp,9.364,percent,T2,SIPRI-MILEX-2024
Jordan,1989,military_spending_pct_gdp,9.071,percent,T2,SIPRI-MILEX-2024
Jordan,1990,military_spending_pct_gdp,7.751,percent,T2,SIPRI-MILEX-2024
Jordan,1991,military_spending_pct_gdp,9.973,percent,T2,SIPRI-MILEX-2024
Jordan,1992,military_spending_pct_gdp,6.924,percent,T2,SIPRI-MILEX-2024
Jordan,1993,military_spending_pct_gdp,6.977,percent,T2,SIPRI-MILEX-2024
Jordan,1994,military_spending_pct_gdp,6.539,percent,T2,SIPRI-MILEX-2024
Jordan,1995,military_spending_pct_gdp,4.454,percent,T2,SIPRI-MILEX-2024
Jordan,1996,military_spending_pct_gdp,6.027,percent,T2,SIPRI-MILEX-2024
Jordan,1997,military_spending_pct_gdp,6.132,percent,T2,SIPRI-MILEX-2024
Jordan,1998,military_spending_pct_gdp,6.275,percent,T2,SIPRI-MILEX-2024
Jordan,1999,military_spending_pct_gdp,6.282,percent,T2,SIPRI-MILEX-2024
Jordan,2000,military_spending_pct_gdp,6.257,percent,T2,SIPRI-MILEX-2024
Jordan,2001,military_spending_pct_gdp,5.893,percent,T2,SIPRI-MILEX-2024
Jordan,2002,military_spending_pct_gdp,5.446,percent,T2,SIPRI-MILEX-2024
Jordan,2003,military_spending_pct_gdp,6.001,percent,T2,SIPRI-MILEX-2024
Jordan,2004,military_spending_pct_gdp,5.142,percent,T2,SIPRI-MILEX-2024
Jordan,2005,military_spending_pct_gdp,4.795,percent,T2,SIPRI-MILEX-2024
Jordan,2006,military_spending_pct_gdp,4.659,percent,T2,SIPRI-MILEX-2024
Jordan,2007,military_spending_pct_gdp,5.851,percent,T2,SIPRI-MILEX-2024
Jordan,2008,military_spending_pct_gdp,5.995,percent,T2,SIPRI-MILEX-2024
Jordan,2009,military_spending_pct_gdp,6.391,percent,T2,SIPRI-MILEX-2024
Jordan,2010,military_spending_pct_gdp,5.741,percent,T2,SIPRI-MILEX-2024
Jordan,2011,military_spending_pct_gdp,5.402,percent,T2,SIPRI-MILEX-2024
Jordan,2012,military_spending_pct_gdp,4.656,percent,T2,SIPRI-MILEX-2024
Jordan,2013,military_spending_pct_gdp,4.194,percent,T2,SIPRI-MILEX-2024
Jordan,2014,military_spending_pct_gdp,4.203,percent,T2,SIPRI-MILEX-2024
Jordan,2015,military_spending_pct_gdp,4.185,percent,T2,SIPRI-MILEX-2024
Jordan,2016,military_spending_pct_gdp,4.436,percent,T2,SIPRI-MILEX-2024
Jordan,2017,military_spending_pct_gdp,4.684,percent,T2,SIPRI-MILEX-2024
Jordan,2018,military_spending_pct_gdp,4.560,percent,T2,SIPRI-MILEX-2024
Jordan,2019,military_spending_pct_gdp,4.566,percent,T2,SIPRI-MILEX-2024
Jordan,2020,military_spending_pct_gdp,4.705,percent,T2,SIPRI-MILEX-2024
Jordan,2021,military_spending_pct_gdp,4.702,percent,T2,SIPRI-MILEX-2024
Jordan,2022,military_spending_pct_gdp,4.798,percent,T2,SIPRI-MILEX-2024
Jordan,2023,military_spending_pct_gdp,4.819,percent,T2,SIPRI-MILEX-2024
Jordan,2024,military_spending_pct_gdp,4.748,percent,T2,SIPRI-MILEX-2024
Jordan,2025,military_spending_pct_gdp,4.557,percent,T2,SIPRI-MILEX-2024
Jordan,1979,military_spending_usd,399556492.29,USD_current,T2,SIPRI-MILEX-2024
Jordan,1980,military_spending_usd,416212133.93,USD_current,T2,SIPRI-MILEX-2024
Jordan,1981,military_spending_usd,438818156.78,USD_current,T2,SIPRI-MILEX-2024
Jordan,1982,military_spending_usd,465258786.02,USD_current,T2,SIPRI-MILEX-2024
Jordan,1983,military_spending_usd,484742989.82,USD_current,T2,SIPRI-MILEX-2024
Jordan,1984,military_spending_usd,457778991.59,USD_current,T2,SIPRI-MILEX-2024
Jordan,1985,military_spending_usd,501742160.28,USD_current,T2,SIPRI-MILEX-2024
Jordan,1986,military_spending_usd,625775075.29,USD_current,T2,SIPRI-MILEX-2024
Jordan,1987,military_spending_usd,647050307.42,USD_current,T2,SIPRI-MILEX-2024
Jordan,1988,military_spending_usd,587776388.49,USD_current,T2,SIPRI-MILEX-2024
Jordan,1989,military_spending_usd,382891036.17,USD_current,T2,SIPRI-MILEX-2024
Jordan,1990,military_spending_usd,322429005.35,USD_current,T2,SIPRI-MILEX-2024
Jordan,1991,military_spending_usd,433271745.10,USD_current,T2,SIPRI-MILEX-2024
Jordan,1992,military_spending_usd,367745484.82,USD_current,T2,SIPRI-MILEX-2024
Jordan,1993,military_spending_usd,391137488.44,USD_current,T2,SIPRI-MILEX-2024
Jordan,1994,military_spending_usd,407863026.72,USD_current,T2,SIPRI-MILEX-2024
Jordan,1995,military_spending_usd,299838515.54,USD_current,T2,SIPRI-MILEX-2024
Jordan,1996,military_spending_usd,417489421.72,USD_current,T2,SIPRI-MILEX-2024
Jordan,1997,military_spending_usd,444287729.20,USD_current,T2,SIPRI-MILEX-2024
Jordan,1998,military_spending_usd,496473906.91,USD_current,T2,SIPRI-MILEX-2024
Jordan,1999,military_spending_usd,511988716.50,USD_current,T2,SIPRI-MILEX-2024
Jordan,2000,military_spending_usd,529337094.50,USD_current,T2,SIPRI-MILEX-2024
Jordan,2001,military_spending_usd,528926645.63,USD_current,T2,SIPRI-MILEX-2024
Jordan,2002,military_spending_usd,521861777.15,USD_current,T2,SIPRI-MILEX-2024
Jordan,2003,military_spending_usd,611847672.78,USD_current,T2,SIPRI-MILEX-2024
Jordan,2004,military_spending_usd,586741889.99,USD_current,T2,SIPRI-MILEX-2024
Jordan,2005,military_spending_usd,603667136.81,USD_current,T2,SIPRI-MILEX-2024
Jordan,2006,military_spending_usd,701551480.96,USD_current,T2,SIPRI-MILEX-2024
Jordan,2007,military_spending_usd,1032440056.42,USD_current,T2,SIPRI-MILEX-2024
Jordan,2008,military_spending_usd,1358383579.90,USD_current,T2,SIPRI-MILEX-2024
Jordan,2009,military_spending_usd,1568309859.15,USD_current,T2,SIPRI-MILEX-2024
Jordan,2010,military_spending_usd,1557887323.94,USD_current,T2,SIPRI-MILEX-2024
Jordan,2011,military_spending_usd,1594788732.39,USD_current,T2,SIPRI-MILEX-2024
Jordan,2012,military_spending_usd,1472816901.41,USD_current,T2,SIPRI-MILEX-2024
Jordan,2013,military_spending_usd,1444929577.46,USD_current,T2,SIPRI-MILEX-2024
Jordan,2014,military_spending_usd,1548873239.44,USD_current,T2,SIPRI-MILEX-2024
Jordan,2015,military_spending_usd,1614929577.46,USD_current,T2,SIPRI-MILEX-2024
Jordan,2016,military_spending_usd,1769436619.72,USD_current,T2,SIPRI-MILEX-2024
Jordan,2017,military_spending_usd,1939718309.86,USD_current,T2,SIPRI-MILEX-2024
Jordan,2018,military_spending_usd,1957746478.87,USD_current,T2,SIPRI-MILEX-2024
Jordan,2019,military_spending_usd,2032112676.06,USD_current,T2,SIPRI-MILEX-2024
Jordan,2020,military_spending_usd,2055915492.96,USD_current,T2,SIPRI-MILEX-2024
Jordan,2021,military_spending_usd,2176760563.38,USD_current,T2,SIPRI-MILEX-2024
Jordan,2022,military_spending_usd,2334573239.44,USD_current,T2,SIPRI-MILEX-2024
Jordan,2023,military_spending_usd,2462070422.54,USD_current,T2,SIPRI-MILEX-2024
Jordan,2024,military_spending_usd,2533239436.62,USD_current,T2,SIPRI-MILEX-2024
Jordan,2025,military_spending_usd,2555352112.68,USD_current,T2,SIPRI-MILEX-2024
Jordan,1979,oil_rents_pct_gdp,0.000,percent,T2,WB-WDI-2024
Jordan,1980,oil_rents_pct_gdp,0.000,percent,T2,WB-WDI-2024
Jordan,1981,oil_rents_pct_gdp,0.000,percent,T2,WB-WDI-2024
Jordan,1982,oil_rents_pct_gdp,0.000,percent,T2,WB-WDI-2024
Jordan,1983,oil_rents_pct_gdp,0.000,percent,T2,WB-WDI-2024
Jordan,1984,oil_rents_pct_gdp,0.000,percent,T2,WB-WDI-2024
Jordan,1985,oil_rents_pct_gdp,0.072,percent,T2,WB-WDI-2024
Jordan,1986,oil_rents_pct_gdp,0.028,percent,T2,WB-WDI-2024
Jordan,1987,oil_rents_pct_gdp,0.036,percent,T2,WB-WDI-2024
Jordan,1988,oil_rents_pct_gdp,0.032,percent,T2,WB-WDI-2024
Jordan,1989,oil_rents_pct_gdp,0.034,percent,T2,WB-WDI-2024
Jordan,1990,oil_rents_pct_gdp,0.070,percent,T2,WB-WDI-2024
Jordan,1991,oil_rents_pct_gdp,0.017,percent,T2,WB-WDI-2024
Jordan,1992,oil_rents_pct_gdp,0.006,percent,T2,WB-WDI-2024
Jordan,1993,oil_rents_pct_gdp,0.003,percent,T2,WB-WDI-2024
Jordan,1994,oil_rents_pct_gdp,0.002,percent,T2,WB-WDI-2024
Jordan,1995,oil_rents_pct_gdp,0.002,percent,T2,WB-WDI-2024
Jordan,1996,oil_rents_pct_gdp,0.003,percent,T2,WB-WDI-2024
Jordan,1997,oil_rents_pct_gdp,0.003,percent,T2,WB-WDI-2024
Jordan,1998,oil_rents_pct_gdp,0.002,percent,T2,WB-WDI-2024
Jordan,1999,oil_rents_pct_gdp,0.002,percent,T2,WB-WDI-2024
Jordan,2000,oil_rents_pct_gdp,0.004,percent,T2,WB-WDI-2024
Jordan,2001,oil_rents_pct_gdp,0.003,percent,T2,WB-WDI-2024
Jordan,2002,oil_rents_pct_gdp,0.002,percent,T2,WB-WDI-2024
Jordan,2003,oil_rents_pct_gdp,0.002,percent,T2,WB-WDI-2024
Jordan,2004,oil_rents_pct_gdp,0.003,percent,T2,WB-WDI-2024
Jordan,2005,oil_rents_pct_gdp,0.003,percent,T2,WB-WDI-2024
Jordan,2006,oil_rents_pct_gdp,0.003,percent,T2,WB-WDI-2024
Jordan,2007,oil_rents_pct_gdp,0.003,percent,T2,WB-WDI-2024
Jordan,2008,oil_rents_pct_gdp,0.005,percent,T2,WB-WDI-2024
Jordan,2009,oil_rents_pct_gdp,0.002,percent,T2,WB-WDI-2024
Jordan,2010,oil_rents_pct_gdp,0.002,percent,T2,WB-WDI-2024
Jordan,2011,oil_rents_pct_gdp,0.002,percent,T2,WB-WDI-2024
Jordan,2012,oil_rents_pct_gdp,0.002,percent,T2,WB-WDI-2024
Jordan,2013,oil_rents_pct_gdp,0.002,percent,T2,WB-WDI-2024
Jordan,2014,oil_rents_pct_gdp,0.002,percent,T2,WB-WDI-2024
Jordan,2015,oil_rents_pct_gdp,0.000,percent,T2,WB-WDI-2024
Jordan,2016,oil_rents_pct_gdp,0.000,percent,T2,WB-WDI-2024
Jordan,2017,oil_rents_pct_gdp,0.000,percent,T2,WB-WDI-2024
Jordan,2018,oil_rents_pct_gdp,0.001,percent,T2,WB-WDI-2024
Jordan,2019,oil_rents_pct_gdp,0.001,percent,T2,WB-WDI-2024
Jordan,2020,oil_rents_pct_gdp,0.000,percent,T2,WB-WDI-2024
Jordan,2021,oil_rents_pct_gdp,0.014,percent,T2,WB-WDI-2024
Jordan,1979,population,2153882,persons,T2,WB-WDI-2024
Jordan,1980,population,2234186,persons,T2,WB-WDI-2024
Jordan,1981,population,2325517,persons,T2,WB-WDI-2024
Jordan,1982,population,2426927,persons,T2,WB-WDI-2024
Jordan,1983,population,2537307,persons,T2,WB-WDI-2024
Jordan,1984,population,2654688,persons,T2,WB-WDI-2024
Jordan,1985,population,2778810,persons,T2,WB-WDI-2024
Jordan,1986,population,2909887,persons,T2,WB-WDI-2024
Jordan,1987,population,3047634,persons,T2,WB-WDI-2024
Jordan,1988,population,3193039,persons,T2,WB-WDI-2024
Jordan,1989,population,3349627,persons,T2,WB-WDI-2024
Jordan,1990,population,3621908,persons,T2,WB-WDI-2024
Jordan,1991,population,3915149,persons,T2,WB-WDI-2024
Jordan,1992,population,4127693,persons,T2,WB-WDI-2024
Jordan,1993,population,4348020,persons,T2,WB-WDI-2024
Jordan,1994,population,4561406,persons,T2,WB-WDI-2024
Jordan,1995,population,4752096,persons,T2,WB-WDI-2024
Jordan,1996,population,4912516,persons,T2,WB-WDI-2024
Jordan,1997,population,5046285,persons,T2,WB-WDI-2024
Jordan,1998,population,5164284,persons,T2,WB-WDI-2024
Jordan,1999,population,5276444,persons,T2,WB-WDI-2024
Jordan,2000,population,5386945,persons,T2,WB-WDI-2024
Jordan,2001,population,5498894,persons,T2,WB-WDI-2024
Jordan,2002,population,5616066,persons,T2,WB-WDI-2024
Jordan,2003,population,5741828,persons,T2,WB-WDI-2024
Jordan,2004,population,5882061,persons,T2,WB-WDI-2024
Jordan,2005,population,6029587,persons,T2,WB-WDI-2024
Jordan,2006,population,6427371,persons,T2,WB-WDI-2024
Jordan,2007,population,6827227,persons,T2,WB-WDI-2024
Jordan,2008,population,6989866,persons,T2,WB-WDI-2024
Jordan,2009,population,7141753,persons,T2,WB-WDI-2024
Jordan,2010,population,7297043,persons,T2,WB-WDI-2024
Jordan,2011,population,7480424,persons,T2,WB-WDI-2024
Jordan,2012,population,7587127,persons,T2,WB-WDI-2024
Jordan,2013,population,7991809,persons,T2,WB-WDI-2024
Jordan,2014,population,8791710,persons,T2,WB-WDI-2024
Jordan,2015,population,9544729,persons,T2,WB-WDI-2024
Jordan,2016,population,10006367,persons,T2,WB-WDI-2024
Jordan,2017,population,10234226,persons,T2,WB-WDI-2024
Jordan,2018,population,10462306,persons,T2,WB-WDI-2024
Jordan,2019,population,10671891,persons,T2,WB-WDI-2024
Jordan,2020,population,10865228,persons,T2,WB-WDI-2024
Jordan,2021,population,11066356,persons,T2,WB-WDI-2024
Jordan,2022,population,11256263,persons,T2,WB-WDI-2024
Jordan,2023,population,11439213,persons,T2,WB-WDI-2024
Jordan,2024,population,11552876,persons,T2,WB-WDI-2024
Jordan,1979,trade_pct_gdp,121.466,percent,T2,WB-WDI-2024
Jordan,1980,trade_pct_gdp,125.693,percent,T2,WB-WDI-2024
Jordan,1981,trade_pct_gdp,142.186,percent,T2,WB-WDI-2024
Jordan,1982,trade_pct_gdp,134.895,percent,T2,WB-WDI-2024
Jordan,1983,trade_pct_gdp,117.139,percent,T2,WB-WDI-2024
Jordan,1984,trade_pct_gdp,118.626,percent,T2,WB-WDI-2024
Jordan,1985,trade_pct_gdp,115.914,percent,T2,WB-WDI-2024
Jordan,1986,trade_pct_gdp,81.839,percent,T2,WB-WDI-2024
Jordan,1987,trade_pct_gdp,90.781,percent,T2,WB-WDI-2024
Jordan,1988,trade_pct_gdp,108.125,percent,T2,WB-WDI-2024
Jordan,1989,trade_pct_gdp,130.447,percent,T2,WB-WDI-2024
Jordan,1990,trade_pct_gdp,149.448,percent,T2,WB-WDI-2024
Jordan,1991,trade_pct_gdp,137.262,percent,T2,WB-WDI-2024
Jordan,1992,trade_pct_gdp,131.645,percent,T2,WB-WDI-2024
Jordan,1993,trade_pct_gdp,130.485,percent,T2,WB-WDI-2024
Jordan,1994,trade_pct_gdp,118.336,percent,T2,WB-WDI-2024
Jordan,1995,trade_pct_gdp,124.583,percent,T2,WB-WDI-2024
Jordan,1996,trade_pct_gdp,131.059,percent,T2,WB-WDI-2024
Jordan,1997,trade_pct_gdp,120.737,percent,T2,WB-WDI-2024
Jordan,1998,trade_pct_gdp,109.052,percent,T2,WB-WDI-2024
Jordan,1999,trade_pct_gdp,104.470,percent,T2,WB-WDI-2024
Jordan,2000,trade_pct_gdp,110.329,percent,T2,WB-WDI-2024
Jordan,2001,trade_pct_gdp,109.285,percent,T2,WB-WDI-2024
Jordan,2002,trade_pct_gdp,114.039,percent,T2,WB-WDI-2024
Jordan,2003,trade_pct_gdp,115.707,percent,T2,WB-WDI-2024
Jordan,2004,trade_pct_gdp,134.622,percent,T2,WB-WDI-2024
Jordan,2005,trade_pct_gdp,146.909,percent,T2,WB-WDI-2024
Jordan,2006,trade_pct_gdp,141.747,percent,T2,WB-WDI-2024
Jordan,2007,trade_pct_gdp,145.994,percent,T2,WB-WDI-2024
Jordan,2008,trade_pct_gdp,140.913,percent,T2,WB-WDI-2024
Jordan,2009,trade_pct_gdp,112.152,percent,T2,WB-WDI-2024
Jordan,2010,trade_pct_gdp,114.223,percent,T2,WB-WDI-2024
Jordan,2011,trade_pct_gdp,118.700,percent,T2,WB-WDI-2024
Jordan,2012,trade_pct_gdp,117.856,percent,T2,WB-WDI-2024
Jordan,2013,trade_pct_gdp,111.452,percent,T2,WB-WDI-2024
Jordan,2014,trade_pct_gdp,109.939,percent,T2,WB-WDI-2024
Jordan,2015,trade_pct_gdp,95.358,percent,T2,WB-WDI-2024
Jordan,2016,trade_pct_gdp,88.721,percent,T2,WB-WDI-2024
Jordan,2017,trade_pct_gdp,89.732,percent,T2,WB-WDI-2024
Jordan,2018,trade_pct_gdp,87.636,percent,T2,WB-WDI-2024
Jordan,2019,trade_pct_gdp,85.688,percent,T2,WB-WDI-2024
Jordan,2020,trade_pct_gdp,66.060,percent,T2,WB-WDI-2024
Jordan,2021,trade_pct_gdp,80.333,percent,T2,WB-WDI-2024
Jordan,2022,trade_pct_gdp,104.095,percent,T2,WB-WDI-2024
Jordan,2023,trade_pct_gdp,100.348,percent,T2,WB-WDI-2024
Jordan,2024,trade_pct_gdp,99.679,percent,T2,WB-WDI-2024
Jordan,1991,unemployment_rate,21.439,percent,T2,WB-WDI-2024
Jordan,1992,unemployment_rate,19.947,percent,T2,WB-WDI-2024
Jordan,1993,unemployment_rate,19.700,percent,T2,WB-WDI-2024
Jordan,1994,unemployment_rate,16.894,percent,T2,WB-WDI-2024
Jordan,1995,unemployment_rate,14.600,percent,T2,WB-WDI-2024
Jordan,1996,unemployment_rate,13.700,percent,T2,WB-WDI-2024
Jordan,1997,unemployment_rate,13.740,percent,T2,WB-WDI-2024
Jordan,1998,unemployment_rate,13.841,percent,T2,WB-WDI-2024
Jordan,1999,unemployment_rate,13.763,percent,T2,WB-WDI-2024
Jordan,2000,unemployment_rate,13.700,percent,T2,WB-WDI-2024
Jordan,2001,unemployment_rate,14.700,percent,T2,WB-WDI-2024
Jordan,2002,unemployment_rate,15.300,percent,T2,WB-WDI-2024
Jordan,2003,unemployment_rate,14.500,percent,T2,WB-WDI-2024
Jordan,2004,unemployment_rate,14.626,percent,T2,WB-WDI-2024
Jordan,2005,unemployment_rate,14.800,percent,T2,WB-WDI-2024
Jordan,2006,unemployment_rate,14.000,percent,T2,WB-WDI-2024
Jordan,2007,unemployment_rate,13.100,percent,T2,WB-WDI-2024
Jordan,2008,unemployment_rate,12.700,percent,T2,WB-WDI-2024
Jordan,2009,unemployment_rate,12.900,percent,T2,WB-WDI-2024
Jordan,2010,unemployment_rate,12.500,percent,T2,WB-WDI-2024
Jordan,2011,unemployment_rate,12.900,percent,T2,WB-WDI-2024
Jordan,2012,unemployment_rate,12.200,percent,T2,WB-WDI-2024
Jordan,2013,unemployment_rate,12.600,percent,T2,WB-WDI-2024
Jordan,2014,unemployment_rate,11.900,percent,T2,WB-WDI-2024
Jordan,2015,unemployment_rate,13.075,percent,T2,WB-WDI-2024
Jordan,2016,unemployment_rate,15.275,percent,T2,WB-WDI-2024
Jordan,2017,unemployment_rate,18.120,percent,T2,WB-WDI-2024
Jordan,2018,unemployment_rate,18.257,percent,T2,WB-WDI-2024
Jordan,2019,unemployment_rate,16.801,percent,T2,WB-WDI-2024
Jordan,2020,unemployment_rate,19.213,percent,T2,WB-WDI-2024
Jordan,2021,unemployment_rate,19.837,percent,T2,WB-WDI-2024
Jordan,2022,unemployment_rate,18.200,percent,T2,WB-WDI-2024
Jordan,2023,unemployment_rate,16.620,percent,T2,WB-WDI-2024
Jordan,2024,unemployment_rate,16.693,percent,T2,WB-WDI-2024
Kuwait,1979,gas_production,5,billion_cubic_meters_per_year,T2,EI-2024
Kuwait,1980,gas_production,4,billion_cubic_meters_per_year,T2,EI-2024
Kuwait,1981,gas_production,3,billion_cubic_meters_per_year,T2,EI-2024
Kuwait,1982,gas_production,4,billion_cubic_meters_per_year,T2,EI-2024
Kuwait,1983,gas_production,4,billion_cubic_meters_per_year,T2,EI-2024
Kuwait,1984,gas_production,5,billion_cubic_meters_per_year,T2,EI-2024
Kuwait,1985,gas_production,5,billion_cubic_meters_per_year,T2,EI-2024
Kuwait,1986,gas_production,6,billion_cubic_meters_per_year,T2,EI-2024
Kuwait,1987,gas_production,6,billion_cubic_meters_per_year,T2,EI-2024
Kuwait,1988,gas_production,7,billion_cubic_meters_per_year,T2,EI-2024
Kuwait,1989,gas_production,7,billion_cubic_meters_per_year,T2,EI-2024
Kuwait,1990,gas_production,4,billion_cubic_meters_per_year,T2,EI-2024
Kuwait,1991,gas_production,1,billion_cubic_meters_per_year,T2,EI-2024
Kuwait,1992,gas_production,4,billion_cubic_meters_per_year,T2,EI-2024
Kuwait,1993,gas_production,7,billion_cubic_meters_per_year,T2,EI-2024
Kuwait,1994,gas_production,8,billion_cubic_meters_per_year,T2,EI-2024
Kuwait,1995,gas_production,8,billion_cubic_meters_per_year,T2,EI-2024
Kuwait,1996,gas_production,9,billion_cubic_meters_per_year,T2,EI-2024
Kuwait,1997,gas_production,10,billion_cubic_meters_per_year,T2,EI-2024
Kuwait,1998,gas_production,10,billion_cubic_meters_per_year,T2,EI-2024
Kuwait,1999,gas_production,10,billion_cubic_meters_per_year,T2,EI-2024
Kuwait,2000,gas_production,10,billion_cubic_meters_per_year,T2,EI-2024
Kuwait,2001,gas_production,10,billion_cubic_meters_per_year,T2,EI-2024
Kuwait,2002,gas_production,9,billion_cubic_meters_per_year,T2,EI-2024
Kuwait,2003,gas_production,10,billion_cubic_meters_per_year,T2,EI-2024
Kuwait,2004,gas_production,12,billion_cubic_meters_per_year,T2,EI-2024
Kuwait,2005,gas_production,13,billion_cubic_meters_per_year,T2,EI-2024
Kuwait,2006,gas_production,13,billion_cubic_meters_per_year,T2,EI-2024
Kuwait,2007,gas_production,13,billion_cubic_meters_per_year,T2,EI-2024
Kuwait,2008,gas_production,13,billion_cubic_meters_per_year,T2,EI-2024
Kuwait,2009,gas_production,12,billion_cubic_meters_per_year,T2,EI-2024
Kuwait,2010,gas_production,13,billion_cubic_meters_per_year,T2,EI-2024
Kuwait,2011,gas_production,14,billion_cubic_meters_per_year,T2,EI-2024
Kuwait,2012,gas_production,16,billion_cubic_meters_per_year,T2,EI-2024
Kuwait,2013,gas_production,17,billion_cubic_meters_per_year,T2,EI-2024
Kuwait,2014,gas_production,17,billion_cubic_meters_per_year,T2,EI-2024
Kuwait,2015,gas_production,18,billion_cubic_meters_per_year,T2,EI-2024
Kuwait,2016,gas_production,18,billion_cubic_meters_per_year,T2,EI-2024
Kuwait,2017,gas_production,18,billion_cubic_meters_per_year,T2,EI-2024
Kuwait,2018,gas_production,18,billion_cubic_meters_per_year,T2,EI-2024
Kuwait,2019,gas_production,18,billion_cubic_meters_per_year,T2,EI-2024
Kuwait,2020,gas_production,18,billion_cubic_meters_per_year,T2,EI-2024
Kuwait,2021,gas_production,19,billion_cubic_meters_per_year,T2,EI-2024
Kuwait,2022,gas_production,21,billion_cubic_meters_per_year,T2,EI-2024
Kuwait,2023,gas_production,21,billion_cubic_meters_per_year,T2,EI-2024
Kuwait,2024,gas_production,21,billion_cubic_meters_per_year,T2,EI-2024
Kuwait,2025,gas_production,21,billion_cubic_meters_per_year,T2,EI-2024
Kuwait,1979,gdp_nominal_usd,24749063922.48,USD_current,T2,WB-WDI-2024
Kuwait,1980,gdp_nominal_usd,28638868355.92,USD_current,T2,WB-WDI-2024
Kuwait,1981,gdp_nominal_usd,25058020338.25,USD_current,T2,WB-WDI-2024
Kuwait,1982,gdp_nominal_usd,21577153356.42,USD_current,T2,WB-WDI-2024
Kuwait,1983,gdp_nominal_usd,20871081080.15,USD_current,T2,WB-WDI-2024
Kuwait,1984,gdp_nominal_usd,21700082752.94,USD_current,T2,WB-WDI-2024
Kuwait,1985,gdp_nominal_usd,21445970613.76,USD_current,T2,WB-WDI-2024
Kuwait,1986,gdp_nominal_usd,17903989745.18,USD_current,T2,WB-WDI-2024
Kuwait,1987,gdp_nominal_usd,22368704133.67,USD_current,T2,WB-WDI-2024
Kuwait,1988,gdp_nominal_usd,20690322152.89,USD_current,T2,WB-WDI-2024
Kuwait,1989,gdp_nominal_usd,24313855653.40,USD_current,T2,WB-WDI-2024
Kuwait,1990,gdp_nominal_usd,18427777777.78,USD_current,T2,WB-WDI-2024
Kuwait,1991,gdp_nominal_usd,11009993703.15,USD_current,T2,WB-WDI-2024
Kuwait,1992,gdp_nominal_usd,19858555214.72,USD_current,T2,WB-WDI-2024
Kuwait,1993,gdp_nominal_usd,23941391390.73,USD_current,T2,WB-WDI-2024
Kuwait,1994,gdp_nominal_usd,24848483838.38,USD_current,T2,WB-WDI-2024
Kuwait,1995,gdp_nominal_usd,27186980646.54,USD_current,T2,WB-WDI-2024
Kuwait,1996,gdp_nominal_usd,31492373308.75,USD_current,T2,WB-WDI-2024
Kuwait,1997,gdp_nominal_usd,30350190704.44,USD_current,T2,WB-WDI-2024
Kuwait,1998,gdp_nominal_usd,25943705784.30,USD_current,T2,WB-WDI-2024
Kuwait,1999,gdp_nominal_usd,30122365849.25,USD_current,T2,WB-WDI-2024
Kuwait,2000,gdp_nominal_usd,37718743480.08,USD_current,T2,WB-WDI-2024
Kuwait,2001,gdp_nominal_usd,34889559869.83,USD_current,T2,WB-WDI-2024
Kuwait,2002,gdp_nominal_usd,38135788413.83,USD_current,T2,WB-WDI-2024
Kuwait,2003,gdp_nominal_usd,47874582231.59,USD_current,T2,WB-WDI-2024
Kuwait,2004,gdp_nominal_usd,59439090600.61,USD_current,T2,WB-WDI-2024
Kuwait,2005,gdp_nominal_usd,80798630136.99,USD_current,T2,WB-WDI-2024
Kuwait,2006,gdp_nominal_usd,101557330723.42,USD_current,T2,WB-WDI-2024
Kuwait,2007,gdp_nominal_usd,114634043361.69,USD_current,T2,WB-WDI-2024
Kuwait,2008,gdp_nominal_usd,147379737229.75,USD_current,T2,WB-WDI-2024
Kuwait,2009,gdp_nominal_usd,105968691905.41,USD_current,T2,WB-WDI-2024
Kuwait,2010,gdp_nominal_usd,115416245241.74,USD_current,T2,WB-WDI-2024
Kuwait,2011,gdp_nominal_usd,154039231245.86,USD_current,T2,WB-WDI-2024
Kuwait,2012,gdp_nominal_usd,174047662680.04,USD_current,T2,WB-WDI-2024
Kuwait,2013,gdp_nominal_usd,174168116534.84,USD_current,T2,WB-WDI-2024
Kuwait,2014,gdp_nominal_usd,162650450684.73,USD_current,T2,WB-WDI-2024
Kuwait,2015,gdp_nominal_usd,114585555688.51,USD_current,T2,WB-WDI-2024
Kuwait,2016,gdp_nominal_usd,109406674124.65,USD_current,T2,WB-WDI-2024
Kuwait,2017,gdp_nominal_usd,120687539805.51,USD_current,T2,WB-WDI-2024
Kuwait,2018,gdp_nominal_usd,138646316350.73,USD_current,T2,WB-WDI-2024
Kuwait,2019,gdp_nominal_usd,140856394860.53,USD_current,T2,WB-WDI-2024
Kuwait,2020,gdp_nominal_usd,111045470605.71,USD_current,T2,WB-WDI-2024
Kuwait,2021,gdp_nominal_usd,148350671489.14,USD_current,T2,WB-WDI-2024
Kuwait,2022,gdp_nominal_usd,183502046693.88,USD_current,T2,WB-WDI-2024
Kuwait,2023,gdp_nominal_usd,165384407116.23,USD_current,T2,WB-WDI-2024
Kuwait,2024,gdp_nominal_usd,160227273053.33,USD_current,T2,WB-WDI-2024
Kuwait,1990,gdp_per_capita_ppp,30763.07,USD_PPP_current_intl,T2,WB-WDI-2024
Kuwait,1991,gdp_per_capita_ppp,23390.42,USD_PPP_current_intl,T2,WB-WDI-2024
Kuwait,1992,gdp_per_capita_ppp,36149.18,USD_PPP_current_intl,T2,WB-WDI-2024
Kuwait,1993,gdp_per_capita_ppp,48481.76,USD_PPP_current_intl,T2,WB-WDI-2024
Kuwait,1994,gdp_per_capita_ppp,53945.59,USD_PPP_current_intl,T2,WB-WDI-2024
Kuwait,1995,gdp_per_capita_ppp,57163.35,USD_PPP_current_intl,T2,WB-WDI-2024
Kuwait,1996,gdp_per_capita_ppp,56912.70,USD_PPP_current_intl,T2,WB-WDI-2024
Kuwait,1997,gdp_per_capita_ppp,57419.93,USD_PPP_current_intl,T2,WB-WDI-2024
Kuwait,1998,gdp_per_capita_ppp,58343.79,USD_PPP_current_intl,T2,WB-WDI-2024
Kuwait,1999,gdp_per_capita_ppp,56406.47,USD_PPP_current_intl,T2,WB-WDI-2024
Kuwait,2000,gdp_per_capita_ppp,58702.87,USD_PPP_current_intl,T2,WB-WDI-2024
Kuwait,2001,gdp_per_capita_ppp,58552.78,USD_PPP_current_intl,T2,WB-WDI-2024
Kuwait,2002,gdp_per_capita_ppp,59713.17,USD_PPP_current_intl,T2,WB-WDI-2024
Kuwait,2003,gdp_per_capita_ppp,69752.38,USD_PPP_current_intl,T2,WB-WDI-2024
Kuwait,2004,gdp_per_capita_ppp,77226.64,USD_PPP_current_intl,T2,WB-WDI-2024
Kuwait,2005,gdp_per_capita_ppp,84968.02,USD_PPP_current_intl,T2,WB-WDI-2024
Kuwait,2006,gdp_per_capita_ppp,89075.22,USD_PPP_current_intl,T2,WB-WDI-2024
Kuwait,2007,gdp_per_capita_ppp,91434.90,USD_PPP_current_intl,T2,WB-WDI-2024
Kuwait,2008,gdp_per_capita_ppp,90337.36,USD_PPP_current_intl,T2,WB-WDI-2024
Kuwait,2009,gdp_per_capita_ppp,80110.07,USD_PPP_current_intl,T2,WB-WDI-2024
Kuwait,2010,gdp_per_capita_ppp,75184.09,USD_PPP_current_intl,T2,WB-WDI-2024
Kuwait,2011,gdp_per_capita_ppp,79036.79,USD_PPP_current_intl,T2,WB-WDI-2024
Kuwait,2012,gdp_per_capita_ppp,82089.73,USD_PPP_current_intl,T2,WB-WDI-2024
Kuwait,2013,gdp_per_capita_ppp,76812.54,USD_PPP_current_intl,T2,WB-WDI-2024
Kuwait,2014,gdp_per_capita_ppp,68336.60,USD_PPP_current_intl,T2,WB-WDI-2024
Kuwait,2015,gdp_per_capita_ppp,45267.31,USD_PPP_current_intl,T2,WB-WDI-2024
Kuwait,2016,gdp_per_capita_ppp,41862.17,USD_PPP_current_intl,T2,WB-WDI-2024
Kuwait,2017,gdp_per_capita_ppp,46565.55,USD_PPP_current_intl,T2,WB-WDI-2024
Kuwait,2018,gdp_per_capita_ppp,51370.73,USD_PPP_current_intl,T2,WB-WDI-2024
Kuwait,2019,gdp_per_capita_ppp,50703.00,USD_PPP_current_intl,T2,WB-WDI-2024
Kuwait,2020,gdp_per_capita_ppp,41461.72,USD_PPP_current_intl,T2,WB-WDI-2024
Kuwait,2021,gdp_per_capita_ppp,50651.96,USD_PPP_current_intl,T2,WB-WDI-2024
Kuwait,2022,gdp_per_capita_ppp,55043.00,USD_PPP_current_intl,T2,WB-WDI-2024
Kuwait,2023,gdp_per_capita_ppp,53025.47,USD_PPP_current_intl,T2,WB-WDI-2024
Kuwait,2024,gdp_per_capita_ppp,52443.60,USD_PPP_current_intl,T2,WB-WDI-2024
Kuwait,1979,gdp_per_capita_usd,17385.89,USD_current,T2,WB-WDI-2024
Kuwait,1980,gdp_per_capita_usd,19031.91,USD_current,T2,WB-WDI-2024
Kuwait,1981,gdp_per_capita_usd,15825.19,USD_current,T2,WB-WDI-2024
Kuwait,1982,gdp_per_capita_usd,12978.89,USD_current,T2,WB-WDI-2024
Kuwait,1983,gdp_per_capita_usd,11965.34,USD_current,T2,WB-WDI-2024
Kuwait,1984,gdp_per_capita_usd,11918.62,USD_current,T2,WB-WDI-2024
Kuwait,1985,gdp_per_capita_usd,11321.66,USD_current,T2,WB-WDI-2024
Kuwait,1986,gdp_per_capita_usd,9076.71,USD_current,T2,WB-WDI-2024
Kuwait,1987,gdp_per_capita_usd,10895.65,USD_current,T2,WB-WDI-2024
Kuwait,1988,gdp_per_capita_usd,9692.35,USD_current,T2,WB-WDI-2024
Kuwait,1989,gdp_per_capita_usd,10964.69,USD_current,T2,WB-WDI-2024
Kuwait,1990,gdp_per_capita_usd,10937.54,USD_current,T2,WB-WDI-2024
Kuwait,1991,gdp_per_capita_usd,8147.11,USD_current,T2,WB-WDI-2024
Kuwait,1992,gdp_per_capita_usd,12146.20,USD_current,T2,WB-WDI-2024
Kuwait,1993,gdp_per_capita_usd,14317.72,USD_current,T2,WB-WDI-2024
Kuwait,1994,gdp_per_capita_usd,14929.74,USD_current,T2,WB-WDI-2024
Kuwait,1995,gdp_per_capita_usd,16168.17,USD_current,T2,WB-WDI-2024
Kuwait,1996,gdp_per_capita_usd,18201.10,USD_current,T2,WB-WDI-2024
Kuwait,1997,gdp_per_capita_usd,16977.39,USD_current,T2,WB-WDI-2024
Kuwait,1998,gdp_per_capita_usd,14066.95,USD_current,T2,WB-WDI-2024
Kuwait,1999,gdp_per_capita_usd,15853.63,USD_current,T2,WB-WDI-2024
Kuwait,2000,gdp_per_capita_usd,19296.35,USD_current,T2,WB-WDI-2024
Kuwait,2001,gdp_per_capita_usd,17374.23,USD_current,T2,WB-WDI-2024
Kuwait,2002,gdp_per_capita_usd,18512.75,USD_current,T2,WB-WDI-2024
Kuwait,2003,gdp_per_capita_usd,22690.66,USD_current,T2,WB-WDI-2024
Kuwait,2004,gdp_per_capita_usd,27552.28,USD_current,T2,WB-WDI-2024
Kuwait,2005,gdp_per_capita_usd,36122.61,USD_current,T2,WB-WDI-2024
Kuwait,2006,gdp_per_capita_usd,42946.64,USD_current,T2,WB-WDI-2024
Kuwait,2007,gdp_per_capita_usd,45709.41,USD_current,T2,WB-WDI-2024
Kuwait,2008,gdp_per_capita_usd,55585.19,USD_current,T2,WB-WDI-2024
Kuwait,2009,gdp_per_capita_usd,37907.10,USD_current,T2,WB-WDI-2024
Kuwait,2010,gdp_per_capita_usd,39212.25,USD_current,T2,WB-WDI-2024
Kuwait,2011,gdp_per_capita_usd,49169.61,USD_current,T2,WB-WDI-2024
Kuwait,2012,gdp_per_capita_usd,52155.22,USD_current,T2,WB-WDI-2024
Kuwait,2013,gdp_per_capita_usd,49651.04,USD_current,T2,WB-WDI-2024
Kuwait,2014,gdp_per_capita_usd,44368.78,USD_current,T2,WB-WDI-2024
Kuwait,2015,gdp_per_capita_usd,29882.21,USD_current,T2,WB-WDI-2024
Kuwait,2016,gdp_per_capita_usd,27323.69,USD_current,T2,WB-WDI-2024
Kuwait,2017,gdp_per_capita_usd,29047.65,USD_current,T2,WB-WDI-2024
Kuwait,2018,gdp_per_capita_usd,32067.96,USD_current,T2,WB-WDI-2024
Kuwait,2019,gdp_per_capita_usd,31707.87,USD_current,T2,WB-WDI-2024
Kuwait,2020,gdp_per_capita_usd,25236.08,USD_current,T2,WB-WDI-2024
Kuwait,2021,gdp_per_capita_usd,34018.63,USD_current,T2,WB-WDI-2024
Kuwait,2022,gdp_per_capita_usd,39981.77,USD_current,T2,WB-WDI-2024
Kuwait,2023,gdp_per_capita_usd,34075.85,USD_current,T2,WB-WDI-2024
Kuwait,2024,gdp_per_capita_usd,32717.72,USD_current,T2,WB-WDI-2024
Kuwait,1979,military_spending_pct_gdp,3.549,percent,T2,SIPRI-MILEX-2024
Kuwait,1980,military_spending_pct_gdp,3.314,percent,T2,SIPRI-MILEX-2024
Kuwait,1981,military_spending_pct_gdp,4.127,percent,T2,SIPRI-MILEX-2024
Kuwait,1982,military_spending_pct_gdp,5.954,percent,T2,SIPRI-MILEX-2024
Kuwait,1983,military_spending_pct_gdp,6.831,percent,T2,SIPRI-MILEX-2024
Kuwait,1984,military_spending_pct_gdp,6.755,percent,T2,SIPRI-MILEX-2024
Kuwait,1985,military_spending_pct_gdp,6.434,percent,T2,SIPRI-MILEX-2024
Kuwait,1986,military_spending_pct_gdp,7.236,percent,T2,SIPRI-MILEX-2024
Kuwait,1987,military_spending_pct_gdp,5.976,percent,T2,SIPRI-MILEX-2024
Kuwait,1988,military_spending_pct_gdp,8.237,percent,T2,SIPRI-MILEX-2024
Kuwait,1989,military_spending_pct_gdp,8.540,percent,T2,SIPRI-MILEX-2024
Kuwait,1990,military_spending_pct_gdp,48.517,percent,T2,SIPRI-MILEX-2024
Kuwait,1991,military_spending_pct_gdp,117.350,percent,T2,SIPRI-MILEX-2024
Kuwait,1992,military_spending_pct_gdp,31.786,percent,T2,SIPRI-MILEX-2024
Kuwait,1993,military_spending_pct_gdp,12.440,percent,T2,SIPRI-MILEX-2024
Kuwait,1994,military_spending_pct_gdp,13.259,percent,T2,SIPRI-MILEX-2024
Kuwait,1995,military_spending_pct_gdp,13.582,percent,T2,SIPRI-MILEX-2024
Kuwait,1996,military_spending_pct_gdp,10.293,percent,T2,SIPRI-MILEX-2024
Kuwait,1997,military_spending_pct_gdp,8.086,percent,T2,SIPRI-MILEX-2024
Kuwait,1998,military_spending_pct_gdp,8.797,percent,T2,SIPRI-MILEX-2024
Kuwait,1999,military_spending_pct_gdp,7.590,percent,T2,SIPRI-MILEX-2024
Kuwait,2000,military_spending_pct_gdp,7.150,percent,T2,SIPRI-MILEX-2024
Kuwait,2001,military_spending_pct_gdp,7.701,percent,T2,SIPRI-MILEX-2024
Kuwait,2002,military_spending_pct_gdp,7.399,percent,T2,SIPRI-MILEX-2024
Kuwait,2003,military_spending_pct_gdp,6.544,percent,T2,SIPRI-MILEX-2024
Kuwait,2004,military_spending_pct_gdp,5.804,percent,T2,SIPRI-MILEX-2024
Kuwait,2005,military_spending_pct_gdp,4.343,percent,T2,SIPRI-MILEX-2024
Kuwait,2006,military_spending_pct_gdp,3.543,percent,T2,SIPRI-MILEX-2024
Kuwait,2007,military_spending_pct_gdp,3.590,percent,T2,SIPRI-MILEX-2024
Kuwait,2008,military_spending_pct_gdp,3.006,percent,T2,SIPRI-MILEX-2024
Kuwait,2009,military_spending_pct_gdp,3.972,percent,T2,SIPRI-MILEX-2024
Kuwait,2010,military_spending_pct_gdp,3.756,percent,T2,SIPRI-MILEX-2024
Kuwait,2011,military_spending_pct_gdp,3.501,percent,T2,SIPRI-MILEX-2024
Kuwait,2012,military_spending_pct_gdp,3.414,percent,T2,SIPRI-MILEX-2024
Kuwait,2013,military_spending_pct_gdp,3.272,percent,T2,SIPRI-MILEX-2024
Kuwait,2014,military_spending_pct_gdp,3.586,percent,T2,SIPRI-MILEX-2024
Kuwait,2015,military_spending_pct_gdp,5.007,percent,T2,SIPRI-MILEX-2024
Kuwait,2016,military_spending_pct_gdp,5.894,percent,T2,SIPRI-MILEX-2024
Kuwait,2017,military_spending_pct_gdp,5.607,percent,T2,SIPRI-MILEX-2024
Kuwait,2018,military_spending_pct_gdp,5.191,percent,T2,SIPRI-MILEX-2024
Kuwait,2019,military_spending_pct_gdp,5.241,percent,T2,SIPRI-MILEX-2024
Kuwait,2020,military_spending_pct_gdp,6.266,percent,T2,SIPRI-MILEX-2024
Kuwait,2021,military_spending_pct_gdp,6.066,percent,T2,SIPRI-MILEX-2024
Kuwait,2022,military_spending_pct_gdp,4.483,percent,T2,SIPRI-MILEX-2024
Kuwait,2023,military_spending_pct_gdp,4.280,percent,T2,SIPRI-MILEX-2024
Kuwait,2024,military_spending_pct_gdp,4.440,percent,T2,SIPRI-MILEX-2024
Kuwait,2025,military_spending_pct_gdp,4.688,percent,T2,SIPRI-MILEX-2024
Kuwait,1979,military_spending_usd,881077990.78,USD_current,T2,SIPRI-MILEX-2024
Kuwait,1980,military_spending_usd,950805965.29,USD_current,T2,SIPRI-MILEX-2024
Kuwait,1981,military_spending_usd,1042021629.57,USD_current,T2,SIPRI-MILEX-2024
Kuwait,1982,military_spending_usd,1285119359.80,USD_current,T2,SIPRI-MILEX-2024
Kuwait,1983,military_spending_usd,1425498409.82,USD_current,T2,SIPRI-MILEX-2024
Kuwait,1984,military_spending_usd,1465909167.67,USD_current,T2,SIPRI-MILEX-2024
Kuwait,1985,military_spending_usd,1379869859.98,USD_current,T2,SIPRI-MILEX-2024
Kuwait,1986,military_spending_usd,1295617612.14,USD_current,T2,SIPRI-MILEX-2024
Kuwait,1987,military_spending_usd,1336740076.72,USD_current,T2,SIPRI-MILEX-2024
Kuwait,1988,military_spending_usd,1704123944.11,USD_current,T2,SIPRI-MILEX-2024
Kuwait,1989,military_spending_usd,2076390756.32,USD_current,T2,SIPRI-MILEX-2024
Kuwait,1990,military_spending_usd,8961536461.49,USD_current,T2,SIPRI-MILEX-2024
Kuwait,1991,military_spending_usd,12924377965.94,USD_current,T2,SIPRI-MILEX-2024
Kuwait,1992,military_spending_usd,6316012045.44,USD_current,T2,SIPRI-MILEX-2024
Kuwait,1993,military_spending_usd,2980065531.62,USD_current,T2,SIPRI-MILEX-2024
Kuwait,1994,military_spending_usd,3296055512.51,USD_current,T2,SIPRI-MILEX-2024
Kuwait,1995,military_spending_usd,3692435533.16,USD_current,T2,SIPRI-MILEX-2024
Kuwait,1996,military_spending_usd,3241385529.49,USD_current,T2,SIPRI-MILEX-2024
Kuwait,1997,military_spending_usd,2454268845.46,USD_current,T2,SIPRI-MILEX-2024
Kuwait,1998,military_spending_usd,2282153591.73,USD_current,T2,SIPRI-MILEX-2024
Kuwait,1999,military_spending_usd,2286352512.20,USD_current,T2,SIPRI-MILEX-2024
Kuwait,2000,military_spending_usd,2697075596.36,USD_current,T2,SIPRI-MILEX-2024
Kuwait,2001,military_spending_usd,2685735278.45,USD_current,T2,SIPRI-MILEX-2024
Kuwait,2002,military_spending_usd,2821521877.90,USD_current,T2,SIPRI-MILEX-2024
Kuwait,2003,military_spending_usd,3130746412.90,USD_current,T2,SIPRI-MILEX-2024
Kuwait,2004,military_spending_usd,3450118764.85,USD_current,T2,SIPRI-MILEX-2024
Kuwait,2005,military_spending_usd,3509417808.22,USD_current,T2,SIPRI-MILEX-2024
Kuwait,2006,military_spending_usd,3597816497.57,USD_current,T2,SIPRI-MILEX-2024
Kuwait,2007,military_spending_usd,4115736733.59,USD_current,T2,SIPRI-MILEX-2024
Kuwait,2008,military_spending_usd,4430342077.46,USD_current,T2,SIPRI-MILEX-2024
Kuwait,2009,military_spending_usd,4208871205.93,USD_current,T2,SIPRI-MILEX-2024
Kuwait,2010,military_spending_usd,4335204653.06,USD_current,T2,SIPRI-MILEX-2024
Kuwait,2011,military_spending_usd,5393526319.03,USD_current,T2,SIPRI-MILEX-2024
Kuwait,2012,military_spending_usd,5941536636.95,USD_current,T2,SIPRI-MILEX-2024
Kuwait,2013,military_spending_usd,5697937802.28,USD_current,T2,SIPRI-MILEX-2024
Kuwait,2014,military_spending_usd,5832103419.53,USD_current,T2,SIPRI-MILEX-2024
Kuwait,2015,military_spending_usd,5735132890.37,USD_current,T2,SIPRI-MILEX-2024
Kuwait,2016,military_spending_usd,6446742131.36,USD_current,T2,SIPRI-MILEX-2024
Kuwait,2017,military_spending_usd,6764636913.88,USD_current,T2,SIPRI-MILEX-2024
Kuwait,2018,military_spending_usd,7165279059.54,USD_current,T2,SIPRI-MILEX-2024
Kuwait,2019,military_spending_usd,7373519736.84,USD_current,T2,SIPRI-MILEX-2024
Kuwait,2020,military_spending_usd,6941042345.28,USD_current,T2,SIPRI-MILEX-2024
Kuwait,2021,military_spending_usd,9024335548.17,USD_current,T2,SIPRI-MILEX-2024
Kuwait,2022,military_spending_usd,8244121401.27,USD_current,T2,SIPRI-MILEX-2024
Kuwait,2023,military_spending_usd,7755031935.63,USD_current,T2,SIPRI-MILEX-2024
Kuwait,2024,military_spending_usd,7798626273.55,USD_current,T2,SIPRI-MILEX-2024
Kuwait,2025,military_spending_usd,8088284947.01,USD_current,T2,SIPRI-MILEX-2024
Kuwait,1979,oil_exports,876.0,million_barrels_per_year,T1,EI-2024
Kuwait,1980,oil_exports,585.6,million_barrels_per_year,T1,EI-2024
Kuwait,1981,oil_exports,365.0,million_barrels_per_year,T1,EI-2024
Kuwait,1982,oil_exports,255.5,million_barrels_per_year,T1,EI-2024
Kuwait,1983,oil_exports,365.0,million_barrels_per_year,T1,EI-2024
Kuwait,1984,oil_exports,402.6,million_barrels_per_year,T1,EI-2024
Kuwait,1985,oil_exports,328.5,million_barrels_per_year,T1,EI-2024
Kuwait,1986,oil_exports,474.5,million_barrels_per_year,T1,EI-2024
Kuwait,1987,oil_exports,511.0,million_barrels_per_year,T1,EI-2024
Kuwait,1988,oil_exports,585.6,million_barrels_per_year,T1,EI-2024
Kuwait,1989,oil_exports,657.0,million_barrels_per_year,T1,EI-2024
Kuwait,1990,oil_exports,401.5,million_barrels_per_year,T1,EI-2024
Kuwait,1991,oil_exports,36.5,million_barrels_per_year,T1,EI-2024
Kuwait,1992,oil_exports,366.0,million_barrels_per_year,T1,EI-2024
Kuwait,1993,oil_exports,693.5,million_barrels_per_year,T1,EI-2024
Kuwait,1994,oil_exports,730.0,million_barrels_per_year,T1,EI-2024
Kuwait,1995,oil_exports,730.0,million_barrels_per_year,T1,EI-2024
Kuwait,1996,oil_exports,732.0,million_barrels_per_year,T1,EI-2024
Kuwait,1997,oil_exports,766.5,million_barrels_per_year,T1,EI-2024
Kuwait,1998,oil_exports,766.5,million_barrels_per_year,T1,EI-2024
Kuwait,1999,oil_exports,693.5,million_barrels_per_year,T1,EI-2024
Kuwait,2000,oil_exports,768.6,million_barrels_per_year,T1,EI-2024
Kuwait,2001,oil_exports,730.0,million_barrels_per_year,T1,EI-2024
Kuwait,2002,oil_exports,657.0,million_barrels_per_year,T1,EI-2024
Kuwait,2003,oil_exports,766.5,million_barrels_per_year,T1,EI-2024
Kuwait,2004,oil_exports,841.8,million_barrels_per_year,T1,EI-2024
Kuwait,2005,oil_exports,912.5,million_barrels_per_year,T1,EI-2024
Kuwait,2006,oil_exports,949.0,million_barrels_per_year,T1,EI-2024
Kuwait,2007,oil_exports,912.5,million_barrels_per_year,T1,EI-2024
Kuwait,2008,oil_exports,951.6,million_barrels_per_year,T1,EI-2024
Kuwait,2009,oil_exports,876.0,million_barrels_per_year,T1,EI-2024
Kuwait,2010,oil_exports,876.0,million_barrels_per_year,T1,EI-2024
Kuwait,2011,oil_exports,949.0,million_barrels_per_year,T1,EI-2024
Kuwait,2012,oil_exports,1061.4,million_barrels_per_year,T1,EI-2024
Kuwait,2013,oil_exports,1058.5,million_barrels_per_year,T1,EI-2024
Kuwait,2014,oil_exports,1058.5,million_barrels_per_year,T1,EI-2024
Kuwait,2015,oil_exports,1058.5,million_barrels_per_year,T1,EI-2024
Kuwait,2016,oil_exports,1061.4,million_barrels_per_year,T1,EI-2024
Kuwait,2017,oil_exports,1022.0,million_barrels_per_year,T1,EI-2024
Kuwait,2018,oil_exports,1022.0,million_barrels_per_year,T1,EI-2024
Kuwait,2019,oil_exports,985.5,million_barrels_per_year,T1,EI-2024
Kuwait,2020,oil_exports,915.0,million_barrels_per_year,T1,EI-2024
Kuwait,2021,oil_exports,839.5,million_barrels_per_year,T1,EI-2024
Kuwait,2022,oil_exports,912.5,million_barrels_per_year,T1,EI-2024
Kuwait,2023,oil_exports,876.0,million_barrels_per_year,T1,EI-2024
Kuwait,2024,oil_exports,805.2,million_barrels_per_year,T2,OPEC-ASB-2024
Kuwait,2025,oil_exports,766.5,million_barrels_per_year,T2,OPEC-ASB-2024
Kuwait,2026,oil_exports,182.5,million_barrels_per_year,T4,IEA-OMR-2026
Kuwait,1979,oil_production,912.5,million_barrels_per_year,T1,EI-2024
Kuwait,1980,oil_production,622.2,million_barrels_per_year,T1,EI-2024
Kuwait,1981,oil_production,401.5,million_barrels_per_year,T1,EI-2024
Kuwait,1982,oil_production,292.0,million_barrels_per_year,T1,EI-2024
Kuwait,1983,oil_production,401.5,million_barrels_per_year,T1,EI-2024
Kuwait,1984,oil_production,439.2,million_barrels_per_year,T1,EI-2024
Kuwait,1985,oil_production,365.0,million_barrels_per_year,T1,EI-2024
Kuwait,1986,oil_production,511.0,million_barrels_per_year,T1,EI-2024
Kuwait,1987,oil_production,547.5,million_barrels_per_year,T1,EI-2024
Kuwait,1988,oil_production,622.2,million_barrels_per_year,T1,EI-2024
Kuwait,1989,oil_production,693.5,million_barrels_per_year,T1,EI-2024
Kuwait,1990,oil_production,438.0,million_barrels_per_year,T2,EI-2024
Kuwait,1991,oil_production,73.0,million_barrels_per_year,T2,EI-2024
Kuwait,1992,oil_production,402.6,million_barrels_per_year,T2,EI-2024
Kuwait,1993,oil_production,730.0,million_barrels_per_year,T1,EI-2024
Kuwait,1994,oil_production,766.5,million_barrels_per_year,T1,EI-2024
Kuwait,1995,oil_production,766.5,million_barrels_per_year,T1,EI-2024
Kuwait,1996,oil_production,768.6,million_barrels_per_year,T1,EI-2024
Kuwait,1997,oil_production,803.0,million_barrels_per_year,T1,EI-2024
Kuwait,1998,oil_production,803.0,million_barrels_per_year,T1,EI-2024
Kuwait,1999,oil_production,730.0,million_barrels_per_year,T1,EI-2024
Kuwait,2000,oil_production,805.2,million_barrels_per_year,T1,EI-2024
Kuwait,2001,oil_production,766.5,million_barrels_per_year,T1,EI-2024
Kuwait,2002,oil_production,693.5,million_barrels_per_year,T1,EI-2024
Kuwait,2003,oil_production,803.0,million_barrels_per_year,T1,EI-2024
Kuwait,2004,oil_production,878.4,million_barrels_per_year,T1,EI-2024
Kuwait,2005,oil_production,949.0,million_barrels_per_year,T1,EI-2024
Kuwait,2006,oil_production,985.5,million_barrels_per_year,T1,EI-2024
Kuwait,2007,oil_production,949.0,million_barrels_per_year,T1,EI-2024
Kuwait,2008,oil_production,988.2,million_barrels_per_year,T1,EI-2024
Kuwait,2009,oil_production,912.5,million_barrels_per_year,T1,EI-2024
Kuwait,2010,oil_production,912.5,million_barrels_per_year,T1,EI-2024
Kuwait,2011,oil_production,985.5,million_barrels_per_year,T1,EI-2024
Kuwait,2012,oil_production,1098.0,million_barrels_per_year,T1,EI-2024
Kuwait,2013,oil_production,1095.0,million_barrels_per_year,T1,EI-2024
Kuwait,2014,oil_production,1095.0,million_barrels_per_year,T1,EI-2024
Kuwait,2015,oil_production,1095.0,million_barrels_per_year,T1,EI-2024
Kuwait,2016,oil_production,1134.6,million_barrels_per_year,T1,EI-2024
Kuwait,2017,oil_production,1095.0,million_barrels_per_year,T1,EI-2024
Kuwait,2018,oil_production,1095.0,million_barrels_per_year,T1,EI-2024
Kuwait,2019,oil_production,1058.5,million_barrels_per_year,T1,EI-2024
Kuwait,2020,oil_production,988.2,million_barrels_per_year,T1,EI-2024
Kuwait,2021,oil_production,912.5,million_barrels_per_year,T1,EI-2024
Kuwait,2022,oil_production,1022.0,million_barrels_per_year,T1,EI-2024
Kuwait,2023,oil_production,985.5,million_barrels_per_year,T1,EI-2024
Kuwait,2024,oil_production,915.0,million_barrels_per_year,T1,EI-2024
Kuwait,2025,oil_production,912.5,million_barrels_per_year,T2,EIA-STEO-2026
Kuwait,2026,oil_production,438.0,million_barrels_per_year,T4,IEA-OMR-2026
Kuwait,1980,oil_rents_pct_gdp,67.049,percent,T2,WB-WDI-2024
Kuwait,1981,oil_rents_pct_gdp,46.234,percent,T2,WB-WDI-2024
Kuwait,1982,oil_rents_pct_gdp,32.482,percent,T2,WB-WDI-2024
Kuwait,1983,oil_rents_pct_gdp,42.107,percent,T2,WB-WDI-2024
Kuwait,1984,oil_rents_pct_gdp,43.854,percent,T2,WB-WDI-2024
Kuwait,1985,oil_rents_pct_gdp,34.885,percent,T2,WB-WDI-2024
Kuwait,1986,oil_rents_pct_gdp,25.958,percent,T2,WB-WDI-2024
Kuwait,1987,oil_rents_pct_gdp,23.619,percent,T2,WB-WDI-2024
Kuwait,1988,oil_rents_pct_gdp,26.147,percent,T2,WB-WDI-2024
Kuwait,1989,oil_rents_pct_gdp,33.569,percent,T2,WB-WDI-2024
Kuwait,1990,oil_rents_pct_gdp,38.870,percent,T2,WB-WDI-2024
Kuwait,1991,oil_rents_pct_gdp,13.218,percent,T2,WB-WDI-2024
Kuwait,1992,oil_rents_pct_gdp,28.134,percent,T2,WB-WDI-2024
Kuwait,1993,oil_rents_pct_gdp,39.371,percent,T2,WB-WDI-2024
Kuwait,1994,oil_rents_pct_gdp,36.606,percent,T2,WB-WDI-2024
Kuwait,1995,oil_rents_pct_gdp,36.227,percent,T2,WB-WDI-2024
Kuwait,1996,oil_rents_pct_gdp,40.136,percent,T2,WB-WDI-2024
Kuwait,1997,oil_rents_pct_gdp,38.393,percent,T2,WB-WDI-2024
Kuwait,1998,oil_rents_pct_gdp,27.927,percent,T2,WB-WDI-2024
Kuwait,1999,oil_rents_pct_gdp,33.881,percent,T2,WB-WDI-2024
Kuwait,2000,oil_rents_pct_gdp,50.289,percent,T2,WB-WDI-2024
Kuwait,2001,oil_rents_pct_gdp,42.798,percent,T2,WB-WDI-2024
Kuwait,2002,oil_rents_pct_gdp,37.200,percent,T2,WB-WDI-2024
Kuwait,2003,oil_rents_pct_gdp,39.817,percent,T2,WB-WDI-2024
Kuwait,2004,oil_rents_pct_gdp,46.113,percent,T2,WB-WDI-2024
Kuwait,2005,oil_rents_pct_gdp,53.316,percent,T2,WB-WDI-2024
Kuwait,2006,oil_rents_pct_gdp,51.039,percent,T2,WB-WDI-2024
Kuwait,2007,oil_rents_pct_gdp,48.155,percent,T2,WB-WDI-2024
Kuwait,2008,oil_rents_pct_gdp,52.891,percent,T2,WB-WDI-2024
Kuwait,2009,oil_rents_pct_gdp,38.855,percent,T2,WB-WDI-2024
Kuwait,2010,oil_rents_pct_gdp,48.191,percent,T2,WB-WDI-2024
Kuwait,2011,oil_rents_pct_gdp,58.369,percent,T2,WB-WDI-2024
Kuwait,2012,oil_rents_pct_gdp,57.413,percent,T2,WB-WDI-2024
Kuwait,2013,oil_rents_pct_gdp,55.558,percent,T2,WB-WDI-2024
Kuwait,2014,oil_rents_pct_gdp,53.240,percent,T2,WB-WDI-2024
Kuwait,2015,oil_rents_pct_gdp,36.448,percent,T2,WB-WDI-2024
Kuwait,2016,oil_rents_pct_gdp,31.673,percent,T2,WB-WDI-2024
Kuwait,2017,oil_rents_pct_gdp,36.009,percent,T2,WB-WDI-2024
Kuwait,2018,oil_rents_pct_gdp,44.049,percent,T2,WB-WDI-2024
Kuwait,2019,oil_rents_pct_gdp,38.655,percent,T2,WB-WDI-2024
Kuwait,2020,oil_rents_pct_gdp,27.582,percent,T2,WB-WDI-2024
Kuwait,1979,population,1423514,persons,T2,WB-WDI-2024
Kuwait,1980,population,1504782,persons,T2,WB-WDI-2024
Kuwait,1981,population,1583426,persons,T2,WB-WDI-2024
Kuwait,1982,population,1662480,persons,T2,WB-WDI-2024
Kuwait,1983,population,1744295,persons,T2,WB-WDI-2024
Kuwait,1984,population,1820688,persons,T2,WB-WDI-2024
Kuwait,1985,population,1894242,persons,T2,WB-WDI-2024
Kuwait,1986,population,1972520,persons,T2,WB-WDI-2024
Kuwait,1987,population,2052994,persons,T2,WB-WDI-2024
Kuwait,1988,population,2134707,persons,T2,WB-WDI-2024
Kuwait,1989,population,2217468,persons,T2,WB-WDI-2024
Kuwait,1990,population,1684819,persons,T2,WB-WDI-2024
Kuwait,1991,population,1351399,persons,T2,WB-WDI-2024
Kuwait,1992,population,1634961,persons,T2,WB-WDI-2024
Kuwait,1993,population,1672151,persons,T2,WB-WDI-2024
Kuwait,1994,population,1664361,persons,T2,WB-WDI-2024
Kuwait,1995,population,1681513,persons,T2,WB-WDI-2024
Kuwait,1996,population,1730246,persons,T2,WB-WDI-2024
Kuwait,1997,population,1787683,persons,T2,WB-WDI-2024
Kuwait,1998,population,1844302,persons,T2,WB-WDI-2024
Kuwait,1999,population,1900030,persons,T2,WB-WDI-2024
Kuwait,2000,population,1954709,persons,T2,WB-WDI-2024
Kuwait,2001,population,2008121,persons,T2,WB-WDI-2024
Kuwait,2002,population,2059974,persons,T2,WB-WDI-2024
Kuwait,2003,population,2109881,persons,T2,WB-WDI-2024
Kuwait,2004,population,2157320,persons,T2,WB-WDI-2024
Kuwait,2005,population,2236788,persons,T2,WB-WDI-2024
Kuwait,2006,population,2364733,persons,T2,WB-WDI-2024
Kuwait,2007,population,2507887,persons,T2,WB-WDI-2024
Kuwait,2008,population,2651421,persons,T2,WB-WDI-2024
Kuwait,2009,population,2795484,persons,T2,WB-WDI-2024
Kuwait,2010,population,2943372,persons,T2,WB-WDI-2024
Kuwait,2011,population,3132814,persons,T2,WB-WDI-2024
Kuwait,2012,population,3337109,persons,T2,WB-WDI-2024
Kuwait,2013,population,3507844,persons,T2,WB-WDI-2024
Kuwait,2014,population,3665876,persons,T2,WB-WDI-2024
Kuwait,2015,population,3834574,persons,T2,WB-WDI-2024
Kuwait,2016,population,4004096,persons,T2,WB-WDI-2024
Kuwait,2017,population,4154812,persons,T2,WB-WDI-2024
Kuwait,2018,population,4323515,persons,T2,WB-WDI-2024
Kuwait,2019,population,4442316,persons,T2,WB-WDI-2024
Kuwait,2020,population,4400267,persons,T2,WB-WDI-2024
Kuwait,2021,population,4360865,persons,T2,WB-WDI-2024
Kuwait,2022,population,4589643,persons,T2,WB-WDI-2024
Kuwait,2023,population,4853420,persons,T2,WB-WDI-2024
Kuwait,2024,population,4897263,persons,T2,WB-WDI-2024
Kuwait,1979,trade_pct_gdp,106.787,percent,T2,WB-WDI-2024
Kuwait,1980,trade_pct_gdp,112.647,percent,T2,WB-WDI-2024
Kuwait,1981,trade_pct_gdp,107.976,percent,T2,WB-WDI-2024
Kuwait,1982,trade_pct_gdp,106.869,percent,T2,WB-WDI-2024
Kuwait,1983,trade_pct_gdp,108.482,percent,T2,WB-WDI-2024
Kuwait,1984,trade_pct_gdp,104.754,percent,T2,WB-WDI-2024
Kuwait,1985,trade_pct_gdp,96.420,percent,T2,WB-WDI-2024
Kuwait,1986,trade_pct_gdp,94.199,percent,T2,WB-WDI-2024
Kuwait,1987,trade_pct_gdp,89.663,percent,T2,WB-WDI-2024
Kuwait,1988,trade_pct_gdp,90.504,percent,T2,WB-WDI-2024
Kuwait,1989,trade_pct_gdp,93.771,percent,T2,WB-WDI-2024
Kuwait,1990,trade_pct_gdp,103.011,percent,T2,WB-WDI-2024
Kuwait,1991,trade_pct_gdp,142.613,percent,T2,WB-WDI-2024
Kuwait,1992,trade_pct_gdp,94.688,percent,T2,WB-WDI-2024
Kuwait,1993,trade_pct_gdp,92.057,percent,T2,WB-WDI-2024
Kuwait,1994,trade_pct_gdp,93.184,percent,T2,WB-WDI-2024
Kuwait,1995,trade_pct_gdp,94.320,percent,T2,WB-WDI-2024
Kuwait,1996,trade_pct_gdp,91.472,percent,T2,WB-WDI-2024
Kuwait,1997,trade_pct_gdp,92.444,percent,T2,WB-WDI-2024
Kuwait,1998,trade_pct_gdp,94.960,percent,T2,WB-WDI-2024
Kuwait,1999,trade_pct_gdp,85.368,percent,T2,WB-WDI-2024
Kuwait,2000,trade_pct_gdp,86.618,percent,T2,WB-WDI-2024
Kuwait,2001,trade_pct_gdp,86.850,percent,T2,WB-WDI-2024
Kuwait,2002,trade_pct_gdp,81.225,percent,T2,WB-WDI-2024
Kuwait,2003,trade_pct_gdp,86.555,percent,T2,WB-WDI-2024
Kuwait,2004,trade_pct_gdp,89.298,percent,T2,WB-WDI-2024
Kuwait,2005,trade_pct_gdp,92.243,percent,T2,WB-WDI-2024
Kuwait,2006,trade_pct_gdp,89.713,percent,T2,WB-WDI-2024
Kuwait,2007,trade_pct_gdp,91.733,percent,T2,WB-WDI-2024
Kuwait,2008,trade_pct_gdp,92.683,percent,T2,WB-WDI-2024
Kuwait,2009,trade_pct_gdp,88.811,percent,T2,WB-WDI-2024
Kuwait,2010,trade_pct_gdp,97.028,percent,T2,WB-WDI-2024
Kuwait,2011,trade_pct_gdp,99.116,percent,T2,WB-WDI-2024
Kuwait,2012,trade_pct_gdp,101.011,percent,T2,WB-WDI-2024
Kuwait,2013,trade_pct_gdp,97.605,percent,T2,WB-WDI-2024
Kuwait,2014,trade_pct_gdp,100.037,percent,T2,WB-WDI-2024
Kuwait,2015,trade_pct_gdp,98.700,percent,T2,WB-WDI-2024
Kuwait,2016,trade_pct_gdp,96.158,percent,T2,WB-WDI-2024
Kuwait,2017,trade_pct_gdp,97.840,percent,T2,WB-WDI-2024
Kuwait,2018,trade_pct_gdp,102.786,percent,T2,WB-WDI-2024
Kuwait,2019,trade_pct_gdp,91.686,percent,T2,WB-WDI-2024
Kuwait,2020,trade_pct_gdp,82.013,percent,T2,WB-WDI-2024
Kuwait,2021,trade_pct_gdp,82.002,percent,T2,WB-WDI-2024
Kuwait,2022,trade_pct_gdp,90.920,percent,T2,WB-WDI-2024
Kuwait,2023,trade_pct_gdp,96.080,percent,T2,WB-WDI-2024
Kuwait,1991,unemployment_rate,0.884,percent,T2,WB-WDI-2024
Kuwait,1992,unemployment_rate,0.878,percent,T2,WB-WDI-2024
Kuwait,1993,unemployment_rate,0.800,percent,T2,WB-WDI-2024
Kuwait,1994,unemployment_rate,0.700,percent,T2,WB-WDI-2024
Kuwait,1995,unemployment_rate,0.694,percent,T2,WB-WDI-2024
Kuwait,1996,unemployment_rate,0.700,percent,T2,WB-WDI-2024
Kuwait,1997,unemployment_rate,0.700,percent,T2,WB-WDI-2024
Kuwait,1998,unemployment_rate,0.700,percent,T2,WB-WDI-2024
Kuwait,1999,unemployment_rate,0.700,percent,T2,WB-WDI-2024
Kuwait,2000,unemployment_rate,0.800,percent,T2,WB-WDI-2024
Kuwait,2001,unemployment_rate,0.800,percent,T2,WB-WDI-2024
Kuwait,2002,unemployment_rate,1.100,percent,T2,WB-WDI-2024
Kuwait,2003,unemployment_rate,1.300,percent,T2,WB-WDI-2024
Kuwait,2004,unemployment_rate,1.700,percent,T2,WB-WDI-2024
Kuwait,2005,unemployment_rate,1.455,percent,T2,WB-WDI-2024
Kuwait,2006,unemployment_rate,1.300,percent,T2,WB-WDI-2024
Kuwait,2007,unemployment_rate,1.500,percent,T2,WB-WDI-2024
Kuwait,2008,unemployment_rate,1.750,percent,T2,WB-WDI-2024
Kuwait,2009,unemployment_rate,1.640,percent,T2,WB-WDI-2024
Kuwait,2010,unemployment_rate,1.820,percent,T2,WB-WDI-2024
Kuwait,2011,unemployment_rate,2.051,percent,T2,WB-WDI-2024
Kuwait,2012,unemployment_rate,2.227,percent,T2,WB-WDI-2024
Kuwait,2013,unemployment_rate,2.465,percent,T2,WB-WDI-2024
Kuwait,2014,unemployment_rate,2.900,percent,T2,WB-WDI-2024
Kuwait,2015,unemployment_rate,2.200,percent,T2,WB-WDI-2024
Kuwait,2016,unemployment_rate,2.160,percent,T2,WB-WDI-2024
Kuwait,2017,unemployment_rate,2.230,percent,T2,WB-WDI-2024
Kuwait,2018,unemployment_rate,2.202,percent,T2,WB-WDI-2024
Kuwait,2019,unemployment_rate,2.213,percent,T2,WB-WDI-2024
Kuwait,2020,unemployment_rate,3.489,percent,T2,WB-WDI-2024
Kuwait,2021,unemployment_rate,2.970,percent,T2,WB-WDI-2024
Kuwait,2022,unemployment_rate,2.133,percent,T2,WB-WDI-2024
Kuwait,2023,unemployment_rate,2.080,percent,T2,WB-WDI-2024
Kuwait,2024,unemployment_rate,2.151,percent,T2,WB-WDI-2024
Lebanon,1988,gdp_nominal_usd,3313540067.93,USD_current,T2,WB-WDI-2024
Lebanon,1989,gdp_nominal_usd,2717998687.71,USD_current,T2,WB-WDI-2024
Lebanon,1990,gdp_nominal_usd,2838485353.96,USD_current,T2,WB-WDI-2024
Lebanon,1991,gdp_nominal_usd,4690415092.54,USD_current,T2,WB-WDI-2024
Lebanon,1992,gdp_nominal_usd,5843579160.90,USD_current,T2,WB-WDI-2024
Lebanon,1993,gdp_nominal_usd,7941744492.24,USD_current,T2,WB-WDI-2024
Lebanon,1994,gdp_nominal_usd,9599127050.18,USD_current,T2,WB-WDI-2024
Lebanon,1995,gdp_nominal_usd,11718795528.56,USD_current,T2,WB-WDI-2024
Lebanon,1996,gdp_nominal_usd,13690217333.59,USD_current,T2,WB-WDI-2024
Lebanon,1997,gdp_nominal_usd,15751867489.44,USD_current,T2,WB-WDI-2024
Lebanon,1998,gdp_nominal_usd,17247179005.52,USD_current,T2,WB-WDI-2024
Lebanon,1999,gdp_nominal_usd,17391056369.23,USD_current,T2,WB-WDI-2024
Lebanon,2000,gdp_nominal_usd,17260364842.45,USD_current,T2,WB-WDI-2024
Lebanon,2001,gdp_nominal_usd,17649751243.78,USD_current,T2,WB-WDI-2024
Lebanon,2002,gdp_nominal_usd,19152238805.97,USD_current,T2,WB-WDI-2024
Lebanon,2003,gdp_nominal_usd,20082918739.64,USD_current,T2,WB-WDI-2024
Lebanon,2004,gdp_nominal_usd,21159827992.04,USD_current,T2,WB-WDI-2024
Lebanon,2005,gdp_nominal_usd,21497336498.84,USD_current,T2,WB-WDI-2024
Lebanon,2006,gdp_nominal_usd,22022709851.41,USD_current,T2,WB-WDI-2024
Lebanon,2007,gdp_nominal_usd,24827355014.93,USD_current,T2,WB-WDI-2024
Lebanon,2008,gdp_nominal_usd,29118916105.47,USD_current,T2,WB-WDI-2024
Lebanon,2009,gdp_nominal_usd,35399582928.69,USD_current,T2,WB-WDI-2024
Lebanon,2010,gdp_nominal_usd,38443907042.12,USD_current,T2,WB-WDI-2024
Lebanon,2011,gdp_nominal_usd,39927125961.53,USD_current,T2,WB-WDI-2024
Lebanon,2012,gdp_nominal_usd,44016799515.75,USD_current,T2,WB-WDI-2024
Lebanon,2013,gdp_nominal_usd,46880103080.60,USD_current,T2,WB-WDI-2024
Lebanon,2014,gdp_nominal_usd,48095213746.60,USD_current,T2,WB-WDI-2024
Lebanon,2015,gdp_nominal_usd,49929337836.82,USD_current,T2,WB-WDI-2024
Lebanon,2016,gdp_nominal_usd,51147308774.13,USD_current,T2,WB-WDI-2024
Lebanon,2017,gdp_nominal_usd,53027680685.90,USD_current,T2,WB-WDI-2024
Lebanon,2018,gdp_nominal_usd,54901519155.56,USD_current,T2,WB-WDI-2024
Lebanon,2019,gdp_nominal_usd,51605959131.27,USD_current,T2,WB-WDI-2024
Lebanon,2020,gdp_nominal_usd,31712128253.80,USD_current,T2,WB-WDI-2024
Lebanon,2021,gdp_nominal_usd,23131941556.78,USD_current,T2,WB-WDI-2024
Lebanon,2022,gdp_nominal_usd,20992421948.81,USD_current,T2,WB-WDI-2024
Lebanon,2023,gdp_nominal_usd,20078620356.99,USD_current,T2,WB-WDI-2024
Lebanon,1990,gdp_per_capita_ppp,2990.34,USD_PPP_current_intl,T2,WB-WDI-2024
Lebanon,1991,gdp_per_capita_ppp,4527.26,USD_PPP_current_intl,T2,WB-WDI-2024
Lebanon,1992,gdp_per_capita_ppp,5278.71,USD_PPP_current_intl,T2,WB-WDI-2024
Lebanon,1993,gdp_per_capita_ppp,5870.79,USD_PPP_current_intl,T2,WB-WDI-2024
Lebanon,1994,gdp_per_capita_ppp,6366.91,USD_PPP_current_intl,T2,WB-WDI-2024
Lebanon,1995,gdp_per_capita_ppp,6795.68,USD_PPP_current_intl,T2,WB-WDI-2024
Lebanon,1996,gdp_per_capita_ppp,7559.76,USD_PPP_current_intl,T2,WB-WDI-2024
Lebanon,1997,gdp_per_capita_ppp,7631.99,USD_PPP_current_intl,T2,WB-WDI-2024
Lebanon,1998,gdp_per_capita_ppp,7861.23,USD_PPP_current_intl,T2,WB-WDI-2024
Lebanon,1999,gdp_per_capita_ppp,7792.66,USD_PPP_current_intl,T2,WB-WDI-2024
Lebanon,2000,gdp_per_capita_ppp,7937.96,USD_PPP_current_intl,T2,WB-WDI-2024
Lebanon,2001,gdp_per_capita_ppp,8289.38,USD_PPP_current_intl,T2,WB-WDI-2024
Lebanon,2002,gdp_per_capita_ppp,8586.24,USD_PPP_current_intl,T2,WB-WDI-2024
Lebanon,2003,gdp_per_capita_ppp,8914.48,USD_PPP_current_intl,T2,WB-WDI-2024
Lebanon,2004,gdp_per_capita_ppp,9609.01,USD_PPP_current_intl,T2,WB-WDI-2024
Lebanon,2005,gdp_per_capita_ppp,10019.99,USD_PPP_current_intl,T2,WB-WDI-2024
Lebanon,2006,gdp_per_capita_ppp,10312.35,USD_PPP_current_intl,T2,WB-WDI-2024
Lebanon,2007,gdp_per_capita_ppp,11355.66,USD_PPP_current_intl,T2,WB-WDI-2024
Lebanon,2008,gdp_per_capita_ppp,12415.94,USD_PPP_current_intl,T2,WB-WDI-2024
Lebanon,2009,gdp_per_capita_ppp,13586.14,USD_PPP_current_intl,T2,WB-WDI-2024
Lebanon,2010,gdp_per_capita_ppp,14703.62,USD_PPP_current_intl,T2,WB-WDI-2024
Lebanon,2011,gdp_per_capita_ppp,14974.55,USD_PPP_current_intl,T2,WB-WDI-2024
Lebanon,2012,gdp_per_capita_ppp,16121.34,USD_PPP_current_intl,T2,WB-WDI-2024
Lebanon,2013,gdp_per_capita_ppp,16315.61,USD_PPP_current_intl,T2,WB-WDI-2024
Lebanon,2014,gdp_per_capita_ppp,16139.86,USD_PPP_current_intl,T2,WB-WDI-2024
Lebanon,2015,gdp_per_capita_ppp,17045.90,USD_PPP_current_intl,T2,WB-WDI-2024
Lebanon,2016,gdp_per_capita_ppp,18940.59,USD_PPP_current_intl,T2,WB-WDI-2024
Lebanon,2017,gdp_per_capita_ppp,20963.82,USD_PPP_current_intl,T2,WB-WDI-2024
Lebanon,2018,gdp_per_capita_ppp,21985.49,USD_PPP_current_intl,T2,WB-WDI-2024
Lebanon,2019,gdp_per_capita_ppp,21710.46,USD_PPP_current_intl,T2,WB-WDI-2024
Lebanon,2020,gdp_per_capita_ppp,16259.71,USD_PPP_current_intl,T2,WB-WDI-2024
Lebanon,2021,gdp_per_capita_ppp,11599.78,USD_PPP_current_intl,T2,WB-WDI-2024
Lebanon,2022,gdp_per_capita_ppp,12292.84,USD_PPP_current_intl,T2,WB-WDI-2024
Lebanon,2023,gdp_per_capita_ppp,12574.83,USD_PPP_current_intl,T2,WB-WDI-2024
Lebanon,1988,gdp_per_capita_usd,959.15,USD_current,T2,WB-WDI-2024
Lebanon,1989,gdp_per_capita_usd,771.00,USD_current,T2,WB-WDI-2024
Lebanon,1990,gdp_per_capita_usd,789.53,USD_current,T2,WB-WDI-2024
Lebanon,1991,gdp_per_capita_usd,1278.42,USD_current,T2,WB-WDI-2024
Lebanon,1992,gdp_per_capita_usd,1559.38,USD_current,T2,WB-WDI-2024
Lebanon,1993,gdp_per_capita_usd,2078.64,USD_current,T2,WB-WDI-2024
Lebanon,1994,gdp_per_capita_usd,2467.77,USD_current,T2,WB-WDI-2024
Lebanon,1995,gdp_per_capita_usd,2958.74,USD_current,T2,WB-WDI-2024
Lebanon,1996,gdp_per_capita_usd,3393.05,USD_current,T2,WB-WDI-2024
Lebanon,1997,gdp_per_capita_usd,3834.06,USD_current,T2,WB-WDI-2024
Lebanon,1998,gdp_per_capita_usd,4124.86,USD_current,T2,WB-WDI-2024
Lebanon,1999,gdp_per_capita_usd,4086.94,USD_current,T2,WB-WDI-2024
Lebanon,2000,gdp_per_capita_usd,3986.84,USD_current,T2,WB-WDI-2024
Lebanon,2001,gdp_per_capita_usd,4009.56,USD_current,T2,WB-WDI-2024
Lebanon,2002,gdp_per_capita_usd,4290.85,USD_current,T2,WB-WDI-2024
Lebanon,2003,gdp_per_capita_usd,4437.72,USD_current,T2,WB-WDI-2024
Lebanon,2004,gdp_per_capita_usd,4600.68,USD_current,T2,WB-WDI-2024
Lebanon,2005,gdp_per_capita_usd,4602.20,USD_current,T2,WB-WDI-2024
Lebanon,2006,gdp_per_capita_usd,4635.25,USD_current,T2,WB-WDI-2024
Lebanon,2007,gdp_per_capita_usd,5125.26,USD_current,T2,WB-WDI-2024
Lebanon,2008,gdp_per_capita_usd,5912.05,USD_current,T2,WB-WDI-2024
Lebanon,2009,gdp_per_capita_usd,7090.85,USD_current,T2,WB-WDI-2024
Lebanon,2010,gdp_per_capita_usd,7625.81,USD_current,T2,WB-WDI-2024
Lebanon,2011,gdp_per_capita_usd,7834.96,USD_current,T2,WB-WDI-2024
Lebanon,2012,gdp_per_capita_usd,8406.98,USD_current,T2,WB-WDI-2024
Lebanon,2013,gdp_per_capita_usd,8162.38,USD_current,T2,WB-WDI-2024
Lebanon,2014,gdp_per_capita_usd,7577.64,USD_current,T2,WB-WDI-2024
Lebanon,2015,gdp_per_capita_usd,7714.11,USD_current,T2,WB-WDI-2024
Lebanon,2016,gdp_per_capita_usd,8089.01,USD_current,T2,WB-WDI-2024
Lebanon,2017,gdp_per_capita_usd,8608.21,USD_current,T2,WB-WDI-2024
Lebanon,2018,gdp_per_capita_usd,9174.54,USD_current,T2,WB-WDI-2024
Lebanon,2019,gdp_per_capita_usd,8905.88,USD_current,T2,WB-WDI-2024
Lebanon,2020,gdp_per_capita_usd,5561.19,USD_current,T2,WB-WDI-2024
Lebanon,2021,gdp_per_capita_usd,4045.37,USD_current,T2,WB-WDI-2024
Lebanon,2022,gdp_per_capita_usd,3654.36,USD_current,T2,WB-WDI-2024
Lebanon,2023,gdp_per_capita_usd,3477.72,USD_current,T2,WB-WDI-2024
Lebanon,1979,military_spending_pct_gdp,10.072,percent,T2,SIPRI-MILEX-2024
Lebanon,1980,military_spending_pct_gdp,12.357,percent,T2,SIPRI-MILEX-2024
Lebanon,1981,military_spending_pct_gdp,9.583,percent,T2,SIPRI-MILEX-2024
Lebanon,1982,military_spending_pct_gdp,9.286,percent,T2,SIPRI-MILEX-2024
Lebanon,1983,military_spending_pct_gdp,13.456,percent,T2,SIPRI-MILEX-2024
Lebanon,1984,military_spending_pct_gdp,10.969,percent,T2,SIPRI-MILEX-2024
Lebanon,1985,military_spending_pct_gdp,6.287,percent,T2,SIPRI-MILEX-2024
Lebanon,1986,military_spending_pct_gdp,5.264,percent,T2,SIPRI-MILEX-2024
Lebanon,1987,military_spending_pct_gdp,1.122,percent,T2,SIPRI-MILEX-2024
Lebanon,1988,military_spending_pct_gdp,1.187,percent,T2,SIPRI-MILEX-2024
Lebanon,1990,military_spending_pct_gdp,7.552,percent,T2,SIPRI-MILEX-2024
Lebanon,1991,military_spending_pct_gdp,5.155,percent,T2,SIPRI-MILEX-2024
Lebanon,1992,military_spending_pct_gdp,7.984,percent,T2,SIPRI-MILEX-2024
Lebanon,1993,military_spending_pct_gdp,6.011,percent,T2,SIPRI-MILEX-2024
Lebanon,1994,military_spending_pct_gdp,6.998,percent,T2,SIPRI-MILEX-2024
Lebanon,1995,military_spending_pct_gdp,6.712,percent,T2,SIPRI-MILEX-2024
Lebanon,1996,military_spending_pct_gdp,5.662,percent,T2,SIPRI-MILEX-2024
Lebanon,1997,military_spending_pct_gdp,4.305,percent,T2,SIPRI-MILEX-2024
Lebanon,1998,military_spending_pct_gdp,4.023,percent,T2,SIPRI-MILEX-2024
Lebanon,1999,military_spending_pct_gdp,4.770,percent,T2,SIPRI-MILEX-2024
Lebanon,2000,military_spending_pct_gdp,5.392,percent,T2,SIPRI-MILEX-2024
Lebanon,2001,military_spending_pct_gdp,5.448,percent,T2,SIPRI-MILEX-2024
Lebanon,2002,military_spending_pct_gdp,4.753,percent,T2,SIPRI-MILEX-2024
Lebanon,2003,military_spending_pct_gdp,4.676,percent,T2,SIPRI-MILEX-2024
Lebanon,2004,military_spending_pct_gdp,4.511,percent,T2,SIPRI-MILEX-2024
Lebanon,2005,military_spending_pct_gdp,4.477,percent,T2,SIPRI-MILEX-2024
Lebanon,2006,military_spending_pct_gdp,4.581,percent,T2,SIPRI-MILEX-2024
Lebanon,2007,military_spending_pct_gdp,4.641,percent,T2,SIPRI-MILEX-2024
Lebanon,2008,military_spending_pct_gdp,4.016,percent,T2,SIPRI-MILEX-2024
Lebanon,2009,military_spending_pct_gdp,4.029,percent,T2,SIPRI-MILEX-2024
Lebanon,2010,military_spending_pct_gdp,4.124,percent,T2,SIPRI-MILEX-2024
Lebanon,2011,military_spending_pct_gdp,4.074,percent,T2,SIPRI-MILEX-2024
Lebanon,2012,military_spending_pct_gdp,3.992,percent,T2,SIPRI-MILEX-2024
Lebanon,2013,military_spending_pct_gdp,4.129,percent,T2,SIPRI-MILEX-2024
Lebanon,2014,military_spending_pct_gdp,4.720,percent,T2,SIPRI-MILEX-2024
Lebanon,2015,military_spending_pct_gdp,4.485,percent,T2,SIPRI-MILEX-2024
Lebanon,2016,military_spending_pct_gdp,5.096,percent,T2,SIPRI-MILEX-2024
Lebanon,2017,military_spending_pct_gdp,4.603,percent,T2,SIPRI-MILEX-2024
Lebanon,2018,military_spending_pct_gdp,5.056,percent,T2,SIPRI-MILEX-2024
Lebanon,2019,military_spending_pct_gdp,4.739,percent,T2,SIPRI-MILEX-2024
Lebanon,2020,military_spending_pct_gdp,3.027,percent,T2,SIPRI-MILEX-2024
Lebanon,2021,military_spending_pct_gdp,1.175,percent,T2,SIPRI-MILEX-2024
Lebanon,2022,military_spending_pct_gdp,1.012,percent,T2,SIPRI-MILEX-2024
Lebanon,2023,military_spending_pct_gdp,1.202,percent,T2,SIPRI-MILEX-2024
Lebanon,2024,military_spending_pct_gdp,2.251,percent,T2,SIPRI-MILEX-2024
Lebanon,2025,military_spending_pct_gdp,2.510,percent,T2,SIPRI-MILEX-2024
Lebanon,1979,military_spending_usd,346311001.46,USD_current,T2,SIPRI-MILEX-2024
Lebanon,1980,military_spending_usd,503476314.79,USD_current,T2,SIPRI-MILEX-2024
Lebanon,1981,military_spending_usd,373214770.03,USD_current,T2,SIPRI-MILEX-2024
Lebanon,1982,military_spending_usd,246651755.13,USD_current,T2,SIPRI-MILEX-2024
Lebanon,1983,military_spending_usd,492472676.60,USD_current,T2,SIPRI-MILEX-2024
Lebanon,1984,military_spending_usd,474574917.56,USD_current,T2,SIPRI-MILEX-2024
Lebanon,1985,military_spending_usd,227203508.56,USD_current,T2,SIPRI-MILEX-2024
Lebanon,1986,military_spending_usd,148293323.67,USD_current,T2,SIPRI-MILEX-2024
Lebanon,1987,military_spending_usd,36999768.47,USD_current,T2,SIPRI-MILEX-2024
Lebanon,1988,military_spending_usd,39317743.08,USD_current,T2,SIPRI-MILEX-2024
Lebanon,1990,military_spending_usd,214361038.66,USD_current,T2,SIPRI-MILEX-2024
Lebanon,1991,military_spending_usd,229469731.00,USD_current,T2,SIPRI-MILEX-2024
Lebanon,1992,military_spending_usd,442786331.07,USD_current,T2,SIPRI-MILEX-2024
Lebanon,1993,military_spending_usd,452979280.56,USD_current,T2,SIPRI-MILEX-2024
Lebanon,1994,military_spending_usd,637473438.61,USD_current,T2,SIPRI-MILEX-2024
Lebanon,1995,military_spending_usd,746264054.13,USD_current,T2,SIPRI-MILEX-2024
Lebanon,1996,military_spending_usd,735631013.59,USD_current,T2,SIPRI-MILEX-2024
Lebanon,1997,military_spending_usd,678164279.45,USD_current,T2,SIPRI-MILEX-2024
Lebanon,1998,military_spending_usd,693871897.53,USD_current,T2,SIPRI-MILEX-2024
Lebanon,1999,military_spending_usd,829663624.79,USD_current,T2,SIPRI-MILEX-2024
Lebanon,2000,military_spending_usd,930016583.75,USD_current,T2,SIPRI-MILEX-2024
Lebanon,2001,military_spending_usd,958540630.18,USD_current,T2,SIPRI-MILEX-2024
Lebanon,2002,military_spending_usd,907462686.57,USD_current,T2,SIPRI-MILEX-2024
Lebanon,2003,military_spending_usd,923383084.58,USD_current,T2,SIPRI-MILEX-2024
Lebanon,2004,military_spending_usd,954560530.68,USD_current,T2,SIPRI-MILEX-2024
Lebanon,2005,military_spending_usd,962520729.68,USD_current,T2,SIPRI-MILEX-2024
Lebanon,2006,military_spending_usd,1008955223.88,USD_current,T2,SIPRI-MILEX-2024
Lebanon,2007,military_spending_usd,1152238805.97,USD_current,T2,SIPRI-MILEX-2024
Lebanon,2008,military_spending_usd,1169485903.81,USD_current,T2,SIPRI-MILEX-2024
Lebanon,2009,military_spending_usd,1426202321.72,USD_current,T2,SIPRI-MILEX-2024
Lebanon,2010,military_spending_usd,1585406301.82,USD_current,T2,SIPRI-MILEX-2024
Lebanon,2011,military_spending_usd,1626533996.68,USD_current,T2,SIPRI-MILEX-2024
Lebanon,2012,military_spending_usd,1757213930.35,USD_current,T2,SIPRI-MILEX-2024
Lebanon,2013,military_spending_usd,1935718241.37,USD_current,T2,SIPRI-MILEX-2024
Lebanon,2014,military_spending_usd,2270065959.79,USD_current,T2,SIPRI-MILEX-2024
Lebanon,2015,military_spending_usd,2239416093.74,USD_current,T2,SIPRI-MILEX-2024
Lebanon,2016,military_spending_usd,2606456908.32,USD_current,T2,SIPRI-MILEX-2024
Lebanon,2017,military_spending_usd,2441074857.02,USD_current,T2,SIPRI-MILEX-2024
Lebanon,2018,military_spending_usd,2775557816.21,USD_current,T2,SIPRI-MILEX-2024
Lebanon,2019,military_spending_usd,2326058336.52,USD_current,T2,SIPRI-MILEX-2024
Lebanon,2020,military_spending_usd,431991051.45,USD_current,T2,SIPRI-MILEX-2024
Lebanon,2021,military_spending_usd,171587395.96,USD_current,T2,SIPRI-MILEX-2024
Lebanon,2022,military_spending_usd,218747732.00,USD_current,T2,SIPRI-MILEX-2024
Lebanon,2023,military_spending_usd,286217317.80,USD_current,T2,SIPRI-MILEX-2024
Lebanon,2024,military_spending_usd,635471571.91,USD_current,T2,SIPRI-MILEX-2024
Lebanon,2025,military_spending_usd,828299104.16,USD_current,T2,SIPRI-MILEX-2024
Lebanon,1988,oil_rents_pct_gdp,0.000,percent,T2,WB-WDI-2024
Lebanon,1989,oil_rents_pct_gdp,0.000,percent,T2,WB-WDI-2024
Lebanon,1990,oil_rents_pct_gdp,0.000,percent,T2,WB-WDI-2024
Lebanon,1991,oil_rents_pct_gdp,0.000,percent,T2,WB-WDI-2024
Lebanon,1992,oil_rents_pct_gdp,0.000,percent,T2,WB-WDI-2024
Lebanon,1993,oil_rents_pct_gdp,0.000,percent,T2,WB-WDI-2024
Lebanon,1994,oil_rents_pct_gdp,0.000,percent,T2,WB-WDI-2024
Lebanon,1995,oil_rents_pct_gdp,0.000,percent,T2,WB-WDI-2024
Lebanon,1996,oil_rents_pct_gdp,0.000,percent,T2,WB-WDI-2024
Lebanon,1997,oil_rents_pct_gdp,0.000,percent,T2,WB-WDI-2024
Lebanon,1998,oil_rents_pct_gdp,0.000,percent,T2,WB-WDI-2024
Lebanon,1999,oil_rents_pct_gdp,0.000,percent,T2,WB-WDI-2024
Lebanon,2000,oil_rents_pct_gdp,0.000,percent,T2,WB-WDI-2024
Lebanon,2001,oil_rents_pct_gdp,0.000,percent,T2,WB-WDI-2024
Lebanon,2002,oil_rents_pct_gdp,0.000,percent,T2,WB-WDI-2024
Lebanon,2003,oil_rents_pct_gdp,0.000,percent,T2,WB-WDI-2024
Lebanon,2004,oil_rents_pct_gdp,0.000,percent,T2,WB-WDI-2024
Lebanon,2005,oil_rents_pct_gdp,0.000,percent,T2,WB-WDI-2024
Lebanon,2006,oil_rents_pct_gdp,0.000,percent,T2,WB-WDI-2024
Lebanon,2007,oil_rents_pct_gdp,0.000,percent,T2,WB-WDI-2024
Lebanon,2008,oil_rents_pct_gdp,0.000,percent,T2,WB-WDI-2024
Lebanon,2009,oil_rents_pct_gdp,0.000,percent,T2,WB-WDI-2024
Lebanon,2010,oil_rents_pct_gdp,0.000,percent,T2,WB-WDI-2024
Lebanon,2011,oil_rents_pct_gdp,0.000,percent,T2,WB-WDI-2024
Lebanon,2012,oil_rents_pct_gdp,0.000,percent,T2,WB-WDI-2024
Lebanon,2013,oil_rents_pct_gdp,0.000,percent,T2,WB-WDI-2024
Lebanon,2014,oil_rents_pct_gdp,0.000,percent,T2,WB-WDI-2024
Lebanon,2015,oil_rents_pct_gdp,0.000,percent,T2,WB-WDI-2024
Lebanon,2016,oil_rents_pct_gdp,0.000,percent,T2,WB-WDI-2024
Lebanon,2017,oil_rents_pct_gdp,0.000,percent,T2,WB-WDI-2024
Lebanon,2018,oil_rents_pct_gdp,0.000,percent,T2,WB-WDI-2024
Lebanon,2019,oil_rents_pct_gdp,0.000,percent,T2,WB-WDI-2024
Lebanon,2020,oil_rents_pct_gdp,0.000,percent,T2,WB-WDI-2024
Lebanon,2021,oil_rents_pct_gdp,0.000,percent,T2,WB-WDI-2024
Lebanon,1979,population,2882635,persons,T2,WB-WDI-2024
Lebanon,1980,population,2944763,persons,T2,WB-WDI-2024
Lebanon,1981,population,3008981,persons,T2,WB-WDI-2024
Lebanon,1982,population,3054931,persons,T2,WB-WDI-2024
Lebanon,1983,population,3094996,persons,T2,WB-WDI-2024
Lebanon,1984,population,3152744,persons,T2,WB-WDI-2024
Lebanon,1985,population,3217376,persons,T2,WB-WDI-2024
Lebanon,1986,population,3300365,persons,T2,WB-WDI-2024
Lebanon,1987,population,3385555,persons,T2,WB-WDI-2024
Lebanon,1988,population,3454649,persons,T2,WB-WDI-2024
Lebanon,1989,population,3525285,persons,T2,WB-WDI-2024
Lebanon,1990,population,3595175,persons,T2,WB-WDI-2024
Lebanon,1991,population,3668912,persons,T2,WB-WDI-2024
Lebanon,1992,population,3747371,persons,T2,WB-WDI-2024
Lebanon,1993,population,3820647,persons,T2,WB-WDI-2024
Lebanon,1994,population,3889799,persons,T2,WB-WDI-2024
Lebanon,1995,population,3960735,persons,T2,WB-WDI-2024
Lebanon,1996,population,4034781,persons,T2,WB-WDI-2024
Lebanon,1997,population,4108405,persons,T2,WB-WDI-2024
Lebanon,1998,population,4181281,persons,T2,WB-WDI-2024
Lebanon,1999,population,4255277,persons,T2,WB-WDI-2024
Lebanon,2000,population,4329340,persons,T2,WB-WDI-2024
Lebanon,2001,population,4401918,persons,T2,WB-WDI-2024
Lebanon,2002,population,4463504,persons,T2,WB-WDI-2024
Lebanon,2003,population,4525508,persons,T2,WB-WDI-2024
Lebanon,2004,population,4599279,persons,T2,WB-WDI-2024
Lebanon,2005,population,4671102,persons,T2,WB-WDI-2024
Lebanon,2006,population,4751136,persons,T2,WB-WDI-2024
Lebanon,2007,population,4844118,persons,T2,WB-WDI-2024
Lebanon,2008,population,4925354,persons,T2,WB-WDI-2024
Lebanon,2009,population,4992287,persons,T2,WB-WDI-2024
Lebanon,2010,population,5041288,persons,T2,WB-WDI-2024
Lebanon,2011,population,5096020,persons,T2,WB-WDI-2024
Lebanon,2012,population,5235742,persons,T2,WB-WDI-2024
Lebanon,2013,population,5743436,persons,T2,WB-WDI-2024
Lebanon,2014,population,6346990,persons,T2,WB-WDI-2024
Lebanon,2015,population,6472469,persons,T2,WB-WDI-2024
Lebanon,2016,population,6323060,persons,T2,WB-WDI-2024
Lebanon,2017,population,6160128,persons,T2,WB-WDI-2024
Lebanon,2018,population,5984119,persons,T2,WB-WDI-2024
Lebanon,2019,population,5794594,persons,T2,WB-WDI-2024
Lebanon,2020,population,5702398,persons,T2,WB-WDI-2024
Lebanon,2021,population,5718122,persons,T2,WB-WDI-2024
Lebanon,2022,population,5744489,persons,T2,WB-WDI-2024
Lebanon,2023,population,5773493,persons,T2,WB-WDI-2024
Lebanon,2024,population,5805962,persons,T2,WB-WDI-2024
Lebanon,1989,trade_pct_gdp,109.925,percent,T2,WB-WDI-2024
Lebanon,1990,trade_pct_gdp,117.906,percent,T2,WB-WDI-2024
Lebanon,1991,trade_pct_gdp,92.455,percent,T2,WB-WDI-2024
Lebanon,1992,trade_pct_gdp,82.844,percent,T2,WB-WDI-2024
Lebanon,1993,trade_pct_gdp,76.351,percent,T2,WB-WDI-2024
Lebanon,1994,trade_pct_gdp,70.272,percent,T2,WB-WDI-2024
Lebanon,1995,trade_pct_gdp,73.135,percent,T2,WB-WDI-2024
Lebanon,1996,trade_pct_gdp,68.097,percent,T2,WB-WDI-2024
Lebanon,1997,trade_pct_gdp,62.087,percent,T2,WB-WDI-2024
Lebanon,1998,trade_pct_gdp,54.717,percent,T2,WB-WDI-2024
Lebanon,1999,trade_pct_gdp,50.814,percent,T2,WB-WDI-2024
Lebanon,2000,trade_pct_gdp,50.115,percent,T2,WB-WDI-2024
Lebanon,2001,trade_pct_gdp,55.557,percent,T2,WB-WDI-2024
Lebanon,2002,trade_pct_gdp,51.043,percent,T2,WB-WDI-2024
Lebanon,2003,trade_pct_gdp,54.091,percent,T2,WB-WDI-2024
Lebanon,2004,trade_pct_gdp,90.973,percent,T2,WB-WDI-2024
Lebanon,2005,trade_pct_gdp,92.763,percent,T2,WB-WDI-2024
Lebanon,2006,trade_pct_gdp,91.069,percent,T2,WB-WDI-2024
Lebanon,2007,trade_pct_gdp,97.968,percent,T2,WB-WDI-2024
Lebanon,2008,trade_pct_gdp,106.626,percent,T2,WB-WDI-2024
Lebanon,2009,trade_pct_gdp,90.398,percent,T2,WB-WDI-2024
Lebanon,2010,trade_pct_gdp,95.097,percent,T2,WB-WDI-2024
Lebanon,2011,trade_pct_gdp,102.140,percent,T2,WB-WDI-2024
Lebanon,2012,trade_pct_gdp,88.546,percent,T2,WB-WDI-2024
Lebanon,2013,trade_pct_gdp,86.174,percent,T2,WB-WDI-2024
Lebanon,2014,trade_pct_gdp,79.817,percent,T2,WB-WDI-2024
Lebanon,2015,trade_pct_gdp,71.839,percent,T2,WB-WDI-2024
Lebanon,2016,trade_pct_gdp,67.724,percent,T2,WB-WDI-2024
Lebanon,2017,trade_pct_gdp,68.455,percent,T2,WB-WDI-2024
Lebanon,2018,trade_pct_gdp,68.257,percent,T2,WB-WDI-2024
Lebanon,2019,trade_pct_gdp,62.981,percent,T2,WB-WDI-2024
Lebanon,2020,trade_pct_gdp,50.130,percent,T2,WB-WDI-2024
Lebanon,2021,trade_pct_gdp,78.829,percent,T2,WB-WDI-2024
Lebanon,2022,trade_pct_gdp,114.888,percent,T2,WB-WDI-2024
Lebanon,2023,trade_pct_gdp,104.206,percent,T2,WB-WDI-2024
Lebanon,1991,unemployment_rate,8.594,percent,T2,WB-WDI-2024
Lebanon,1992,unemployment_rate,8.225,percent,T2,WB-WDI-2024
Lebanon,1993,unemployment_rate,8.226,percent,T2,WB-WDI-2024
Lebanon,1994,unemployment_rate,8.321,percent,T2,WB-WDI-2024
Lebanon,1995,unemployment_rate,8.421,percent,T2,WB-WDI-2024
Lebanon,1996,unemployment_rate,8.413,percent,T2,WB-WDI-2024
Lebanon,1997,unemployment_rate,8.620,percent,T2,WB-WDI-2024
Lebanon,1998,unemployment_rate,8.571,percent,T2,WB-WDI-2024
Lebanon,1999,unemployment_rate,8.787,percent,T2,WB-WDI-2024
Lebanon,2000,unemployment_rate,8.641,percent,T2,WB-WDI-2024
Lebanon,2001,unemployment_rate,8.499,percent,T2,WB-WDI-2024
Lebanon,2002,unemployment_rate,8.248,percent,T2,WB-WDI-2024
Lebanon,2003,unemployment_rate,8.061,percent,T2,WB-WDI-2024
Lebanon,2004,unemployment_rate,7.850,percent,T2,WB-WDI-2024
Lebanon,2005,unemployment_rate,8.249,percent,T2,WB-WDI-2024
Lebanon,2006,unemployment_rate,8.679,percent,T2,WB-WDI-2024
Lebanon,2007,unemployment_rate,8.980,percent,T2,WB-WDI-2024
Lebanon,2008,unemployment_rate,7.666,percent,T2,WB-WDI-2024
Lebanon,2009,unemployment_rate,6.355,percent,T2,WB-WDI-2024
Lebanon,2010,unemployment_rate,6.768,percent,T2,WB-WDI-2024
Lebanon,2011,unemployment_rate,7.352,percent,T2,WB-WDI-2024
Lebanon,2012,unemployment_rate,7.952,percent,T2,WB-WDI-2024
Lebanon,2013,unemployment_rate,8.477,percent,T2,WB-WDI-2024
Lebanon,2014,unemployment_rate,8.840,percent,T2,WB-WDI-2024
Lebanon,2015,unemployment_rate,9.312,percent,T2,WB-WDI-2024
Lebanon,2016,unemployment_rate,9.794,percent,T2,WB-WDI-2024
Lebanon,2017,unemployment_rate,10.258,percent,T2,WB-WDI-2024
Lebanon,2018,unemployment_rate,10.755,percent,T2,WB-WDI-2024
Lebanon,2019,unemployment_rate,11.301,percent,T2,WB-WDI-2024
Lebanon,2020,unemployment_rate,13.252,percent,T2,WB-WDI-2024
Lebanon,2021,unemployment_rate,12.715,percent,T2,WB-WDI-2024
Lebanon,2022,unemployment_rate,11.105,percent,T2,WB-WDI-2024
Lebanon,2023,unemployment_rate,10.985,percent,T2,WB-WDI-2024
Oman,2000,gas_exports,6,billion_cubic_meters_per_year,T2,EI-2024
Oman,2001,gas_exports,8,billion_cubic_meters_per_year,T2,EI-2024
Oman,2002,gas_exports,9,billion_cubic_meters_per_year,T2,EI-2024
Oman,2003,gas_exports,9,billion_cubic_meters_per_year,T2,EI-2024
Oman,2004,gas_exports,10,billion_cubic_meters_per_year,T2,EI-2024
Oman,2005,gas_exports,12,billion_cubic_meters_per_year,T2,EI-2024
Oman,2006,gas_exports,12,billion_cubic_meters_per_year,T2,EI-2024
Oman,2007,gas_exports,13,billion_cubic_meters_per_year,T2,EI-2024
Oman,2008,gas_exports,13,billion_cubic_meters_per_year,T2,EI-2024
Oman,2009,gas_exports,13,billion_cubic_meters_per_year,T2,EI-2024
Oman,2010,gas_exports,12,billion_cubic_meters_per_year,T2,EI-2024
Oman,2011,gas_exports,11,billion_cubic_meters_per_year,T2,EI-2024
Oman,2012,gas_exports,11,billion_cubic_meters_per_year,T2,EI-2024
Oman,2013,gas_exports,11,billion_cubic_meters_per_year,T2,EI-2024
Oman,2014,gas_exports,11,billion_cubic_meters_per_year,T2,EI-2024
Oman,2015,gas_exports,11,billion_cubic_meters_per_year,T2,EI-2024
Oman,2016,gas_exports,11,billion_cubic_meters_per_year,T2,EI-2024
Oman,2017,gas_exports,11,billion_cubic_meters_per_year,T2,EI-2024
Oman,2018,gas_exports,14,billion_cubic_meters_per_year,T2,EI-2024
Oman,2019,gas_exports,15,billion_cubic_meters_per_year,T2,EI-2024
Oman,2020,gas_exports,14,billion_cubic_meters_per_year,T2,EI-2024
Oman,2021,gas_exports,14,billion_cubic_meters_per_year,T2,EI-2024
Oman,2022,gas_exports,15,billion_cubic_meters_per_year,T2,EI-2024
Oman,2023,gas_exports,15,billion_cubic_meters_per_year,T2,EI-2024
Oman,2024,gas_exports,16,billion_cubic_meters_per_year,T2,EI-2024
Oman,2025,gas_exports,16,billion_cubic_meters_per_year,T2,EI-2024
Oman,1979,gas_production,1,billion_cubic_meters_per_year,T1,EI-2024
Oman,1980,gas_production,1,billion_cubic_meters_per_year,T1,EI-2024
Oman,1981,gas_production,1,billion_cubic_meters_per_year,T1,EI-2024
Oman,1982,gas_production,1,billion_cubic_meters_per_year,T1,EI-2024
Oman,1983,gas_production,1,billion_cubic_meters_per_year,T1,EI-2024
Oman,1984,gas_production,2,billion_cubic_meters_per_year,T1,EI-2024
Oman,1985,gas_production,2,billion_cubic_meters_per_year,T1,EI-2024
Oman,1986,gas_production,2,billion_cubic_meters_per_year,T1,EI-2024
Oman,1987,gas_production,2,billion_cubic_meters_per_year,T1,EI-2024
Oman,1988,gas_production,2,billion_cubic_meters_per_year,T1,EI-2024
Oman,1989,gas_production,3,billion_cubic_meters_per_year,T1,EI-2024
Oman,1990,gas_production,3,billion_cubic_meters_per_year,T1,EI-2024
Oman,1991,gas_production,3,billion_cubic_meters_per_year,T1,EI-2024
Oman,1992,gas_production,3,billion_cubic_meters_per_year,T1,EI-2024
Oman,1993,gas_production,4,billion_cubic_meters_per_year,T1,EI-2024
Oman,1994,gas_production,4,billion_cubic_meters_per_year,T1,EI-2024
Oman,1995,gas_production,4,billion_cubic_meters_per_year,T1,EI-2024
Oman,1996,gas_production,5,billion_cubic_meters_per_year,T1,EI-2024
Oman,1997,gas_production,5,billion_cubic_meters_per_year,T1,EI-2024
Oman,1998,gas_production,6,billion_cubic_meters_per_year,T1,EI-2024
Oman,1999,gas_production,6,billion_cubic_meters_per_year,T1,EI-2024
Oman,2000,gas_production,9,billion_cubic_meters_per_year,T1,EI-2024
Oman,2001,gas_production,14,billion_cubic_meters_per_year,T1,EI-2024
Oman,2002,gas_production,16,billion_cubic_meters_per_year,T1,EI-2024
Oman,2003,gas_production,18,billion_cubic_meters_per_year,T1,EI-2024
Oman,2004,gas_production,21,billion_cubic_meters_per_year,T1,EI-2024
Oman,2005,gas_production,23,billion_cubic_meters_per_year,T1,EI-2024
Oman,2006,gas_production,26,billion_cubic_meters_per_year,T1,EI-2024
Oman,2007,gas_production,27,billion_cubic_meters_per_year,T1,EI-2024
Oman,2008,gas_production,27,billion_cubic_meters_per_year,T1,EI-2024
Oman,2009,gas_production,28,billion_cubic_meters_per_year,T1,EI-2024
Oman,2010,gas_production,28,billion_cubic_meters_per_year,T1,EI-2024
Oman,2011,gas_production,30,billion_cubic_meters_per_year,T1,EI-2024
Oman,2012,gas_production,32,billion_cubic_meters_per_year,T1,EI-2024
Oman,2013,gas_production,32,billion_cubic_meters_per_year,T1,EI-2024
Oman,2014,gas_production,33,billion_cubic_meters_per_year,T1,EI-2024
Oman,2015,gas_production,36,billion_cubic_meters_per_year,T1,EI-2024
Oman,2016,gas_production,36,billion_cubic_meters_per_year,T1,EI-2024
Oman,2017,gas_production,36,billion_cubic_meters_per_year,T1,EI-2024
Oman,2018,gas_production,37,billion_cubic_meters_per_year,T1,EI-2024
Oman,2019,gas_production,38,billion_cubic_meters_per_year,T1,EI-2024
Oman,2020,gas_production,38,billion_cubic_meters_per_year,T1,EI-2024
Oman,2021,gas_production,39,billion_cubic_meters_per_year,T1,EI-2024
Oman,2022,gas_production,41,billion_cubic_meters_per_year,T1,EI-2024
Oman,2023,gas_production,41,billion_cubic_meters_per_year,T1,EI-2024
Oman,2024,gas_production,41,billion_cubic_meters_per_year,T1,EI-2024
Oman,2025,gas_production,41,billion_cubic_meters_per_year,T1,EI-2024
Oman,1979,gdp_nominal_usd,3733352634.63,USD_current,T2,WB-WDI-2024
Oman,1980,gdp_nominal_usd,5981760277.94,USD_current,T2,WB-WDI-2024
Oman,1981,gdp_nominal_usd,7259120150.55,USD_current,T2,WB-WDI-2024
Oman,1982,gdp_nominal_usd,7554719455.70,USD_current,T2,WB-WDI-2024
Oman,1983,gdp_nominal_usd,7932541690.79,USD_current,T2,WB-WDI-2024
Oman,1984,gdp_nominal_usd,8821443150.92,USD_current,T2,WB-WDI-2024
Oman,1985,gdp_nominal_usd,10005645420.46,USD_current,T2,WB-WDI-2024
Oman,1986,gdp_nominal_usd,7324167369.14,USD_current,T2,WB-WDI-2024
Oman,1987,gdp_nominal_usd,7811183094.93,USD_current,T2,WB-WDI-2024
Oman,1988,gdp_nominal_usd,8386215864.76,USD_current,T2,WB-WDI-2024
Oman,1989,gdp_nominal_usd,9372171651.50,USD_current,T2,WB-WDI-2024
Oman,1990,gdp_nominal_usd,13310273081.92,USD_current,T2,WB-WDI-2024
Oman,1991,gdp_nominal_usd,12918335500.65,USD_current,T2,WB-WDI-2024
Oman,1992,gdp_nominal_usd,14183615084.53,USD_current,T2,WB-WDI-2024
Oman,1993,gdp_nominal_usd,14230429128.74,USD_current,T2,WB-WDI-2024
Oman,1994,gdp_nominal_usd,14715214564.37,USD_current,T2,WB-WDI-2024
Oman,1995,gdp_nominal_usd,15722236671.00,USD_current,T2,WB-WDI-2024
Oman,1996,gdp_nominal_usd,17402080624.19,USD_current,T2,WB-WDI-2024
Oman,1997,gdp_nominal_usd,18039791937.58,USD_current,T2,WB-WDI-2024
Oman,1998,gdp_nominal_usd,16044213263.98,USD_current,T2,WB-WDI-2024
Oman,1999,gdp_nominal_usd,17832769830.95,USD_current,T2,WB-WDI-2024
Oman,2000,gdp_nominal_usd,22259557867.36,USD_current,T2,WB-WDI-2024
Oman,2001,gdp_nominal_usd,22205721716.51,USD_current,T2,WB-WDI-2024
Oman,2002,gdp_nominal_usd,23065539661.90,USD_current,T2,WB-WDI-2024
Oman,2003,gdp_nominal_usd,24733680104.03,USD_current,T2,WB-WDI-2024
Oman,2004,gdp_nominal_usd,28378933680.10,USD_current,T2,WB-WDI-2024
Oman,2005,gdp_nominal_usd,35506892067.62,USD_current,T2,WB-WDI-2024
Oman,2006,gdp_nominal_usd,42577633289.99,USD_current,T2,WB-WDI-2024
Oman,2007,gdp_nominal_usd,48300390117.04,USD_current,T2,WB-WDI-2024
Oman,2008,gdp_nominal_usd,69804681404.42,USD_current,T2,WB-WDI-2024
Oman,2009,gdp_nominal_usd,55454096228.87,USD_current,T2,WB-WDI-2024
Oman,2010,gdp_nominal_usd,64993498049.41,USD_current,T2,WB-WDI-2024
Oman,2011,gdp_nominal_usd,77497529258.78,USD_current,T2,WB-WDI-2024
Oman,2012,gdp_nominal_usd,87408842652.80,USD_current,T2,WB-WDI-2024
Oman,2013,gdp_nominal_usd,89936020806.24,USD_current,T2,WB-WDI-2024
Oman,2014,gdp_nominal_usd,92699089726.92,USD_current,T2,WB-WDI-2024
Oman,2015,gdp_nominal_usd,78710793237.97,USD_current,T2,WB-WDI-2024
Oman,2016,gdp_nominal_usd,75128738621.59,USD_current,T2,WB-WDI-2024
Oman,2017,gdp_nominal_usd,80856697009.10,USD_current,T2,WB-WDI-2024
Oman,2018,gdp_nominal_usd,91505851755.53,USD_current,T2,WB-WDI-2024
Oman,2019,gdp_nominal_usd,88060858257.48,USD_current,T2,WB-WDI-2024
Oman,2020,gdp_nominal_usd,75909492847.85,USD_current,T2,WB-WDI-2024
Oman,2021,gdp_nominal_usd,87323797139.14,USD_current,T2,WB-WDI-2024
Oman,2022,gdp_nominal_usd,109852795838.75,USD_current,T2,WB-WDI-2024
Oman,2023,gdp_nominal_usd,106174708036.51,USD_current,T2,WB-WDI-2024
Oman,2024,gdp_nominal_usd,107137198769.39,USD_current,T2,WB-WDI-2024
Oman,1990,gdp_per_capita_ppp,26904.00,USD_PPP_current_intl,T2,WB-WDI-2024
Oman,1991,gdp_per_capita_ppp,28108.66,USD_PPP_current_intl,T2,WB-WDI-2024
Oman,1992,gdp_per_capita_ppp,29772.90,USD_PPP_current_intl,T2,WB-WDI-2024
Oman,1993,gdp_per_capita_ppp,30986.53,USD_PPP_current_intl,T2,WB-WDI-2024
Oman,1994,gdp_per_capita_ppp,31924.78,USD_PPP_current_intl,T2,WB-WDI-2024
Oman,1995,gdp_per_capita_ppp,33598.33,USD_PPP_current_intl,T2,WB-WDI-2024
Oman,1996,gdp_per_capita_ppp,34660.62,USD_PPP_current_intl,T2,WB-WDI-2024
Oman,1997,gdp_per_capita_ppp,36808.93,USD_PPP_current_intl,T2,WB-WDI-2024
Oman,1998,gdp_per_capita_ppp,36665.64,USD_PPP_current_intl,T2,WB-WDI-2024
Oman,1999,gdp_per_capita_ppp,36791.58,USD_PPP_current_intl,T2,WB-WDI-2024
Oman,2000,gdp_per_capita_ppp,39443.26,USD_PPP_current_intl,T2,WB-WDI-2024
Oman,2001,gdp_per_capita_ppp,41679.02,USD_PPP_current_intl,T2,WB-WDI-2024
Oman,2002,gdp_per_capita_ppp,41511.03,USD_PPP_current_intl,T2,WB-WDI-2024
Oman,2003,gdp_per_capita_ppp,40934.70,USD_PPP_current_intl,T2,WB-WDI-2024
Oman,2004,gdp_per_capita_ppp,42141.64,USD_PPP_current_intl,T2,WB-WDI-2024
Oman,2005,gdp_per_capita_ppp,43672.52,USD_PPP_current_intl,T2,WB-WDI-2024
Oman,2006,gdp_per_capita_ppp,46091.18,USD_PPP_current_intl,T2,WB-WDI-2024
Oman,2007,gdp_per_capita_ppp,48626.92,USD_PPP_current_intl,T2,WB-WDI-2024
Oman,2008,gdp_per_capita_ppp,52841.19,USD_PPP_current_intl,T2,WB-WDI-2024
Oman,2009,gdp_per_capita_ppp,55127.47,USD_PPP_current_intl,T2,WB-WDI-2024
Oman,2010,gdp_per_capita_ppp,55667.47,USD_PPP_current_intl,T2,WB-WDI-2024
Oman,2011,gdp_per_capita_ppp,52393.31,USD_PPP_current_intl,T2,WB-WDI-2024
Oman,2012,gdp_per_capita_ppp,49989.44,USD_PPP_current_intl,T2,WB-WDI-2024
Oman,2013,gdp_per_capita_ppp,47013.47,USD_PPP_current_intl,T2,WB-WDI-2024
Oman,2014,gdp_per_capita_ppp,44235.83,USD_PPP_current_intl,T2,WB-WDI-2024
Oman,2015,gdp_per_capita_ppp,36058.17,USD_PPP_current_intl,T2,WB-WDI-2024
Oman,2016,gdp_per_capita_ppp,33333.86,USD_PPP_current_intl,T2,WB-WDI-2024
Oman,2017,gdp_per_capita_ppp,33619.50,USD_PPP_current_intl,T2,WB-WDI-2024
Oman,2018,gdp_per_capita_ppp,37780.33,USD_PPP_current_intl,T2,WB-WDI-2024
Oman,2019,gdp_per_capita_ppp,37250.61,USD_PPP_current_intl,T2,WB-WDI-2024
Oman,2020,gdp_per_capita_ppp,35163.33,USD_PPP_current_intl,T2,WB-WDI-2024
Oman,2021,gdp_per_capita_ppp,38719.46,USD_PPP_current_intl,T2,WB-WDI-2024
Oman,2022,gdp_per_capita_ppp,42616.33,USD_PPP_current_intl,T2,WB-WDI-2024
Oman,2023,gdp_per_capita_ppp,41945.03,USD_PPP_current_intl,T2,WB-WDI-2024
Oman,2024,gdp_per_capita_ppp,41740.17,USD_PPP_current_intl,T2,WB-WDI-2024
Oman,1979,gdp_per_capita_usd,3933.51,USD_current,T2,WB-WDI-2024
Oman,1980,gdp_per_capita_usd,5974.30,USD_current,T2,WB-WDI-2024
Oman,1981,gdp_per_capita_usd,6865.58,USD_current,T2,WB-WDI-2024
Oman,1982,gdp_per_capita_usd,6759.30,USD_current,T2,WB-WDI-2024
Oman,1983,gdp_per_capita_usd,6714.19,USD_current,T2,WB-WDI-2024
Oman,1984,gdp_per_capita_usd,7070.07,USD_current,T2,WB-WDI-2024
Oman,1985,gdp_per_capita_usd,7548.70,USD_current,T2,WB-WDI-2024
Oman,1986,gdp_per_capita_usd,5181.88,USD_current,T2,WB-WDI-2024
Oman,1987,gdp_per_capita_usd,5204.00,USD_current,T2,WB-WDI-2024
Oman,1988,gdp_per_capita_usd,5279.10,USD_current,T2,WB-WDI-2024
Oman,1989,gdp_per_capita_usd,5591.23,USD_current,T2,WB-WDI-2024
Oman,1990,gdp_per_capita_usd,7545.70,USD_current,T2,WB-WDI-2024
Oman,1991,gdp_per_capita_usd,6977.33,USD_current,T2,WB-WDI-2024
Oman,1992,gdp_per_capita_usd,7317.79,USD_current,T2,WB-WDI-2024
Oman,1993,gdp_per_capita_usd,7038.93,USD_current,T2,WB-WDI-2024
Oman,1994,gdp_per_capita_usd,7068.39,USD_current,T2,WB-WDI-2024
Oman,1995,gdp_per_capita_usd,7414.30,USD_current,T2,WB-WDI-2024
Oman,1996,gdp_per_capita_usd,8068.00,USD_current,T2,WB-WDI-2024
Oman,1997,gdp_per_capita_usd,8234.64,USD_current,T2,WB-WDI-2024
Oman,1998,gdp_per_capita_usd,7219.03,USD_current,T2,WB-WDI-2024
Oman,1999,gdp_per_capita_usd,7915.44,USD_current,T2,WB-WDI-2024
Oman,2000,gdp_per_capita_usd,9753.85,USD_current,T2,WB-WDI-2024
Oman,2001,gdp_per_capita_usd,9611.96,USD_current,T2,WB-WDI-2024
Oman,2002,gdp_per_capita_usd,9869.13,USD_current,T2,WB-WDI-2024
Oman,2003,gdp_per_capita_usd,10463.54,USD_current,T2,WB-WDI-2024
Oman,2004,gdp_per_capita_usd,11800.85,USD_current,T2,WB-WDI-2024
Oman,2005,gdp_per_capita_usd,14434.86,USD_current,T2,WB-WDI-2024
Oman,2006,gdp_per_capita_usd,16930.86,USD_current,T2,WB-WDI-2024
Oman,2007,gdp_per_capita_usd,18792.65,USD_current,T2,WB-WDI-2024
Oman,2008,gdp_per_capita_usd,26576.78,USD_current,T2,WB-WDI-2024
Oman,2009,gdp_per_capita_usd,20655.92,USD_current,T2,WB-WDI-2024
Oman,2010,gdp_per_capita_usd,23570.18,USD_current,T2,WB-WDI-2024
Oman,2011,gdp_per_capita_usd,25188.01,USD_current,T2,WB-WDI-2024
Oman,2012,gdp_per_capita_usd,24642.30,USD_current,T2,WB-WDI-2024
Oman,2013,gdp_per_capita_usd,23458.02,USD_current,T2,WB-WDI-2024
Oman,2014,gdp_per_capita_usd,23160.65,USD_current,T2,WB-WDI-2024
Oman,2015,gdp_per_capita_usd,18808.31,USD_current,T2,WB-WDI-2024
Oman,2016,gdp_per_capita_usd,17110.19,USD_current,T2,WB-WDI-2024
Oman,2017,gdp_per_capita_usd,17820.07,USD_current,T2,WB-WDI-2024
Oman,2018,gdp_per_capita_usd,19901.76,USD_current,T2,WB-WDI-2024
Oman,2019,gdp_per_capita_usd,19180.19,USD_current,T2,WB-WDI-2024
Oman,2020,gdp_per_capita_usd,16784.86,USD_current,T2,WB-WDI-2024
Oman,2021,gdp_per_capita_usd,19403.46,USD_current,T2,WB-WDI-2024
Oman,2022,gdp_per_capita_usd,23223.58,USD_current,T2,WB-WDI-2024
Oman,2023,gdp_per_capita_usd,21027.74,USD_current,T2,WB-WDI-2024
Oman,2024,gdp_per_capita_usd,20285.23,USD_current,T2,WB-WDI-2024
Oman,1979,military_spending_pct_gdp,15.641,percent,T2,SIPRI-MILEX-2024
Oman,1980,military_spending_pct_gdp,14.910,percent,T2,SIPRI-MILEX-2024
Oman,1981,military_spending_pct_gdp,15.713,percent,T2,SIPRI-MILEX-2024
Oman,1982,military_spending_pct_gdp,16.666,percent,T2,SIPRI-MILEX-2024
Oman,1983,military_spending_pct_gdp,17.159,percent,T2,SIPRI-MILEX-2024
Oman,1984,military_spending_pct_gdp,16.893,percent,T2,SIPRI-MILEX-2024
Oman,1985,military_spending_pct_gdp,15.561,percent,T2,SIPRI-MILEX-2024
Oman,1986,military_spending_pct_gdp,15.867,percent,T2,SIPRI-MILEX-2024
Oman,1987,military_spending_pct_gdp,13.202,percent,T2,SIPRI-MILEX-2024
Oman,1988,military_spending_pct_gdp,13.700,percent,T2,SIPRI-MILEX-2024
Oman,1989,military_spending_pct_gdp,12.500,percent,T2,SIPRI-MILEX-2024
Oman,1990,military_spending_pct_gdp,12.391,percent,T2,SIPRI-MILEX-2024
Oman,1991,military_spending_pct_gdp,11.064,percent,T2,SIPRI-MILEX-2024
Oman,1992,military_spending_pct_gdp,12.184,percent,T2,SIPRI-MILEX-2024
Oman,1993,military_spending_pct_gdp,11.526,percent,T2,SIPRI-MILEX-2024
Oman,1994,military_spending_pct_gdp,11.766,percent,T2,SIPRI-MILEX-2024
Oman,1995,military_spending_pct_gdp,10.968,percent,T2,SIPRI-MILEX-2024
Oman,1996,military_spending_pct_gdp,9.407,percent,T2,SIPRI-MILEX-2024
Oman,1997,military_spending_pct_gdp,9.358,percent,T2,SIPRI-MILEX-2024
Oman,1998,military_spending_pct_gdp,8.216,percent,T2,SIPRI-MILEX-2024
Oman,1999,military_spending_pct_gdp,7.517,percent,T2,SIPRI-MILEX-2024
Oman,2000,military_spending_pct_gdp,7.086,percent,T2,SIPRI-MILEX-2024
Oman,2001,military_spending_pct_gdp,8.196,percent,T2,SIPRI-MILEX-2024
Oman,2002,military_spending_pct_gdp,8.101,percent,T2,SIPRI-MILEX-2024
Oman,2003,military_spending_pct_gdp,7.962,percent,T2,SIPRI-MILEX-2024
Oman,2004,military_spending_pct_gdp,7.860,percent,T2,SIPRI-MILEX-2024
Oman,2005,military_spending_pct_gdp,7.714,percent,T2,SIPRI-MILEX-2024
Oman,2006,military_spending_pct_gdp,7.099,percent,T2,SIPRI-MILEX-2024
Oman,2007,military_spending_pct_gdp,6.718,percent,T2,SIPRI-MILEX-2024
Oman,2008,military_spending_pct_gdp,4.960,percent,T2,SIPRI-MILEX-2024
Oman,2009,military_spending_pct_gdp,6.073,percent,T2,SIPRI-MILEX-2024
Oman,2010,military_spending_pct_gdp,5.649,percent,T2,SIPRI-MILEX-2024
Oman,2011,military_spending_pct_gdp,6.453,percent,T2,SIPRI-MILEX-2024
Oman,2012,military_spending_pct_gdp,10.583,percent,T2,SIPRI-MILEX-2024
Oman,2013,military_spending_pct_gdp,9.747,percent,T2,SIPRI-MILEX-2024
Oman,2014,military_spending_pct_gdp,8.860,percent,T2,SIPRI-MILEX-2024
Oman,2015,military_spending_pct_gdp,9.571,percent,T2,SIPRI-MILEX-2024
Oman,2016,military_spending_pct_gdp,10.563,percent,T2,SIPRI-MILEX-2024
Oman,2017,military_spending_pct_gdp,8.413,percent,T2,SIPRI-MILEX-2024
Oman,2018,military_spending_pct_gdp,8.268,percent,T2,SIPRI-MILEX-2024
Oman,2019,military_spending_pct_gdp,7.439,percent,T2,SIPRI-MILEX-2024
Oman,2020,military_spending_pct_gdp,8.030,percent,T2,SIPRI-MILEX-2024
Oman,2021,military_spending_pct_gdp,6.623,percent,T2,SIPRI-MILEX-2024
Oman,2022,military_spending_pct_gdp,5.265,percent,T2,SIPRI-MILEX-2024
Oman,2023,military_spending_pct_gdp,5.511,percent,T2,SIPRI-MILEX-2024
Oman,2024,military_spending_pct_gdp,5.589,percent,T2,SIPRI-MILEX-2024
Oman,2025,military_spending_pct_gdp,5.682,percent,T2,SIPRI-MILEX-2024
Oman,1979,military_spending_usd,584105385.06,USD_current,T2,SIPRI-MILEX-2024
Oman,1980,military_spending_usd,883757961.78,USD_current,T2,SIPRI-MILEX-2024
Oman,1981,military_spending_usd,1133468442.39,USD_current,T2,SIPRI-MILEX-2024
Oman,1982,military_spending_usd,1261580775.91,USD_current,T2,SIPRI-MILEX-2024
Oman,1983,military_spending_usd,1457006369.43,USD_current,T2,SIPRI-MILEX-2024
Oman,1984,military_spending_usd,1580789642.06,USD_current,T2,SIPRI-MILEX-2024
Oman,1985,military_spending_usd,1617713053.17,USD_current,T2,SIPRI-MILEX-2024
Oman,1986,military_spending_usd,1305689796.90,USD_current,T2,SIPRI-MILEX-2024
Oman,1987,military_spending_usd,1139141742.52,USD_current,T2,SIPRI-MILEX-2024
Oman,1988,military_spending_usd,1148894668.40,USD_current,T2,SIPRI-MILEX-2024
Oman,1989,military_spending_usd,1171521456.44,USD_current,T2,SIPRI-MILEX-2024
Oman,1990,military_spending_usd,1447919375.81,USD_current,T2,SIPRI-MILEX-2024
Oman,1991,military_spending_usd,1254811443.43,USD_current,T2,SIPRI-MILEX-2024
Oman,1992,military_spending_usd,1517165149.54,USD_current,T2,SIPRI-MILEX-2024
Oman,1993,military_spending_usd,1439921976.59,USD_current,T2,SIPRI-MILEX-2024
Oman,1994,military_spending_usd,1520091027.31,USD_current,T2,SIPRI-MILEX-2024
Oman,1995,military_spending_usd,1513849154.75,USD_current,T2,SIPRI-MILEX-2024
Oman,1996,military_spending_usd,1437191157.35,USD_current,T2,SIPRI-MILEX-2024
Oman,1997,military_spending_usd,1482054616.38,USD_current,T2,SIPRI-MILEX-2024
Oman,1998,military_spending_usd,1318205461.64,USD_current,T2,SIPRI-MILEX-2024
Oman,1999,military_spending_usd,1340442132.64,USD_current,T2,SIPRI-MILEX-2024
Oman,2000,military_spending_usd,1577243172.95,USD_current,T2,SIPRI-MILEX-2024
Oman,2001,military_spending_usd,1819895968.79,USD_current,T2,SIPRI-MILEX-2024
Oman,2002,military_spending_usd,1868465539.66,USD_current,T2,SIPRI-MILEX-2024
Oman,2003,military_spending_usd,1969310793.24,USD_current,T2,SIPRI-MILEX-2024
Oman,2004,military_spending_usd,2230689206.76,USD_current,T2,SIPRI-MILEX-2024
Oman,2005,military_spending_usd,2739011703.51,USD_current,T2,SIPRI-MILEX-2024
Oman,2006,military_spending_usd,3022626788.04,USD_current,T2,SIPRI-MILEX-2024
Oman,2007,military_spending_usd,3244603381.01,USD_current,T2,SIPRI-MILEX-2024
Oman,2008,military_spending_usd,3462483745.12,USD_current,T2,SIPRI-MILEX-2024
Oman,2009,military_spending_usd,3367490247.07,USD_current,T2,SIPRI-MILEX-2024
Oman,2010,military_spending_usd,3671391417.43,USD_current,T2,SIPRI-MILEX-2024
Oman,2011,military_spending_usd,5000715214.56,USD_current,T2,SIPRI-MILEX-2024
Oman,2012,military_spending_usd,9250650195.06,USD_current,T2,SIPRI-MILEX-2024
Oman,2013,military_spending_usd,8766319895.97,USD_current,T2,SIPRI-MILEX-2024
Oman,2014,military_spending_usd,8213524057.22,USD_current,T2,SIPRI-MILEX-2024
Oman,2015,military_spending_usd,7533550065.02,USD_current,T2,SIPRI-MILEX-2024
Oman,2016,military_spending_usd,7935955786.74,USD_current,T2,SIPRI-MILEX-2024
Oman,2017,military_spending_usd,6802665799.74,USD_current,T2,SIPRI-MILEX-2024
Oman,2018,military_spending_usd,7565344603.38,USD_current,T2,SIPRI-MILEX-2024
Oman,2019,military_spending_usd,6551040312.09,USD_current,T2,SIPRI-MILEX-2024
Oman,2020,military_spending_usd,6095708712.61,USD_current,T2,SIPRI-MILEX-2024
Oman,2021,military_spending_usd,5783615084.53,USD_current,T2,SIPRI-MILEX-2024
Oman,2022,military_spending_usd,5783485045.51,USD_current,T2,SIPRI-MILEX-2024
Oman,2023,military_spending_usd,5851755526.66,USD_current,T2,SIPRI-MILEX-2024
Oman,2024,military_spending_usd,5988296488.95,USD_current,T2,SIPRI-MILEX-2024
Oman,2025,military_spending_usd,5988296488.95,USD_current,T2,SIPRI-MILEX-2024
Oman,1979,oil_exports,73.0,million_barrels_per_year,T2,EI-2024
Oman,1980,oil_exports,65.9,million_barrels_per_year,T2,EI-2024
Oman,1981,oil_exports,84.0,million_barrels_per_year,T2,EI-2024
Oman,1982,oil_exports,87.6,million_barrels_per_year,T2,EI-2024
Oman,1983,oil_exports,105.9,million_barrels_per_year,T2,EI-2024
Oman,1984,oil_exports,120.8,million_barrels_per_year,T2,EI-2024
Oman,1985,oil_exports,146.0,million_barrels_per_year,T2,EI-2024
Oman,1986,oil_exports,167.9,million_barrels_per_year,T2,EI-2024
Oman,1987,oil_exports,175.2,million_barrels_per_year,T2,EI-2024
Oman,1988,oil_exports,190.3,million_barrels_per_year,T2,EI-2024
Oman,1989,oil_exports,197.1,million_barrels_per_year,T2,EI-2024
Oman,1990,oil_exports,215.3,million_barrels_per_year,T2,EI-2024
Oman,1991,oil_exports,222.7,million_barrels_per_year,T2,EI-2024
Oman,1992,oil_exports,230.6,million_barrels_per_year,T2,EI-2024
Oman,1993,oil_exports,248.2,million_barrels_per_year,T2,EI-2024
Oman,1994,oil_exports,259.2,million_barrels_per_year,T2,EI-2024
Oman,1995,oil_exports,273.8,million_barrels_per_year,T2,EI-2024
Oman,1996,oil_exports,289.1,million_barrels_per_year,T2,EI-2024
Oman,1997,oil_exports,295.7,million_barrels_per_year,T2,EI-2024
Oman,1998,oil_exports,295.7,million_barrels_per_year,T2,EI-2024
Oman,1999,oil_exports,295.7,million_barrels_per_year,T2,EI-2024
Oman,2000,oil_exports,314.8,million_barrels_per_year,T2,EI-2024
Oman,2001,oil_exports,313.9,million_barrels_per_year,T2,EI-2024
Oman,2002,oil_exports,292.0,million_barrels_per_year,T2,EI-2024
Oman,2003,oil_exports,262.8,million_barrels_per_year,T2,EI-2024
Oman,2004,oil_exports,252.5,million_barrels_per_year,T2,EI-2024
Oman,2005,oil_exports,248.2,million_barrels_per_year,T2,EI-2024
Oman,2006,oil_exports,237.2,million_barrels_per_year,T2,EI-2024
Oman,2007,oil_exports,222.7,million_barrels_per_year,T2,EI-2024
Oman,2008,oil_exports,241.6,million_barrels_per_year,T2,EI-2024
Oman,2009,oil_exports,259.2,million_barrels_per_year,T2,EI-2024
Oman,2010,oil_exports,277.4,million_barrels_per_year,T2,EI-2024
Oman,2011,oil_exports,288.4,million_barrels_per_year,T2,EI-2024
Oman,2012,oil_exports,300.1,million_barrels_per_year,T2,EI-2024
Oman,2013,oil_exports,310.2,million_barrels_per_year,T2,EI-2024
Oman,2014,oil_exports,306.6,million_barrels_per_year,T2,EI-2024
Oman,2015,oil_exports,321.2,million_barrels_per_year,T2,EI-2024
Oman,2016,oil_exports,329.4,million_barrels_per_year,T2,EI-2024
Oman,2017,oil_exports,317.6,million_barrels_per_year,T2,EI-2024
Oman,2018,oil_exports,321.2,million_barrels_per_year,T2,EI-2024
Oman,2019,oil_exports,317.6,million_barrels_per_year,T2,EI-2024
Oman,2020,oil_exports,311.1,million_barrels_per_year,T2,EI-2024
Oman,2021,oil_exports,317.6,million_barrels_per_year,T2,EI-2024
Oman,2022,oil_exports,350.4,million_barrels_per_year,T2,EI-2024
Oman,2023,oil_exports,346.8,million_barrels_per_year,T2,EI-2024
Oman,2024,oil_exports,329.4,million_barrels_per_year,T2,EIA-IES-2025
Oman,2025,oil_exports,328.5,million_barrels_per_year,T2,EIA-IES-2025
Oman,2026,oil_exports,219.0,million_barrels_per_year,T4,IEA-OMR-2026
Oman,1979,oil_production,109.5,million_barrels_per_year,T1,EI-2024
Oman,1980,oil_production,102.5,million_barrels_per_year,T1,EI-2024
Oman,1981,oil_production,120.5,million_barrels_per_year,T1,EI-2024
Oman,1982,oil_production,124.1,million_barrels_per_year,T1,EI-2024
Oman,1983,oil_production,142.3,million_barrels_per_year,T1,EI-2024
Oman,1984,oil_production,157.4,million_barrels_per_year,T1,EI-2024
Oman,1985,oil_production,182.5,million_barrels_per_year,T1,EI-2024
Oman,1986,oil_production,204.4,million_barrels_per_year,T1,EI-2024
Oman,1987,oil_production,211.7,million_barrels_per_year,T1,EI-2024
Oman,1988,oil_production,226.9,million_barrels_per_year,T1,EI-2024
Oman,1989,oil_production,233.6,million_barrels_per_year,T1,EI-2024
Oman,1990,oil_production,251.8,million_barrels_per_year,T1,EI-2024
Oman,1991,oil_production,259.1,million_barrels_per_year,T1,EI-2024
Oman,1992,oil_production,267.2,million_barrels_per_year,T1,EI-2024
Oman,1993,oil_production,284.7,million_barrels_per_year,T1,EI-2024
Oman,1994,oil_production,295.7,million_barrels_per_year,T1,EI-2024
Oman,1995,oil_production,310.2,million_barrels_per_year,T1,EI-2024
Oman,1996,oil_production,325.7,million_barrels_per_year,T1,EI-2024
Oman,1997,oil_production,332.2,million_barrels_per_year,T1,EI-2024
Oman,1998,oil_production,332.2,million_barrels_per_year,T1,EI-2024
Oman,1999,oil_production,332.2,million_barrels_per_year,T1,EI-2024
Oman,2000,oil_production,351.4,million_barrels_per_year,T1,EI-2024
Oman,2001,oil_production,350.4,million_barrels_per_year,T1,EI-2024
Oman,2002,oil_production,328.5,million_barrels_per_year,T1,EI-2024
Oman,2003,oil_production,299.3,million_barrels_per_year,T1,EI-2024
Oman,2004,oil_production,289.1,million_barrels_per_year,T1,EI-2024
Oman,2005,oil_production,284.7,million_barrels_per_year,T1,EI-2024
Oman,2006,oil_production,273.8,million_barrels_per_year,T1,EI-2024
Oman,2007,oil_production,259.1,million_barrels_per_year,T1,EI-2024
Oman,2008,oil_production,278.2,million_barrels_per_year,T1,EI-2024
Oman,2009,oil_production,295.7,million_barrels_per_year,T1,EI-2024
Oman,2010,oil_production,313.9,million_barrels_per_year,T1,EI-2024
Oman,2011,oil_production,324.9,million_barrels_per_year,T1,EI-2024
Oman,2012,oil_production,336.7,million_barrels_per_year,T1,EI-2024
Oman,2013,oil_production,346.8,million_barrels_per_year,T1,EI-2024
Oman,2014,oil_production,343.1,million_barrels_per_year,T1,EI-2024
Oman,2015,oil_production,357.7,million_barrels_per_year,T1,EI-2024
Oman,2016,oil_production,366.0,million_barrels_per_year,T1,EI-2024
Oman,2017,oil_production,354.1,million_barrels_per_year,T1,EI-2024
Oman,2018,oil_production,357.7,million_barrels_per_year,T1,EI-2024
Oman,2019,oil_production,354.1,million_barrels_per_year,T1,EI-2024
Oman,2020,oil_production,347.7,million_barrels_per_year,T1,EI-2024
Oman,2021,oil_production,354.1,million_barrels_per_year,T1,EI-2024
Oman,2022,oil_production,386.9,million_barrels_per_year,T1,EI-2024
Oman,2023,oil_production,383.2,million_barrels_per_year,T1,EI-2024
Oman,2024,oil_production,366.0,million_barrels_per_year,T2,EIA-IES-2025
Oman,2025,oil_production,365.0,million_barrels_per_year,T2,EIA-IES-2025
Oman,2026,oil_production,255.5,million_barrels_per_year,T4,IEA-OMR-2026
Oman,1979,oil_rents_pct_gdp,79.281,percent,T2,WB-WDI-2024
Oman,1980,oil_rents_pct_gdp,54.989,percent,T2,WB-WDI-2024
Oman,1981,oil_rents_pct_gdp,46.617,percent,T2,WB-WDI-2024
Oman,1982,oil_rents_pct_gdp,37.514,percent,T2,WB-WDI-2024
Oman,1983,oil_rents_pct_gdp,41.090,percent,T2,WB-WDI-2024
Oman,1984,oil_rents_pct_gdp,38.860,percent,T2,WB-WDI-2024
Oman,1985,oil_rents_pct_gdp,40.036,percent,T2,WB-WDI-2024
Oman,1986,oil_rents_pct_gdp,30.466,percent,T2,WB-WDI-2024
Oman,1987,oil_rents_pct_gdp,40.913,percent,T2,WB-WDI-2024
Oman,1988,oil_rents_pct_gdp,33.881,percent,T2,WB-WDI-2024
Oman,1989,oil_rents_pct_gdp,44.357,percent,T2,WB-WDI-2024
Oman,1990,oil_rents_pct_gdp,49.617,percent,T2,WB-WDI-2024
Oman,1991,oil_rents_pct_gdp,31.778,percent,T2,WB-WDI-2024
Oman,1992,oil_rents_pct_gdp,31.741,percent,T2,WB-WDI-2024
Oman,1993,oil_rents_pct_gdp,31.461,percent,T2,WB-WDI-2024
Oman,1994,oil_rents_pct_gdp,28.749,percent,T2,WB-WDI-2024
Oman,1995,oil_rents_pct_gdp,30.879,percent,T2,WB-WDI-2024
Oman,1996,oil_rents_pct_gdp,36.199,percent,T2,WB-WDI-2024
Oman,1997,oil_rents_pct_gdp,32.032,percent,T2,WB-WDI-2024
Oman,1998,oil_rents_pct_gdp,22.542,percent,T2,WB-WDI-2024
Oman,1999,oil_rents_pct_gdp,31.143,percent,T2,WB-WDI-2024
Oman,2000,oil_rents_pct_gdp,44.476,percent,T2,WB-WDI-2024
Oman,2001,oil_rents_pct_gdp,36.285,percent,T2,WB-WDI-2024
Oman,2002,oil_rents_pct_gdp,33.513,percent,T2,WB-WDI-2024
Oman,2003,oil_rents_pct_gdp,33.326,percent,T2,WB-WDI-2024
Oman,2004,oil_rents_pct_gdp,36.797,percent,T2,WB-WDI-2024
Oman,2005,oil_rents_pct_gdp,42.842,percent,T2,WB-WDI-2024
Oman,2006,oil_rents_pct_gdp,40.752,percent,T2,WB-WDI-2024
Oman,2007,oil_rents_pct_gdp,37.799,percent,T2,WB-WDI-2024
Oman,2008,oil_rents_pct_gdp,37.913,percent,T2,WB-WDI-2024
Oman,2009,oil_rents_pct_gdp,30.513,percent,T2,WB-WDI-2024
Oman,2010,oil_rents_pct_gdp,32.569,percent,T2,WB-WDI-2024
Oman,2011,oil_rents_pct_gdp,40.407,percent,T2,WB-WDI-2024
Oman,2012,oil_rents_pct_gdp,37.540,percent,T2,WB-WDI-2024
Oman,2013,oil_rents_pct_gdp,35.990,percent,T2,WB-WDI-2024
Oman,2014,oil_rents_pct_gdp,31.679,percent,T2,WB-WDI-2024
Oman,2015,oil_rents_pct_gdp,18.868,percent,T2,WB-WDI-2024
Oman,2016,oil_rents_pct_gdp,16.272,percent,T2,WB-WDI-2024
Oman,2017,oil_rents_pct_gdp,19.305,percent,T2,WB-WDI-2024
Oman,2018,oil_rents_pct_gdp,23.709,percent,T2,WB-WDI-2024
Oman,2019,oil_rents_pct_gdp,21.612,percent,T2,WB-WDI-2024
Oman,2020,oil_rents_pct_gdp,14.994,percent,T2,WB-WDI-2024
Oman,2021,oil_rents_pct_gdp,23.539,percent,T2,WB-WDI-2024
Oman,1979,population,949116,persons,T2,WB-WDI-2024
Oman,1980,population,1001248,persons,T2,WB-WDI-2024
Oman,1981,population,1057320,persons,T2,WB-WDI-2024
Oman,1982,population,1117678,persons,T2,WB-WDI-2024
Oman,1983,population,1181459,persons,T2,WB-WDI-2024
Oman,1984,population,1247716,persons,T2,WB-WDI-2024
Oman,1985,population,1325480,persons,T2,WB-WDI-2024
Oman,1986,population,1413419,persons,T2,WB-WDI-2024
Oman,1987,population,1500996,persons,T2,WB-WDI-2024
Oman,1988,population,1588568,persons,T2,WB-WDI-2024
Oman,1989,population,1676228,persons,T2,WB-WDI-2024
Oman,1990,population,1763954,persons,T2,WB-WDI-2024
Oman,1991,population,1851473,persons,T2,WB-WDI-2024
Oman,1992,population,1938238,persons,T2,WB-WDI-2024
Oman,1993,population,2021675,persons,T2,WB-WDI-2024
Oman,1994,population,2081834,persons,T2,WB-WDI-2024
Oman,1995,population,2120528,persons,T2,WB-WDI-2024
Oman,1996,population,2156926,persons,T2,WB-WDI-2024
Oman,1997,population,2190720,persons,T2,WB-WDI-2024
Oman,1998,population,2222489,persons,T2,WB-WDI-2024
Oman,1999,population,2252909,persons,T2,WB-WDI-2024
Oman,2000,population,2282131,persons,T2,WB-WDI-2024
Oman,2001,population,2310217,persons,T2,WB-WDI-2024
Oman,2002,population,2337140,persons,T2,WB-WDI-2024
Oman,2003,population,2363796,persons,T2,WB-WDI-2024
Oman,2004,population,2404821,persons,T2,WB-WDI-2024
Oman,2005,population,2459802,persons,T2,WB-WDI-2024
Oman,2006,population,2514795,persons,T2,WB-WDI-2024
Oman,2007,population,2570174,persons,T2,WB-WDI-2024
Oman,2008,population,2626529,persons,T2,WB-WDI-2024
Oman,2009,population,2684659,persons,T2,WB-WDI-2024
Oman,2010,population,2757446,persons,T2,WB-WDI-2024
Oman,2011,population,3076763,persons,T2,WB-WDI-2024
Oman,2012,population,3547106,persons,T2,WB-WDI-2024
Oman,2013,population,3833913,persons,T2,WB-WDI-2024
Oman,2014,population,4002439,persons,T2,WB-WDI-2024
Oman,2015,population,4184895,persons,T2,WB-WDI-2024
Oman,2016,population,4390877,persons,T2,WB-WDI-2024
Oman,2017,population,4537396,persons,T2,WB-WDI-2024
Oman,2018,population,4597877,persons,T2,WB-WDI-2024
Oman,2019,population,4591241,persons,T2,WB-WDI-2024
Oman,2020,population,4522497,persons,T2,WB-WDI-2024
Oman,2021,population,4500424,persons,T2,WB-WDI-2024
Oman,2022,population,4730226,persons,T2,WB-WDI-2024
Oman,2023,population,5049269,persons,T2,WB-WDI-2024
Oman,2024,population,5281538,persons,T2,WB-WDI-2024
Oman,1979,trade_pct_gdp,101.776,percent,T2,WB-WDI-2024
Oman,1980,trade_pct_gdp,100.315,percent,T2,WB-WDI-2024
Oman,1981,trade_pct_gdp,102.776,percent,T2,WB-WDI-2024
Oman,1982,trade_pct_gdp,101.698,percent,T2,WB-WDI-2024
Oman,1983,trade_pct_gdp,91.719,percent,T2,WB-WDI-2024
Oman,1984,trade_pct_gdp,87.860,percent,T2,WB-WDI-2024
Oman,1985,trade_pct_gdp,87.011,percent,T2,WB-WDI-2024
Oman,1986,trade_pct_gdp,80.173,percent,T2,WB-WDI-2024
Oman,1987,trade_pct_gdp,77.945,percent,T2,WB-WDI-2024
Oman,1988,trade_pct_gdp,71.360,percent,T2,WB-WDI-2024
Oman,1990,trade_pct_gdp,61.237,percent,T2,WB-WDI-2024
Oman,1991,trade_pct_gdp,62.713,percent,T2,WB-WDI-2024
Oman,1992,trade_pct_gdp,64.728,percent,T2,WB-WDI-2024
Oman,1993,trade_pct_gdp,65.082,percent,T2,WB-WDI-2024
Oman,1994,trade_pct_gdp,62.690,percent,T2,WB-WDI-2024
Oman,1995,trade_pct_gdp,64.150,percent,T2,WB-WDI-2024
Oman,1996,trade_pct_gdp,69.391,percent,T2,WB-WDI-2024
Oman,1997,trade_pct_gdp,71.594,percent,T2,WB-WDI-2024
Oman,1998,trade_pct_gdp,80.483,percent,T2,WB-WDI-2024
Oman,1999,trade_pct_gdp,76.611,percent,T2,WB-WDI-2024
Oman,2000,trade_pct_gdp,81.413,percent,T2,WB-WDI-2024
Oman,2001,trade_pct_gdp,84.527,percent,T2,WB-WDI-2024
Oman,2002,trade_pct_gdp,83.654,percent,T2,WB-WDI-2024
Oman,2003,trade_pct_gdp,84.847,percent,T2,WB-WDI-2024
Oman,2004,trade_pct_gdp,88.611,percent,T2,WB-WDI-2024
Oman,2005,trade_pct_gdp,86.761,percent,T2,WB-WDI-2024
Oman,2006,trade_pct_gdp,86.146,percent,T2,WB-WDI-2024
Oman,2007,trade_pct_gdp,94.866,percent,T2,WB-WDI-2024
Oman,2008,trade_pct_gdp,94.762,percent,T2,WB-WDI-2024
Oman,2009,trade_pct_gdp,91.628,percent,T2,WB-WDI-2024
Oman,2010,trade_pct_gdp,96.387,percent,T2,WB-WDI-2024
Oman,2011,trade_pct_gdp,101.642,percent,T2,WB-WDI-2024
Oman,2012,trade_pct_gdp,102.075,percent,T2,WB-WDI-2024
Oman,2013,trade_pct_gdp,112.544,percent,T2,WB-WDI-2024
Oman,2014,trade_pct_gdp,102.279,percent,T2,WB-WDI-2024
Oman,2015,trade_pct_gdp,96.378,percent,T2,WB-WDI-2024
Oman,2016,trade_pct_gdp,82.864,percent,T2,WB-WDI-2024
Oman,2017,trade_pct_gdp,88.953,percent,T2,WB-WDI-2024
Oman,2018,trade_pct_gdp,89.279,percent,T2,WB-WDI-2024
Oman,2019,trade_pct_gdp,86.478,percent,T2,WB-WDI-2024
Oman,2020,trade_pct_gdp,91.876,percent,T2,WB-WDI-2024
Oman,2021,trade_pct_gdp,95.949,percent,T2,WB-WDI-2024
Oman,2022,trade_pct_gdp,105.745,percent,T2,WB-WDI-2024
Oman,2023,trade_pct_gdp,106.447,percent,T2,WB-WDI-2024
Oman,2024,trade_pct_gdp,114.853,percent,T2,WB-WDI-2024
Oman,1991,unemployment_rate,4.056,percent,T2,WB-WDI-2024
Oman,1992,unemployment_rate,4.160,percent,T2,WB-WDI-2024
Oman,1993,unemployment_rate,4.009,percent,T2,WB-WDI-2024
Oman,1994,unemployment_rate,4.073,percent,T2,WB-WDI-2024
Oman,1995,unemployment_rate,4.167,percent,T2,WB-WDI-2024
Oman,1996,unemployment_rate,4.254,percent,T2,WB-WDI-2024
Oman,1997,unemployment_rate,4.196,percent,T2,WB-WDI-2024
Oman,1998,unemployment_rate,4.346,percent,T2,WB-WDI-2024
Oman,1999,unemployment_rate,4.433,percent,T2,WB-WDI-2024
Oman,2000,unemployment_rate,4.433,percent,T2,WB-WDI-2024
Oman,2001,unemployment_rate,4.298,percent,T2,WB-WDI-2024
Oman,2002,unemployment_rate,4.335,percent,T2,WB-WDI-2024
Oman,2003,unemployment_rate,4.599,percent,T2,WB-WDI-2024
Oman,2004,unemployment_rate,4.693,percent,T2,WB-WDI-2024
Oman,2005,unemployment_rate,4.589,percent,T2,WB-WDI-2024
Oman,2006,unemployment_rate,4.387,percent,T2,WB-WDI-2024
Oman,2007,unemployment_rate,4.309,percent,T2,WB-WDI-2024
Oman,2008,unemployment_rate,4.142,percent,T2,WB-WDI-2024
Oman,2009,unemployment_rate,3.977,percent,T2,WB-WDI-2024
Oman,2010,unemployment_rate,3.911,percent,T2,WB-WDI-2024
Oman,2011,unemployment_rate,3.950,percent,T2,WB-WDI-2024
Oman,2012,unemployment_rate,3.753,percent,T2,WB-WDI-2024
Oman,2013,unemployment_rate,3.553,percent,T2,WB-WDI-2024
Oman,2014,unemployment_rate,3.453,percent,T2,WB-WDI-2024
Oman,2015,unemployment_rate,3.403,percent,T2,WB-WDI-2024
Oman,2016,unemployment_rate,3.266,percent,T2,WB-WDI-2024
Oman,2017,unemployment_rate,2.523,percent,T2,WB-WDI-2024
Oman,2018,unemployment_rate,1.800,percent,T2,WB-WDI-2024
Oman,2019,unemployment_rate,2.045,percent,T2,WB-WDI-2024
Oman,2020,unemployment_rate,2.940,percent,T2,WB-WDI-2024
Oman,2021,unemployment_rate,1.900,percent,T2,WB-WDI-2024
Oman,2022,unemployment_rate,3.300,percent,T2,WB-WDI-2024
Oman,2023,unemployment_rate,3.176,percent,T2,WB-WDI-2024
Oman,2024,unemployment_rate,3.203,percent,T2,WB-WDI-2024
Qatar,1979,gas_exports,0,billion_cubic_meters_per_year,T1,EI-2024
Qatar,1980,gas_exports,0,billion_cubic_meters_per_year,T1,EI-2024
Qatar,1981,gas_exports,0,billion_cubic_meters_per_year,T1,EI-2024
Qatar,1982,gas_exports,0,billion_cubic_meters_per_year,T1,EI-2024
Qatar,1983,gas_exports,0,billion_cubic_meters_per_year,T1,EI-2024
Qatar,1984,gas_exports,0,billion_cubic_meters_per_year,T1,EI-2024
Qatar,1985,gas_exports,0,billion_cubic_meters_per_year,T1,EI-2024
Qatar,1986,gas_exports,0,billion_cubic_meters_per_year,T1,EI-2024
Qatar,1987,gas_exports,0,billion_cubic_meters_per_year,T1,EI-2024
Qatar,1988,gas_exports,0,billion_cubic_meters_per_year,T1,EI-2024
Qatar,1989,gas_exports,0,billion_cubic_meters_per_year,T1,EI-2024
Qatar,1990,gas_exports,0,billion_cubic_meters_per_year,T1,EI-2024
Qatar,1991,gas_exports,0,billion_cubic_meters_per_year,T1,EI-2024
Qatar,1992,gas_exports,0,billion_cubic_meters_per_year,T1,EI-2024
Qatar,1993,gas_exports,0,billion_cubic_meters_per_year,T1,EI-2024
Qatar,1994,gas_exports,0,billion_cubic_meters_per_year,T1,EI-2024
Qatar,1995,gas_exports,0,billion_cubic_meters_per_year,T1,EI-2024
Qatar,1996,gas_exports,0,billion_cubic_meters_per_year,T1,EI-2024
Qatar,1997,gas_exports,2,billion_cubic_meters_per_year,T1,EI-2024
Qatar,1998,gas_exports,7,billion_cubic_meters_per_year,T1,EI-2024
Qatar,1999,gas_exports,11,billion_cubic_meters_per_year,T1,EI-2024
Qatar,2000,gas_exports,14,billion_cubic_meters_per_year,T1,EI-2024
Qatar,2001,gas_exports,18,billion_cubic_meters_per_year,T1,EI-2024
Qatar,2002,gas_exports,19,billion_cubic_meters_per_year,T1,EI-2024
Qatar,2003,gas_exports,22,billion_cubic_meters_per_year,T1,EI-2024
Qatar,2004,gas_exports,23,billion_cubic_meters_per_year,T1,EI-2024
Qatar,2005,gas_exports,25,billion_cubic_meters_per_year,T1,EI-2024
Qatar,2006,gas_exports,28,billion_cubic_meters_per_year,T1,EI-2024
Qatar,2007,gas_exports,39,billion_cubic_meters_per_year,T1,EI-2024
Qatar,2008,gas_exports,49,billion_cubic_meters_per_year,T1,EI-2024
Qatar,2009,gas_exports,67,billion_cubic_meters_per_year,T1,EI-2024
Qatar,2010,gas_exports,95,billion_cubic_meters_per_year,T1,EI-2024
Qatar,2011,gas_exports,115,billion_cubic_meters_per_year,T1,EI-2024
Qatar,2012,gas_exports,121,billion_cubic_meters_per_year,T1,EI-2024
Qatar,2013,gas_exports,124,billion_cubic_meters_per_year,T1,EI-2024
Qatar,2014,gas_exports,126,billion_cubic_meters_per_year,T1,EI-2024
Qatar,2015,gas_exports,124,billion_cubic_meters_per_year,T1,EI-2024
Qatar,2016,gas_exports,124,billion_cubic_meters_per_year,T1,EI-2024
Qatar,2017,gas_exports,122,billion_cubic_meters_per_year,T1,EI-2024
Qatar,2018,gas_exports,124,billion_cubic_meters_per_year,T1,EI-2024
Qatar,2019,gas_exports,124,billion_cubic_meters_per_year,T1,EI-2024
Qatar,2020,gas_exports,119,billion_cubic_meters_per_year,T1,EI-2024
Qatar,2021,gas_exports,122,billion_cubic_meters_per_year,T1,EI-2024
Qatar,2022,gas_exports,125,billion_cubic_meters_per_year,T1,EI-2024
Qatar,2023,gas_exports,128,billion_cubic_meters_per_year,T1,EI-2024
Qatar,2024,gas_exports,127,billion_cubic_meters_per_year,T1,EI-2024
Qatar,2025,gas_exports,132,billion_cubic_meters_per_year,T1,EI-2024
Qatar,1979,gas_production,3,billion_cubic_meters_per_year,T1,EI-2024
Qatar,1980,gas_production,5,billion_cubic_meters_per_year,T1,EI-2024
Qatar,1981,gas_production,5,billion_cubic_meters_per_year,T1,EI-2024
Qatar,1982,gas_production,5,billion_cubic_meters_per_year,T1,EI-2024
Qatar,1983,gas_production,5,billion_cubic_meters_per_year,T1,EI-2024
Qatar,1984,gas_production,6,billion_cubic_meters_per_year,T1,EI-2024
Qatar,1985,gas_production,7,billion_cubic_meters_per_year,T1,EI-2024
Qatar,1986,gas_production,8,billion_cubic_meters_per_year,T1,EI-2024
Qatar,1987,gas_production,8,billion_cubic_meters_per_year,T1,EI-2024
Qatar,1988,gas_production,8,billion_cubic_meters_per_year,T1,EI-2024
Qatar,1989,gas_production,9,billion_cubic_meters_per_year,T1,EI-2024
Qatar,1990,gas_production,9,billion_cubic_meters_per_year,T1,EI-2024
Qatar,1991,gas_production,12,billion_cubic_meters_per_year,T1,EI-2024
Qatar,1992,gas_production,13,billion_cubic_meters_per_year,T1,EI-2024
Qatar,1993,gas_production,13,billion_cubic_meters_per_year,T1,EI-2024
Qatar,1994,gas_production,14,billion_cubic_meters_per_year,T1,EI-2024
Qatar,1995,gas_production,14,billion_cubic_meters_per_year,T1,EI-2024
Qatar,1996,gas_production,15,billion_cubic_meters_per_year,T1,EI-2024
Qatar,1997,gas_production,16,billion_cubic_meters_per_year,T1,EI-2024
Qatar,1998,gas_production,18,billion_cubic_meters_per_year,T1,EI-2024
Qatar,1999,gas_production,22,billion_cubic_meters_per_year,T1,EI-2024
Qatar,2000,gas_production,28,billion_cubic_meters_per_year,T1,EI-2024
Qatar,2001,gas_production,32,billion_cubic_meters_per_year,T1,EI-2024
Qatar,2002,gas_production,37,billion_cubic_meters_per_year,T1,EI-2024
Qatar,2003,gas_production,41,billion_cubic_meters_per_year,T1,EI-2024
Qatar,2004,gas_production,43,billion_cubic_meters_per_year,T1,EI-2024
Qatar,2005,gas_production,49,billion_cubic_meters_per_year,T1,EI-2024
Qatar,2006,gas_production,53,billion_cubic_meters_per_year,T1,EI-2024
Qatar,2007,gas_production,65,billion_cubic_meters_per_year,T1,EI-2024
Qatar,2008,gas_production,78,billion_cubic_meters_per_year,T1,EI-2024
Qatar,2009,gas_production,89,billion_cubic_meters_per_year,T1,EI-2024
Qatar,2010,gas_production,117,billion_cubic_meters_per_year,T1,EI-2024
Qatar,2011,gas_production,142,billion_cubic_meters_per_year,T1,EI-2024
Qatar,2012,gas_production,158,billion_cubic_meters_per_year,T1,EI-2024
Qatar,2013,gas_production,167,billion_cubic_meters_per_year,T1,EI-2024
Qatar,2014,gas_production,174,billion_cubic_meters_per_year,T1,EI-2024
Qatar,2015,gas_production,175,billion_cubic_meters_per_year,T1,EI-2024
Qatar,2016,gas_production,178,billion_cubic_meters_per_year,T1,EI-2024
Qatar,2017,gas_production,175,billion_cubic_meters_per_year,T1,EI-2024
Qatar,2018,gas_production,176,billion_cubic_meters_per_year,T1,EI-2024
Qatar,2019,gas_production,178,billion_cubic_meters_per_year,T1,EI-2024
Qatar,2020,gas_production,171,billion_cubic_meters_per_year,T1,EI-2024
Qatar,2021,gas_production,175,billion_cubic_meters_per_year,T1,EI-2024
Qatar,2022,gas_production,178,billion_cubic_meters_per_year,T1,EI-2024
Qatar,2023,gas_production,181,billion_cubic_meters_per_year,T1,EI-2024
Qatar,2024,gas_production,184,billion_cubic_meters_per_year,T1,EI-2024
Qatar,2025,gas_production,186,billion_cubic_meters_per_year,T1,EI-2024
Qatar,1979,gdp_nominal_usd,5632962996.83,USD_current,T2,WB-WDI-2024
Qatar,1980,gdp_nominal_usd,7829165261.81,USD_current,T2,WB-WDI-2024
Qatar,1981,gdp_nominal_usd,8661263763.74,USD_current,T2,WB-WDI-2024
Qatar,1982,gdp_nominal_usd,7596703214.29,USD_current,T2,WB-WDI-2024
Qatar,1983,gdp_nominal_usd,6467582307.69,USD_current,T2,WB-WDI-2024
Qatar,1984,gdp_nominal_usd,6704395824.18,USD_current,T2,WB-WDI-2024
Qatar,1985,gdp_nominal_usd,6153296456.04,USD_current,T2,WB-WDI-2024
Qatar,1986,gdp_nominal_usd,5053021950.55,USD_current,T2,WB-WDI-2024
Qatar,1987,gdp_nominal_usd,5446428681.32,USD_current,T2,WB-WDI-2024
Qatar,1988,gdp_nominal_usd,6038187032.97,USD_current,T2,WB-WDI-2024
Qatar,1989,gdp_nominal_usd,6487912087.91,USD_current,T2,WB-WDI-2024
Qatar,1990,gdp_nominal_usd,7360439423.08,USD_current,T2,WB-WDI-2024
Qatar,1991,gdp_nominal_usd,6883516483.52,USD_current,T2,WB-WDI-2024
Qatar,1992,gdp_nominal_usd,7646153983.52,USD_current,T2,WB-WDI-2024
Qatar,1993,gdp_nominal_usd,7156593653.85,USD_current,T2,WB-WDI-2024
Qatar,1994,gdp_nominal_usd,7374450769.23,USD_current,T2,WB-WDI-2024
Qatar,1995,gdp_nominal_usd,8137911978.02,USD_current,T2,WB-WDI-2024
Qatar,1996,gdp_nominal_usd,9059340384.62,USD_current,T2,WB-WDI-2024
Qatar,1997,gdp_nominal_usd,11297802115.38,USD_current,T2,WB-WDI-2024
Qatar,1998,gdp_nominal_usd,10255495027.47,USD_current,T2,WB-WDI-2024
Qatar,1999,gdp_nominal_usd,12393131868.13,USD_current,T2,WB-WDI-2024
Qatar,2000,gdp_nominal_usd,17759890109.89,USD_current,T2,WB-WDI-2024
Qatar,2001,gdp_nominal_usd,17538461538.46,USD_current,T2,WB-WDI-2024
Qatar,2002,gdp_nominal_usd,19363736263.74,USD_current,T2,WB-WDI-2024
Qatar,2003,gdp_nominal_usd,23533791208.79,USD_current,T2,WB-WDI-2024
Qatar,2004,gdp_nominal_usd,31734065934.07,USD_current,T2,WB-WDI-2024
Qatar,2005,gdp_nominal_usd,44530494505.49,USD_current,T2,WB-WDI-2024
Qatar,2006,gdp_nominal_usd,60882142857.14,USD_current,T2,WB-WDI-2024
Qatar,2007,gdp_nominal_usd,79712087912.09,USD_current,T2,WB-WDI-2024
Qatar,2008,gdp_nominal_usd,115270054945.05,USD_current,T2,WB-WDI-2024
Qatar,2009,gdp_nominal_usd,97798351648.35,USD_current,T2,WB-WDI-2024
Qatar,2010,gdp_nominal_usd,123627197802.20,USD_current,T2,WB-WDI-2024
Qatar,2011,gdp_nominal_usd,167775274725.27,USD_current,T2,WB-WDI-2024
Qatar,2012,gdp_nominal_usd,186833516483.52,USD_current,T2,WB-WDI-2024
Qatar,2013,gdp_nominal_usd,198727747252.75,USD_current,T2,WB-WDI-2024
Qatar,2014,gdp_nominal_usd,206224725274.73,USD_current,T2,WB-WDI-2024
Qatar,2015,gdp_nominal_usd,161739835164.83,USD_current,T2,WB-WDI-2024
Qatar,2016,gdp_nominal_usd,151732142857.14,USD_current,T2,WB-WDI-2024
Qatar,2017,gdp_nominal_usd,161099175824.18,USD_current,T2,WB-WDI-2024
Qatar,2018,gdp_nominal_usd,183335164835.17,USD_current,T2,WB-WDI-2024
Qatar,2019,gdp_nominal_usd,176371428571.43,USD_current,T2,WB-WDI-2024
Qatar,2020,gdp_nominal_usd,144411538461.54,USD_current,T2,WB-WDI-2024
Qatar,2021,gdp_nominal_usd,179732142857.14,USD_current,T2,WB-WDI-2024
Qatar,2022,gdp_nominal_usd,235709340659.34,USD_current,T2,WB-WDI-2024
Qatar,2023,gdp_nominal_usd,217308516483.52,USD_current,T2,WB-WDI-2024
Qatar,2024,gdp_nominal_usd,219162637362.64,USD_current,T2,WB-WDI-2024
Qatar,1990,gdp_per_capita_ppp,55658.88,USD_PPP_current_intl,T2,WB-WDI-2024
Qatar,1991,gdp_per_capita_ppp,54758.72,USD_PPP_current_intl,T2,WB-WDI-2024
Qatar,1992,gdp_per_capita_ppp,60387.03,USD_PPP_current_intl,T2,WB-WDI-2024
Qatar,1993,gdp_per_capita_ppp,59124.97,USD_PPP_current_intl,T2,WB-WDI-2024
Qatar,1994,gdp_per_capita_ppp,59415.36,USD_PPP_current_intl,T2,WB-WDI-2024
Qatar,1995,gdp_per_capita_ppp,60321.11,USD_PPP_current_intl,T2,WB-WDI-2024
Qatar,1996,gdp_per_capita_ppp,62331.37,USD_PPP_current_intl,T2,WB-WDI-2024
Qatar,1997,gdp_per_capita_ppp,79219.03,USD_PPP_current_intl,T2,WB-WDI-2024
Qatar,1998,gdp_per_capita_ppp,84486.24,USD_PPP_current_intl,T2,WB-WDI-2024
Qatar,1999,gdp_per_capita_ppp,84690.09,USD_PPP_current_intl,T2,WB-WDI-2024
Qatar,2000,gdp_per_capita_ppp,88848.70,USD_PPP_current_intl,T2,WB-WDI-2024
Qatar,2001,gdp_per_capita_ppp,89804.94,USD_PPP_current_intl,T2,WB-WDI-2024
Qatar,2002,gdp_per_capita_ppp,93176.53,USD_PPP_current_intl,T2,WB-WDI-2024
Qatar,2003,gdp_per_capita_ppp,94120.37,USD_PPP_current_intl,T2,WB-WDI-2024
Qatar,2004,gdp_per_capita_ppp,110957.83,USD_PPP_current_intl,T2,WB-WDI-2024
Qatar,2005,gdp_per_capita_ppp,115250.40,USD_PPP_current_intl,T2,WB-WDI-2024
Qatar,2006,gdp_per_capita_ppp,127180.71,USD_PPP_current_intl,T2,WB-WDI-2024
Qatar,2007,gdp_per_capita_ppp,124055.68,USD_PPP_current_intl,T2,WB-WDI-2024
Qatar,2008,gdp_per_capita_ppp,126015.02,USD_PPP_current_intl,T2,WB-WDI-2024
Qatar,2009,gdp_per_capita_ppp,125897.63,USD_PPP_current_intl,T2,WB-WDI-2024
Qatar,2010,gdp_per_capita_ppp,151646.15,USD_PPP_current_intl,T2,WB-WDI-2024
Qatar,2011,gdp_per_capita_ppp,174619.92,USD_PPP_current_intl,T2,WB-WDI-2024
Qatar,2012,gdp_per_capita_ppp,180939.44,USD_PPP_current_intl,T2,WB-WDI-2024
Qatar,2013,gdp_per_capita_ppp,169203.35,USD_PPP_current_intl,T2,WB-WDI-2024
Qatar,2014,gdp_per_capita_ppp,148389.20,USD_PPP_current_intl,T2,WB-WDI-2024
Qatar,2015,gdp_per_capita_ppp,102545.86,USD_PPP_current_intl,T2,WB-WDI-2024
Qatar,2016,gdp_per_capita_ppp,89934.67,USD_PPP_current_intl,T2,WB-WDI-2024
Qatar,2017,gdp_per_capita_ppp,99358.37,USD_PPP_current_intl,T2,WB-WDI-2024
Qatar,2018,gdp_per_capita_ppp,110032.84,USD_PPP_current_intl,T2,WB-WDI-2024
Qatar,2019,gdp_per_capita_ppp,107502.57,USD_PPP_current_intl,T2,WB-WDI-2024
Qatar,2020,gdp_per_capita_ppp,82149.46,USD_PPP_current_intl,T2,WB-WDI-2024
Qatar,2021,gdp_per_capita_ppp,116832.66,USD_PPP_current_intl,T2,WB-WDI-2024
Qatar,2022,gdp_per_capita_ppp,122920.54,USD_PPP_current_intl,T2,WB-WDI-2024
Qatar,2023,gdp_per_capita_ppp,129367.87,USD_PPP_current_intl,T2,WB-WDI-2024
Qatar,2024,gdp_per_capita_ppp,126046.35,USD_PPP_current_intl,T2,WB-WDI-2024
Qatar,1979,gdp_per_capita_usd,21776.64,USD_current,T2,WB-WDI-2024
Qatar,1980,gdp_per_capita_usd,28375.49,USD_current,T2,WB-WDI-2024
Qatar,1981,gdp_per_capita_usd,29504.94,USD_current,T2,WB-WDI-2024
Qatar,1982,gdp_per_capita_usd,24384.59,USD_current,T2,WB-WDI-2024
Qatar,1983,gdp_per_capita_usd,19616.03,USD_current,T2,WB-WDI-2024
Qatar,1984,gdp_per_capita_usd,19272.26,USD_current,T2,WB-WDI-2024
Qatar,1985,gdp_per_capita_usd,16815.04,USD_current,T2,WB-WDI-2024
Qatar,1986,gdp_per_capita_usd,13213.21,USD_current,T2,WB-WDI-2024
Qatar,1987,gdp_per_capita_usd,13718.79,USD_current,T2,WB-WDI-2024
Qatar,1988,gdp_per_capita_usd,14682.02,USD_current,T2,WB-WDI-2024
Qatar,1989,gdp_per_capita_usd,15242.51,USD_current,T2,WB-WDI-2024
Qatar,1990,gdp_per_capita_usd,16721.62,USD_current,T2,WB-WDI-2024
Qatar,1991,gdp_per_capita_usd,15133.50,USD_current,T2,WB-WDI-2024
Qatar,1992,gdp_per_capita_usd,16280.29,USD_current,T2,WB-WDI-2024
Qatar,1993,gdp_per_capita_usd,14769.72,USD_current,T2,WB-WDI-2024
Qatar,1994,gdp_per_capita_usd,14764.88,USD_current,T2,WB-WDI-2024
Qatar,1995,gdp_per_capita_usd,15822.51,USD_current,T2,WB-WDI-2024
Qatar,1996,gdp_per_capita_usd,17124.79,USD_current,T2,WB-WDI-2024
Qatar,1997,gdp_per_capita_usd,20522.80,USD_current,T2,WB-WDI-2024
Qatar,1998,gdp_per_capita_usd,17665.44,USD_current,T2,WB-WDI-2024
Qatar,1999,gdp_per_capita_usd,20233.68,USD_current,T2,WB-WDI-2024
Qatar,2000,gdp_per_capita_usd,27535.18,USD_current,T2,WB-WDI-2024
Qatar,2001,gdp_per_capita_usd,25870.80,USD_current,T2,WB-WDI-2024
Qatar,2002,gdp_per_capita_usd,27226.66,USD_current,T2,WB-WDI-2024
Qatar,2003,gdp_per_capita_usd,31602.47,USD_current,T2,WB-WDI-2024
Qatar,2004,gdp_per_capita_usd,41035.50,USD_current,T2,WB-WDI-2024
Qatar,2005,gdp_per_capita_usd,53949.68,USD_current,T2,WB-WDI-2024
Qatar,2006,gdp_per_capita_usd,62582.45,USD_current,T2,WB-WDI-2024
Qatar,2007,gdp_per_capita_usd,65954.34,USD_current,T2,WB-WDI-2024
Qatar,2008,gdp_per_capita_usd,80781.40,USD_current,T2,WB-WDI-2024
Qatar,2009,gdp_per_capita_usd,60785.74,USD_current,T2,WB-WDI-2024
Qatar,2010,gdp_per_capita_usd,76462.61,USD_current,T2,WB-WDI-2024
Qatar,2011,gdp_per_capita_usd,103261.51,USD_current,T2,WB-WDI-2024
Qatar,2012,gdp_per_capita_usd,108470.39,USD_current,T2,WB-WDI-2024
Qatar,2013,gdp_per_capita_usd,103697.06,USD_current,T2,WB-WDI-2024
Qatar,2014,gdp_per_capita_usd,95840.69,USD_current,T2,WB-WDI-2024
Qatar,2015,gdp_per_capita_usd,68985.24,USD_current,T2,WB-WDI-2024
Qatar,2016,gdp_per_capita_usd,61253.62,USD_current,T2,WB-WDI-2024
Qatar,2017,gdp_per_capita_usd,63279.88,USD_current,T2,WB-WDI-2024
Qatar,2018,gdp_per_capita_usd,71039.93,USD_current,T2,WB-WDI-2024
Qatar,2019,gdp_per_capita_usd,66841.36,USD_current,T2,WB-WDI-2024
Qatar,2020,gdp_per_capita_usd,51683.57,USD_current,T2,WB-WDI-2024
Qatar,2021,gdp_per_capita_usd,71751.94,USD_current,T2,WB-WDI-2024
Qatar,2022,gdp_per_capita_usd,88701.47,USD_current,T2,WB-WDI-2024
Qatar,2023,gdp_per_capita_usd,81816.98,USD_current,T2,WB-WDI-2024
Qatar,2024,gdp_per_capita_usd,76688.69,USD_current,T2,WB-WDI-2024
Qatar,1980,military_spending_pct_gdp,7.869,percent,T2,SIPRI-MILEX-2024
Qatar,1981,military_spending_pct_gdp,12.217,percent,T2,SIPRI-MILEX-2024
Qatar,1982,military_spending_pct_gdp,19.277,percent,T2,SIPRI-MILEX-2024
Qatar,1983,military_spending_pct_gdp,13.958,percent,T2,SIPRI-MILEX-2024
Qatar,1984,military_spending_pct_gdp,12.734,percent,T2,SIPRI-MILEX-2024
Qatar,1985,military_spending_pct_gdp,24.846,percent,T2,SIPRI-MILEX-2024
Qatar,1987,military_spending_pct_gdp,15.890,percent,T2,SIPRI-MILEX-2024
Qatar,1988,military_spending_pct_gdp,16.272,percent,T2,SIPRI-MILEX-2024
Qatar,1989,military_spending_pct_gdp,13.078,percent,T2,SIPRI-MILEX-2024
Qatar,1990,military_spending_pct_gdp,10.744,percent,T2,SIPRI-MILEX-2024
Qatar,1991,military_spending_pct_gdp,13.011,percent,T2,SIPRI-MILEX-2024
Qatar,2002,military_spending_pct_gdp,3.930,percent,T2,SIPRI-MILEX-2024
Qatar,2003,military_spending_pct_gdp,3.334,percent,T2,SIPRI-MILEX-2024
Qatar,2004,military_spending_pct_gdp,2.434,percent,T2,SIPRI-MILEX-2024
Qatar,2005,military_spending_pct_gdp,1.993,percent,T2,SIPRI-MILEX-2024
Qatar,2006,military_spending_pct_gdp,1.751,percent,T2,SIPRI-MILEX-2024
Qatar,2007,military_spending_pct_gdp,1.960,percent,T2,SIPRI-MILEX-2024
Qatar,2008,military_spending_pct_gdp,2.011,percent,T2,SIPRI-MILEX-2024
Qatar,2009,military_spending_pct_gdp,1.992,percent,T2,SIPRI-MILEX-2024
Qatar,2010,military_spending_pct_gdp,1.474,percent,T2,SIPRI-MILEX-2024
Qatar,2021,military_spending_pct_gdp,6.452,percent,T2,SIPRI-MILEX-2024
Qatar,2022,military_spending_pct_gdp,6.500,percent,T2,SIPRI-MILEX-2024
Qatar,1980,military_spending_usd,616740088.11,USD_current,T2,SIPRI-MILEX-2024
Qatar,1981,military_spending_usd,1059505494.51,USD_current,T2,SIPRI-MILEX-2024
Qatar,1982,military_spending_usd,1467252747.25,USD_current,T2,SIPRI-MILEX-2024
Qatar,1983,military_spending_usd,905192307.69,USD_current,T2,SIPRI-MILEX-2024
Qatar,1984,military_spending_usd,874862637.36,USD_current,T2,SIPRI-MILEX-2024
Qatar,1985,military_spending_usd,1528873626.37,USD_current,T2,SIPRI-MILEX-2024
Qatar,1987,military_spending_usd,865412087.91,USD_current,T2,SIPRI-MILEX-2024
Qatar,1988,military_spending_usd,982554945.05,USD_current,T2,SIPRI-MILEX-2024
Qatar,1989,military_spending_usd,848461538.46,USD_current,T2,SIPRI-MILEX-2024
Qatar,1990,military_spending_usd,790796703.30,USD_current,T2,SIPRI-MILEX-2024
Qatar,1991,military_spending_usd,895631868.13,USD_current,T2,SIPRI-MILEX-2024
Qatar,2002,military_spending_usd,760989010.99,USD_current,T2,SIPRI-MILEX-2024
Qatar,2003,military_spending_usd,784615384.62,USD_current,T2,SIPRI-MILEX-2024
Qatar,2004,military_spending_usd,772362637.36,USD_current,T2,SIPRI-MILEX-2024
Qatar,2005,military_spending_usd,887500000.00,USD_current,T2,SIPRI-MILEX-2024
Qatar,2006,military_spending_usd,1065741758.24,USD_current,T2,SIPRI-MILEX-2024
Qatar,2007,military_spending_usd,1562225274.73,USD_current,T2,SIPRI-MILEX-2024
Qatar,2008,military_spending_usd,2317500000.00,USD_current,T2,SIPRI-MILEX-2024
Qatar,2009,military_spending_usd,1948351648.35,USD_current,T2,SIPRI-MILEX-2024
Qatar,2010,military_spending_usd,1876758241.76,USD_current,T2,SIPRI-MILEX-2024
Qatar,2021,military_spending_usd,11593406593.41,USD_current,T2,SIPRI-MILEX-2024
Qatar,2022,military_spending_usd,15412087912.09,USD_current,T2,SIPRI-MILEX-2024
Qatar,1979,oil_exports,146.0,million_barrels_per_year,T2,EI-2024
Qatar,1980,oil_exports,146.4,million_barrels_per_year,T2,EI-2024
Qatar,1981,oil_exports,109.5,million_barrels_per_year,T2,EI-2024
Qatar,1982,oil_exports,73.0,million_barrels_per_year,T2,EI-2024
Qatar,1983,oil_exports,73.0,million_barrels_per_year,T2,EI-2024
Qatar,1984,oil_exports,109.8,million_barrels_per_year,T2,EI-2024
Qatar,1985,oil_exports,73.0,million_barrels_per_year,T2,EI-2024
Qatar,1986,oil_exports,73.0,million_barrels_per_year,T2,EI-2024
Qatar,1987,oil_exports,73.0,million_barrels_per_year,T2,EI-2024
Qatar,1988,oil_exports,109.8,million_barrels_per_year,T2,EI-2024
Qatar,1989,oil_exports,109.5,million_barrels_per_year,T2,EI-2024
Qatar,1990,oil_exports,109.5,million_barrels_per_year,T2,EI-2024
Qatar,1991,oil_exports,109.5,million_barrels_per_year,T2,EI-2024
Qatar,1992,oil_exports,109.8,million_barrels_per_year,T2,EI-2024
Qatar,1993,oil_exports,109.5,million_barrels_per_year,T2,EI-2024
Qatar,1994,oil_exports,109.5,million_barrels_per_year,T2,EI-2024
Qatar,1995,oil_exports,146.0,million_barrels_per_year,T2,EI-2024
Qatar,1996,oil_exports,146.4,million_barrels_per_year,T2,EI-2024
Qatar,1997,oil_exports,182.5,million_barrels_per_year,T2,EI-2024
Qatar,1998,oil_exports,219.0,million_barrels_per_year,T2,EI-2024
Qatar,1999,oil_exports,219.0,million_barrels_per_year,T2,EI-2024
Qatar,2000,oil_exports,256.2,million_barrels_per_year,T2,EI-2024
Qatar,2001,oil_exports,255.5,million_barrels_per_year,T2,EI-2024
Qatar,2002,oil_exports,255.5,million_barrels_per_year,T2,EI-2024
Qatar,2003,oil_exports,292.0,million_barrels_per_year,T2,EI-2024
Qatar,2004,oil_exports,329.4,million_barrels_per_year,T2,EI-2024
Qatar,2005,oil_exports,365.0,million_barrels_per_year,T2,EI-2024
Qatar,2006,oil_exports,365.0,million_barrels_per_year,T2,EI-2024
Qatar,2007,oil_exports,401.5,million_barrels_per_year,T2,EI-2024
Qatar,2008,oil_exports,475.8,million_barrels_per_year,T2,EI-2024
Qatar,2009,oil_exports,438.0,million_barrels_per_year,T2,EI-2024
Qatar,2010,oil_exports,547.5,million_barrels_per_year,T2,EI-2024
Qatar,2011,oil_exports,547.5,million_barrels_per_year,T2,EI-2024
Qatar,2012,oil_exports,549.0,million_barrels_per_year,T2,EI-2024
Qatar,2013,oil_exports,511.0,million_barrels_per_year,T2,EI-2024
Qatar,2014,oil_exports,511.0,million_barrels_per_year,T2,EI-2024
Qatar,2015,oil_exports,511.0,million_barrels_per_year,T2,EI-2024
Qatar,2016,oil_exports,512.4,million_barrels_per_year,T2,EI-2024
Qatar,2017,oil_exports,511.0,million_barrels_per_year,T2,EI-2024
Qatar,2018,oil_exports,511.0,million_barrels_per_year,T2,EI-2024
Qatar,2019,oil_exports,511.0,million_barrels_per_year,T2,EI-2024
Qatar,2020,oil_exports,512.4,million_barrels_per_year,T2,EI-2024
Qatar,2021,oil_exports,511.0,million_barrels_per_year,T2,EI-2024
Qatar,2022,oil_exports,511.0,million_barrels_per_year,T2,EI-2024
Qatar,2023,oil_exports,511.0,million_barrels_per_year,T2,EI-2024
Qatar,2024,oil_exports,512.4,million_barrels_per_year,T2,OPEC-ASB-2024
Qatar,2025,oil_exports,511.0,million_barrels_per_year,T2,OPEC-ASB-2024
Qatar,2026,oil_exports,146.0,million_barrels_per_year,T4,IEA-OMR-2026
Qatar,1979,oil_production,182.5,million_barrels_per_year,T2,EI-2024
Qatar,1980,oil_production,183.0,million_barrels_per_year,T2,EI-2024
Qatar,1981,oil_production,146.0,million_barrels_per_year,T2,EI-2024
Qatar,1982,oil_production,109.5,million_barrels_per_year,T2,EI-2024
Qatar,1983,oil_production,109.5,million_barrels_per_year,T2,EI-2024
Qatar,1984,oil_production,146.4,million_barrels_per_year,T2,EI-2024
Qatar,1985,oil_production,109.5,million_barrels_per_year,T2,EI-2024
Qatar,1986,oil_production,109.5,million_barrels_per_year,T2,EI-2024
Qatar,1987,oil_production,109.5,million_barrels_per_year,T2,EI-2024
Qatar,1988,oil_production,146.4,million_barrels_per_year,T2,EI-2024
Qatar,1989,oil_production,146.0,million_barrels_per_year,T2,EI-2024
Qatar,1990,oil_production,146.0,million_barrels_per_year,T2,EI-2024
Qatar,1991,oil_production,146.0,million_barrels_per_year,T2,EI-2024
Qatar,1992,oil_production,146.4,million_barrels_per_year,T2,EI-2024
Qatar,1993,oil_production,146.0,million_barrels_per_year,T2,EI-2024
Qatar,1994,oil_production,146.0,million_barrels_per_year,T2,EI-2024
Qatar,1995,oil_production,182.5,million_barrels_per_year,T2,EI-2024
Qatar,1996,oil_production,183.0,million_barrels_per_year,T2,EI-2024
Qatar,1997,oil_production,219.0,million_barrels_per_year,T2,EI-2024
Qatar,1998,oil_production,255.5,million_barrels_per_year,T2,EI-2024
Qatar,1999,oil_production,255.5,million_barrels_per_year,T2,EI-2024
Qatar,2000,oil_production,292.8,million_barrels_per_year,T2,EI-2024
Qatar,2001,oil_production,292.0,million_barrels_per_year,T2,EI-2024
Qatar,2002,oil_production,292.0,million_barrels_per_year,T2,EI-2024
Qatar,2003,oil_production,328.5,million_barrels_per_year,T2,EI-2024
Qatar,2004,oil_production,366.0,million_barrels_per_year,T2,EI-2024
Qatar,2005,oil_production,401.5,million_barrels_per_year,T2,EI-2024
Qatar,2006,oil_production,401.5,million_barrels_per_year,T2,EI-2024
Qatar,2007,oil_production,438.0,million_barrels_per_year,T2,EI-2024
Qatar,2008,oil_production,512.4,million_barrels_per_year,T2,EI-2024
Qatar,2009,oil_production,474.5,million_barrels_per_year,T2,EI-2024
Qatar,2010,oil_production,584.0,million_barrels_per_year,T2,EI-2024
Qatar,2011,oil_production,584.0,million_barrels_per_year,T2,EI-2024
Qatar,2012,oil_production,585.6,million_barrels_per_year,T2,EI-2024
Qatar,2013,oil_production,547.5,million_barrels_per_year,T2,EI-2024
Qatar,2014,oil_production,547.5,million_barrels_per_year,T2,EI-2024
Qatar,2015,oil_production,547.5,million_barrels_per_year,T2,EI-2024
Qatar,2016,oil_production,549.0,million_barrels_per_year,T2,EI-2024
Qatar,2017,oil_production,547.5,million_barrels_per_year,T2,EI-2024
Qatar,2018,oil_production,547.5,million_barrels_per_year,T2,EI-2024
Qatar,2019,oil_production,547.5,million_barrels_per_year,T2,EI-2024
Qatar,2020,oil_production,549.0,million_barrels_per_year,T2,EI-2024
Qatar,2021,oil_production,547.5,million_barrels_per_year,T2,EI-2024
Qatar,2022,oil_production,547.5,million_barrels_per_year,T2,EI-2024
Qatar,2023,oil_production,547.5,million_barrels_per_year,T2,EI-2024
Qatar,2024,oil_production,549.0,million_barrels_per_year,T1,EI-2024
Qatar,2025,oil_production,547.5,million_barrels_per_year,T2,EIA-STEO-2026
Qatar,2026,oil_production,182.5,million_barrels_per_year,T4,IEA-OMR-2026
Qatar,1979,oil_rents_pct_gdp,84.354,percent,T2,WB-WDI-2024
Qatar,1980,oil_rents_pct_gdp,67.711,percent,T2,WB-WDI-2024
Qatar,1981,oil_rents_pct_gdp,47.037,percent,T2,WB-WDI-2024
Qatar,1982,oil_rents_pct_gdp,35.229,percent,T2,WB-WDI-2024
Qatar,1983,oil_rents_pct_gdp,36.136,percent,T2,WB-WDI-2024
Qatar,1984,oil_rents_pct_gdp,49.430,percent,T2,WB-WDI-2024
Qatar,1985,oil_rents_pct_gdp,36.953,percent,T2,WB-WDI-2024
Qatar,1986,oil_rents_pct_gdp,22.893,percent,T2,WB-WDI-2024
Qatar,1987,oil_rents_pct_gdp,27.580,percent,T2,WB-WDI-2024
Qatar,1988,oil_rents_pct_gdp,24.742,percent,T2,WB-WDI-2024
Qatar,1989,oil_rents_pct_gdp,36.199,percent,T2,WB-WDI-2024
Qatar,1990,oil_rents_pct_gdp,48.656,percent,T2,WB-WDI-2024
Qatar,1991,oil_rents_pct_gdp,27.848,percent,T2,WB-WDI-2024
Qatar,1992,oil_rents_pct_gdp,28.261,percent,T2,WB-WDI-2024
Qatar,1993,oil_rents_pct_gdp,27.829,percent,T2,WB-WDI-2024
Qatar,1994,oil_rents_pct_gdp,27.854,percent,T2,WB-WDI-2024
Qatar,1995,oil_rents_pct_gdp,26.865,percent,T2,WB-WDI-2024
Qatar,1996,oil_rents_pct_gdp,36.870,percent,T2,WB-WDI-2024
Qatar,1997,oil_rents_pct_gdp,33.904,percent,T2,WB-WDI-2024
Qatar,1998,oil_rents_pct_gdp,26.478,percent,T2,WB-WDI-2024
Qatar,1999,oil_rents_pct_gdp,32.890,percent,T2,WB-WDI-2024
Qatar,2000,oil_rents_pct_gdp,40.766,percent,T2,WB-WDI-2024
Qatar,2001,oil_rents_pct_gdp,34.927,percent,T2,WB-WDI-2024
Qatar,2002,oil_rents_pct_gdp,31.835,percent,T2,WB-WDI-2024
Qatar,2003,oil_rents_pct_gdp,33.893,percent,T2,WB-WDI-2024
Qatar,2004,oil_rents_pct_gdp,34.825,percent,T2,WB-WDI-2024
Qatar,2005,oil_rents_pct_gdp,38.177,percent,T2,WB-WDI-2024
Qatar,2006,oil_rents_pct_gdp,34.152,percent,T2,WB-WDI-2024
Qatar,2007,oil_rents_pct_gdp,30.800,percent,T2,WB-WDI-2024
Qatar,2008,oil_rents_pct_gdp,32.604,percent,T2,WB-WDI-2024
Qatar,2009,oil_rents_pct_gdp,23.017,percent,T2,WB-WDI-2024
Qatar,2010,oil_rents_pct_gdp,26.603,percent,T2,WB-WDI-2024
Qatar,2011,oil_rents_pct_gdp,29.947,percent,T2,WB-WDI-2024
Qatar,2012,oil_rents_pct_gdp,28.339,percent,T2,WB-WDI-2024
Qatar,2013,oil_rents_pct_gdp,25.360,percent,T2,WB-WDI-2024
Qatar,2014,oil_rents_pct_gdp,21.539,percent,T2,WB-WDI-2024
Qatar,2015,oil_rents_pct_gdp,13.030,percent,T2,WB-WDI-2024
Qatar,2016,oil_rents_pct_gdp,11.162,percent,T2,WB-WDI-2024
Qatar,2017,oil_rents_pct_gdp,13.539,percent,T2,WB-WDI-2024
Qatar,2018,oil_rents_pct_gdp,16.291,percent,T2,WB-WDI-2024
Qatar,2019,oil_rents_pct_gdp,14.508,percent,T2,WB-WDI-2024
Qatar,2020,oil_rents_pct_gdp,10.596,percent,T2,WB-WDI-2024
Qatar,2021,oil_rents_pct_gdp,15.278,percent,T2,WB-WDI-2024
Qatar,1979,population,258670,persons,T2,WB-WDI-2024
Qatar,1980,population,275913,persons,T2,WB-WDI-2024
Qatar,1981,population,293553,persons,T2,WB-WDI-2024
Qatar,1982,population,311537,persons,T2,WB-WDI-2024
Qatar,1983,population,329709,persons,T2,WB-WDI-2024
Qatar,1984,population,347878,persons,T2,WB-WDI-2024
Qatar,1985,population,365940,persons,T2,WB-WDI-2024
Qatar,1986,population,382422,persons,T2,WB-WDI-2024
Qatar,1987,population,397005,persons,T2,WB-WDI-2024
Qatar,1988,population,411264,persons,T2,WB-WDI-2024
Qatar,1989,population,425646,persons,T2,WB-WDI-2024
Qatar,1990,population,440175,persons,T2,WB-WDI-2024
Qatar,1991,population,454853,persons,T2,WB-WDI-2024
Qatar,1992,population,469657,persons,T2,WB-WDI-2024
Qatar,1993,population,484545,persons,T2,WB-WDI-2024
Qatar,1994,population,499459,persons,T2,WB-WDI-2024
Qatar,1995,population,514325,persons,T2,WB-WDI-2024
Qatar,1996,population,529019,persons,T2,WB-WDI-2024
Qatar,1997,population,550500,persons,T2,WB-WDI-2024
Qatar,1998,population,580540,persons,T2,WB-WDI-2024
Qatar,1999,population,612500,persons,T2,WB-WDI-2024
Qatar,2000,population,644989,persons,T2,WB-WDI-2024
Qatar,2001,population,677925,persons,T2,WB-WDI-2024
Qatar,2002,population,711205,persons,T2,WB-WDI-2024
Qatar,2003,population,744682,persons,T2,WB-WDI-2024
Qatar,2004,population,773332,persons,T2,WB-WDI-2024
Qatar,2005,population,825408,persons,T2,WB-WDI-2024
Qatar,2006,population,972831,persons,T2,WB-WDI-2024
Qatar,2007,population,1208595,persons,T2,WB-WDI-2024
Qatar,2008,population,1426938,persons,T2,WB-WDI-2024
Qatar,2009,population,1608903,persons,T2,WB-WDI-2024
Qatar,2010,population,1616832,persons,T2,WB-WDI-2024
Qatar,2011,population,1624761,persons,T2,WB-WDI-2024
Qatar,2012,population,1722438,persons,T2,WB-WDI-2024
Qatar,2013,population,1916426,persons,T2,WB-WDI-2024
Qatar,2014,population,2151745,persons,T2,WB-WDI-2024
Qatar,2015,population,2344557,persons,T2,WB-WDI-2024
Qatar,2016,population,2477113,persons,T2,WB-WDI-2024
Qatar,2017,population,2545820,persons,T2,WB-WDI-2024
Qatar,2018,population,2580734,persons,T2,WB-WDI-2024
Qatar,2019,population,2638657,persons,T2,WB-WDI-2024
Qatar,2020,population,2794148,persons,T2,WB-WDI-2024
Qatar,2021,population,2504910,persons,T2,WB-WDI-2024
Qatar,2022,population,2657333,persons,T2,WB-WDI-2024
Qatar,2023,population,2656032,persons,T2,WB-WDI-2024
Qatar,2024,population,2857822,persons,T2,WB-WDI-2024
Qatar,1994,trade_pct_gdp,78.650,percent,T2,WB-WDI-2024
Qatar,1995,trade_pct_gdp,87.668,percent,T2,WB-WDI-2024
Qatar,1996,trade_pct_gdp,83.509,percent,T2,WB-WDI-2024
Qatar,1997,trade_pct_gdp,84.447,percent,T2,WB-WDI-2024
Qatar,1998,trade_pct_gdp,91.058,percent,T2,WB-WDI-2024
Qatar,1999,trade_pct_gdp,85.733,percent,T2,WB-WDI-2024
Qatar,2000,trade_pct_gdp,89.613,percent,T2,WB-WDI-2024
Qatar,2001,trade_pct_gdp,94.969,percent,T2,WB-WDI-2024
Qatar,2002,trade_pct_gdp,88.470,percent,T2,WB-WDI-2024
Qatar,2003,trade_pct_gdp,90.165,percent,T2,WB-WDI-2024
Qatar,2004,trade_pct_gdp,90.372,percent,T2,WB-WDI-2024
Qatar,2005,trade_pct_gdp,94.746,percent,T2,WB-WDI-2024
Qatar,2006,trade_pct_gdp,98.571,percent,T2,WB-WDI-2024
Qatar,2007,trade_pct_gdp,96.114,percent,T2,WB-WDI-2024
Qatar,2008,trade_pct_gdp,89.433,percent,T2,WB-WDI-2024
Qatar,2009,trade_pct_gdp,80.144,percent,T2,WB-WDI-2024
Qatar,2010,trade_pct_gdp,87.111,percent,T2,WB-WDI-2024
Qatar,2011,trade_pct_gdp,98.722,percent,T2,WB-WDI-2024
Qatar,2012,trade_pct_gdp,105.746,percent,T2,WB-WDI-2024
Qatar,2013,trade_pct_gdp,102.383,percent,T2,WB-WDI-2024
Qatar,2014,trade_pct_gdp,99.034,percent,T2,WB-WDI-2024
Qatar,2015,trade_pct_gdp,93.708,percent,T2,WB-WDI-2024
Qatar,2016,trade_pct_gdp,89.548,percent,T2,WB-WDI-2024
Qatar,2017,trade_pct_gdp,91.495,percent,T2,WB-WDI-2024
Qatar,2018,trade_pct_gdp,91.838,percent,T2,WB-WDI-2024
Qatar,2019,trade_pct_gdp,90.046,percent,T2,WB-WDI-2024
Qatar,2020,trade_pct_gdp,90.019,percent,T2,WB-WDI-2024
Qatar,2021,trade_pct_gdp,92.779,percent,T2,WB-WDI-2024
Qatar,2022,trade_pct_gdp,100.214,percent,T2,WB-WDI-2024
Qatar,1991,unemployment_rate,0.870,percent,T2,WB-WDI-2024
Qatar,1992,unemployment_rate,0.870,percent,T2,WB-WDI-2024
Qatar,1993,unemployment_rate,0.870,percent,T2,WB-WDI-2024
Qatar,1994,unemployment_rate,0.870,percent,T2,WB-WDI-2024
Qatar,1995,unemployment_rate,0.870,percent,T2,WB-WDI-2024
Qatar,1996,unemployment_rate,0.870,percent,T2,WB-WDI-2024
Qatar,1997,unemployment_rate,0.870,percent,T2,WB-WDI-2024
Qatar,1998,unemployment_rate,0.870,percent,T2,WB-WDI-2024
Qatar,1999,unemployment_rate,0.870,percent,T2,WB-WDI-2024
Qatar,2000,unemployment_rate,0.870,percent,T2,WB-WDI-2024
Qatar,2001,unemployment_rate,0.870,percent,T2,WB-WDI-2024
Qatar,2002,unemployment_rate,0.870,percent,T2,WB-WDI-2024
Qatar,2003,unemployment_rate,0.870,percent,T2,WB-WDI-2024
Qatar,2004,unemployment_rate,0.870,percent,T2,WB-WDI-2024
Qatar,2005,unemployment_rate,0.870,percent,T2,WB-WDI-2024
Qatar,2006,unemployment_rate,0.870,percent,T2,WB-WDI-2024
Qatar,2007,unemployment_rate,0.520,percent,T2,WB-WDI-2024
Qatar,2008,unemployment_rate,0.310,percent,T2,WB-WDI-2024
Qatar,2009,unemployment_rate,0.310,percent,T2,WB-WDI-2024
Qatar,2010,unemployment_rate,0.450,percent,T2,WB-WDI-2024
Qatar,2011,unemployment_rate,0.560,percent,T2,WB-WDI-2024
Qatar,2012,unemployment_rate,0.480,percent,T2,WB-WDI-2024
Qatar,2013,unemployment_rate,0.280,percent,T2,WB-WDI-2024
Qatar,2014,unemployment_rate,0.200,percent,T2,WB-WDI-2024
Qatar,2015,unemployment_rate,0.170,percent,T2,WB-WDI-2024
Qatar,2016,unemployment_rate,0.150,percent,T2,WB-WDI-2024
Qatar,2017,unemployment_rate,0.140,percent,T2,WB-WDI-2024
Qatar,2018,unemployment_rate,0.110,percent,T2,WB-WDI-2024
Qatar,2019,unemployment_rate,0.100,percent,T2,WB-WDI-2024
Qatar,2020,unemployment_rate,0.140,percent,T2,WB-WDI-2024
Qatar,2021,unemployment_rate,0.140,percent,T2,WB-WDI-2024
Qatar,2022,unemployment_rate,0.130,percent,T2,WB-WDI-2024
Qatar,2023,unemployment_rate,0.130,percent,T2,WB-WDI-2024
Qatar,2024,unemployment_rate,0.130,percent,T2,WB-WDI-2024
Russia,1979,gas_exports,50,billion_cubic_meters_per_year,T1,EI-2024
Russia,1980,gas_exports,58,billion_cubic_meters_per_year,T1,EI-2024
Russia,1981,gas_exports,64,billion_cubic_meters_per_year,T1,EI-2024
Russia,1982,gas_exports,70,billion_cubic_meters_per_year,T1,EI-2024
Russia,1983,gas_exports,76,billion_cubic_meters_per_year,T1,EI-2024
Russia,1984,gas_exports,82,billion_cubic_meters_per_year,T1,EI-2024
Russia,1985,gas_exports,86,billion_cubic_meters_per_year,T1,EI-2024
Russia,1986,gas_exports,96,billion_cubic_meters_per_year,T1,EI-2024
Russia,1987,gas_exports,108,billion_cubic_meters_per_year,T1,EI-2024
Russia,1988,gas_exports,117,billion_cubic_meters_per_year,T1,EI-2024
Russia,1989,gas_exports,126,billion_cubic_meters_per_year,T1,EI-2024
Russia,1990,gas_exports,132,billion_cubic_meters_per_year,T1,EI-2024
Russia,1991,gas_exports,130,billion_cubic_meters_per_year,T1,EI-2024
Russia,1992,gas_exports,136,billion_cubic_meters_per_year,T1,EI-2024
Russia,1993,gas_exports,140,billion_cubic_meters_per_year,T1,EI-2024
Russia,1994,gas_exports,154,billion_cubic_meters_per_year,T1,EI-2024
Russia,1995,gas_exports,168,billion_cubic_meters_per_year,T1,EI-2024
Russia,1996,gas_exports,180,billion_cubic_meters_per_year,T1,EI-2024
Russia,1997,gas_exports,173,billion_cubic_meters_per_year,T1,EI-2024
Russia,1998,gas_exports,175,billion_cubic_meters_per_year,T1,EI-2024
Russia,1999,gas_exports,173,billion_cubic_meters_per_year,T1,EI-2024
Russia,2000,gas_exports,178,billion_cubic_meters_per_year,T1,EI-2024
Russia,2001,gas_exports,168,billion_cubic_meters_per_year,T1,EI-2024
Russia,2002,gas_exports,169,billion_cubic_meters_per_year,T1,EI-2024
Russia,2003,gas_exports,175,billion_cubic_meters_per_year,T1,EI-2024
Russia,2004,gas_exports,178,billion_cubic_meters_per_year,T1,EI-2024
Russia,2005,gas_exports,184,billion_cubic_meters_per_year,T1,EI-2024
Russia,2006,gas_exports,184,billion_cubic_meters_per_year,T1,EI-2024
Russia,2007,gas_exports,180,billion_cubic_meters_per_year,T1,EI-2024
Russia,2008,gas_exports,169,billion_cubic_meters_per_year,T1,EI-2024
Russia,2009,gas_exports,156,billion_cubic_meters_per_year,T1,EI-2024
Russia,2010,gas_exports,178,billion_cubic_meters_per_year,T1,EI-2024
Russia,2011,gas_exports,188,billion_cubic_meters_per_year,T1,EI-2024
Russia,2012,gas_exports,178,billion_cubic_meters_per_year,T1,EI-2024
Russia,2013,gas_exports,196,billion_cubic_meters_per_year,T1,EI-2024
Russia,2014,gas_exports,174,billion_cubic_meters_per_year,T1,EI-2024
Russia,2015,gas_exports,185,billion_cubic_meters_per_year,T1,EI-2024
Russia,2016,gas_exports,207,billion_cubic_meters_per_year,T1,EI-2024
Russia,2017,gas_exports,224,billion_cubic_meters_per_year,T1,EI-2024
Russia,2018,gas_exports,245,billion_cubic_meters_per_year,T1,EI-2024
Russia,2019,gas_exports,245,billion_cubic_meters_per_year,T1,EI-2024
Russia,2020,gas_exports,199,billion_cubic_meters_per_year,T1,EI-2024
Russia,2021,gas_exports,233,billion_cubic_meters_per_year,T1,EI-2024
Russia,2022,gas_exports,178,billion_cubic_meters_per_year,T2,EI-2024
Russia,2023,gas_exports,130,billion_cubic_meters_per_year,T2,EI-2024
Russia,2024,gas_exports,110,billion_cubic_meters_per_year,T2,EI-2024
Russia,2025,gas_exports,85,billion_cubic_meters_per_year,T4,PROJ-DB
Russia,2026,gas_exports,65,billion_cubic_meters_per_year,T4,IEA-OMR-2026
Russia,1979,gas_production,406,billion_cubic_meters_per_year,T1,EI-2024
Russia,1980,gas_production,435,billion_cubic_meters_per_year,T1,EI-2024
Russia,1981,gas_production,465,billion_cubic_meters_per_year,T1,EI-2024
Russia,1982,gas_production,501,billion_cubic_meters_per_year,T1,EI-2024
Russia,1983,gas_production,535,billion_cubic_meters_per_year,T1,EI-2024
Russia,1984,gas_production,587,billion_cubic_meters_per_year,T1,EI-2024
Russia,1985,gas_production,643,billion_cubic_meters_per_year,T1,EI-2024
Russia,1986,gas_production,686,billion_cubic_meters_per_year,T1,EI-2024
Russia,1987,gas_production,727,billion_cubic_meters_per_year,T1,EI-2024
Russia,1988,gas_production,770,billion_cubic_meters_per_year,T1,EI-2024
Russia,1989,gas_production,796,billion_cubic_meters_per_year,T1,EI-2024
Russia,1990,gas_production,815,billion_cubic_meters_per_year,T1,EI-2024
Russia,1991,gas_production,810,billion_cubic_meters_per_year,T1,EI-2024
Russia,1992,gas_production,641,billion_cubic_meters_per_year,T1,EI-2024
Russia,1993,gas_production,618,billion_cubic_meters_per_year,T1,EI-2024
Russia,1994,gas_production,607,billion_cubic_meters_per_year,T1,EI-2024
Russia,1995,gas_production,595,billion_cubic_meters_per_year,T1,EI-2024
Russia,1996,gas_production,601,billion_cubic_meters_per_year,T1,EI-2024
Russia,1997,gas_production,571,billion_cubic_meters_per_year,T1,EI-2024
Russia,1998,gas_production,591,billion_cubic_meters_per_year,T1,EI-2024
Russia,1999,gas_production,590,billion_cubic_meters_per_year,T1,EI-2024
Russia,2000,gas_production,545,billion_cubic_meters_per_year,T1,EI-2024
Russia,2001,gas_production,542,billion_cubic_meters_per_year,T1,EI-2024
Russia,2002,gas_production,555,billion_cubic_meters_per_year,T1,EI-2024
Russia,2003,gas_production,581,billion_cubic_meters_per_year,T1,EI-2024
Russia,2004,gas_production,591,billion_cubic_meters_per_year,T1,EI-2024
Russia,2005,gas_production,598,billion_cubic_meters_per_year,T1,EI-2024
Russia,2006,gas_production,612,billion_cubic_meters_per_year,T1,EI-2024
Russia,2007,gas_production,591,billion_cubic_meters_per_year,T1,EI-2024
Russia,2008,gas_production,601,billion_cubic_meters_per_year,T1,EI-2024
Russia,2009,gas_production,528,billion_cubic_meters_per_year,T1,EI-2024
Russia,2010,gas_production,588,billion_cubic_meters_per_year,T1,EI-2024
Russia,2011,gas_production,608,billion_cubic_meters_per_year,T1,EI-2024
Russia,2012,gas_production,592,billion_cubic_meters_per_year,T1,EI-2024
Russia,2013,gas_production,605,billion_cubic_meters_per_year,T1,EI-2024
Russia,2014,gas_production,581,billion_cubic_meters_per_year,T1,EI-2024
Russia,2015,gas_production,574,billion_cubic_meters_per_year,T1,EI-2024
Russia,2016,gas_production,596,billion_cubic_meters_per_year,T1,EI-2024
Russia,2017,gas_production,633,billion_cubic_meters_per_year,T1,EI-2024
Russia,2018,gas_production,670,billion_cubic_meters_per_year,T1,EI-2024
Russia,2019,gas_production,679,billion_cubic_meters_per_year,T1,EI-2024
Russia,2020,gas_production,638,billion_cubic_meters_per_year,T1,EI-2024
Russia,2021,gas_production,702,billion_cubic_meters_per_year,T1,EI-2024
Russia,2022,gas_production,619,billion_cubic_meters_per_year,T1,EI-2024
Russia,2023,gas_production,587,billion_cubic_meters_per_year,T1,EI-2024
Russia,2024,gas_production,605,billion_cubic_meters_per_year,T2,EI-2024
Russia,2025,gas_production,615,billion_cubic_meters_per_year,T4,PROJ-DB
Russia,2026,gas_production,580,billion_cubic_meters_per_year,T4,IEA-OMR-2026
Russia,1988,gdp_nominal_usd,554828660436.14,USD_current,T4,WB-WDI-2024
Russia,1989,gdp_nominal_usd,506631299734.75,USD_current,T4,WB-WDI-2024
Russia,1990,gdp_nominal_usd,517014446227.93,USD_current,T4,WB-WDI-2024
Russia,1991,gdp_nominal_usd,517962962962.96,USD_current,T4,WB-WDI-2024
Russia,1992,gdp_nominal_usd,460290556900.73,USD_current,T2,WB-WDI-2024
Russia,1993,gdp_nominal_usd,435083713850.84,USD_current,T2,WB-WDI-2024
Russia,1994,gdp_nominal_usd,395077301248.46,USD_current,T2,WB-WDI-2024
Russia,1995,gdp_nominal_usd,395537185734.85,USD_current,T2,WB-WDI-2024
Russia,1996,gdp_nominal_usd,391724890744.50,USD_current,T2,WB-WDI-2024
Russia,1997,gdp_nominal_usd,404928954191.88,USD_current,T2,WB-WDI-2024
Russia,1998,gdp_nominal_usd,270955486862.44,USD_current,T2,WB-WDI-2024
Russia,1999,gdp_nominal_usd,195907128350.93,USD_current,T2,WB-WDI-2024
Russia,2000,gdp_nominal_usd,259710142196.94,USD_current,T2,WB-WDI-2024
Russia,2001,gdp_nominal_usd,306602070620.50,USD_current,T2,WB-WDI-2024
Russia,2002,gdp_nominal_usd,345470494417.86,USD_current,T2,WB-WDI-2024
Russia,2003,gdp_nominal_usd,430347420184.89,USD_current,T2,WB-WDI-2024
Russia,2004,gdp_nominal_usd,591016690732.39,USD_current,T2,WB-WDI-2024
Russia,2005,gdp_nominal_usd,764015973481.11,USD_current,T2,WB-WDI-2024
Russia,2006,gdp_nominal_usd,989932071352.54,USD_current,T2,WB-WDI-2024
Russia,2007,gdp_nominal_usd,1299703478481.65,USD_current,T2,WB-WDI-2024
Russia,2008,gdp_nominal_usd,1660848058303.11,USD_current,T2,WB-WDI-2024
Russia,2009,gdp_nominal_usd,1222645900055.70,USD_current,T2,WB-WDI-2024
Russia,2010,gdp_nominal_usd,1524916715223.95,USD_current,T2,WB-WDI-2024
Russia,2011,gdp_nominal_usd,2045922753398.04,USD_current,T2,WB-WDI-2024
Russia,2012,gdp_nominal_usd,2208293553878.42,USD_current,T2,WB-WDI-2024
Russia,2013,gdp_nominal_usd,2292470078346.22,USD_current,T2,WB-WDI-2024
Russia,2014,gdp_nominal_usd,2059241589895.01,USD_current,T2,WB-WDI-2024
Russia,2015,gdp_nominal_usd,1363482182197.71,USD_current,T2,WB-WDI-2024
Russia,2016,gdp_nominal_usd,1276786350881.14,USD_current,T2,WB-WDI-2024
Russia,2017,gdp_nominal_usd,1574199360089.00,USD_current,T2,WB-WDI-2024
Russia,2018,gdp_nominal_usd,1657328773461.31,USD_current,T2,WB-WDI-2024
Russia,2019,gdp_nominal_usd,1693115002708.32,USD_current,T2,WB-WDI-2024
Russia,2020,gdp_nominal_usd,1493075894362.14,USD_current,T2,WB-WDI-2024
Russia,2021,gdp_nominal_usd,1829186719575.10,USD_current,T2,WB-WDI-2024
Russia,2022,gdp_nominal_usd,2291612121334.64,USD_current,T2,WB-WDI-2024
Russia,2023,gdp_nominal_usd,2071505725030.58,USD_current,T2,WB-WDI-2024
Russia,2024,gdp_nominal_usd,2173835806671.66,USD_current,T2,WB-WDI-2024
Russia,1990,gdp_per_capita_ppp,8027.79,USD_PPP_current_intl,T4,WB-WDI-2024
Russia,1991,gdp_per_capita_ppp,7857.85,USD_PPP_current_intl,T4,WB-WDI-2024
Russia,1992,gdp_per_capita_ppp,6862.41,USD_PPP_current_intl,T2,WB-WDI-2024
Russia,1993,gdp_per_capita_ppp,6419.54,USD_PPP_current_intl,T2,WB-WDI-2024
Russia,1994,gdp_per_capita_ppp,5734.42,USD_PPP_current_intl,T2,WB-WDI-2024
Russia,1995,gdp_per_capita_ppp,5613.28,USD_PPP_current_intl,T2,WB-WDI-2024
Russia,1996,gdp_per_capita_ppp,5517.86,USD_PPP_current_intl,T2,WB-WDI-2024
Russia,1997,gdp_per_capita_ppp,5699.95,USD_PPP_current_intl,T2,WB-WDI-2024
Russia,1998,gdp_per_capita_ppp,5465.06,USD_PPP_current_intl,T2,WB-WDI-2024
Russia,1999,gdp_per_capita_ppp,5914.33,USD_PPP_current_intl,T2,WB-WDI-2024
Russia,2000,gdp_per_capita_ppp,6825.39,USD_PPP_current_intl,T2,WB-WDI-2024
Russia,2001,gdp_per_capita_ppp,7361.36,USD_PPP_current_intl,T2,WB-WDI-2024
Russia,2002,gdp_per_capita_ppp,8037.47,USD_PPP_current_intl,T2,WB-WDI-2024
Russia,2003,gdp_per_capita_ppp,9254.54,USD_PPP_current_intl,T2,WB-WDI-2024
Russia,2004,gdp_per_capita_ppp,10226.77,USD_PPP_current_intl,T2,WB-WDI-2024
Russia,2005,gdp_per_capita_ppp,11822.35,USD_PPP_current_intl,T2,WB-WDI-2024
Russia,2006,gdp_per_capita_ppp,14912.23,USD_PPP_current_intl,T2,WB-WDI-2024
Russia,2007,gdp_per_capita_ppp,16648.24,USD_PPP_current_intl,T2,WB-WDI-2024
Russia,2008,gdp_per_capita_ppp,20163.61,USD_PPP_current_intl,T2,WB-WDI-2024
Russia,2009,gdp_per_capita_ppp,19389.94,USD_PPP_current_intl,T2,WB-WDI-2024
Russia,2010,gdp_per_capita_ppp,20490.13,USD_PPP_current_intl,T2,WB-WDI-2024
Russia,2011,gdp_per_capita_ppp,22789.54,USD_PPP_current_intl,T2,WB-WDI-2024
Russia,2012,gdp_per_capita_ppp,24273.52,USD_PPP_current_intl,T2,WB-WDI-2024
Russia,2013,gdp_per_capita_ppp,26019.73,USD_PPP_current_intl,T2,WB-WDI-2024
Russia,2014,gdp_per_capita_ppp,25688.23,USD_PPP_current_intl,T2,WB-WDI-2024
Russia,2015,gdp_per_capita_ppp,23994.01,USD_PPP_current_intl,T2,WB-WDI-2024
Russia,2016,gdp_per_capita_ppp,24012.40,USD_PPP_current_intl,T2,WB-WDI-2024
Russia,2017,gdp_per_capita_ppp,25777.90,USD_PPP_current_intl,T2,WB-WDI-2024
Russia,2018,gdp_per_capita_ppp,28628.56,USD_PPP_current_intl,T2,WB-WDI-2024
Russia,2019,gdp_per_capita_ppp,30963.85,USD_PPP_current_intl,T2,WB-WDI-2024
Russia,2020,gdp_per_capita_ppp,31490.80,USD_PPP_current_intl,T2,WB-WDI-2024
Russia,2021,gdp_per_capita_ppp,38638.43,USD_PPP_current_intl,T2,WB-WDI-2024
Russia,2022,gdp_per_capita_ppp,40938.99,USD_PPP_current_intl,T2,WB-WDI-2024
Russia,2023,gdp_per_capita_ppp,44268.73,USD_PPP_current_intl,T2,WB-WDI-2024
Russia,2024,gdp_per_capita_ppp,47404.96,USD_PPP_current_intl,T2,WB-WDI-2024
Russia,1988,gdp_per_capita_usd,3778.02,USD_current,T4,WB-WDI-2024
Russia,1989,gdp_per_capita_usd,3429.65,USD_current,T4,WB-WDI-2024
Russia,1990,gdp_per_capita_usd,3494.06,USD_current,T4,WB-WDI-2024
Russia,1991,gdp_per_capita_usd,3490.45,USD_current,T4,WB-WDI-2024
Russia,1992,gdp_per_capita_usd,3098.80,USD_current,T2,WB-WDI-2024
Russia,1993,gdp_per_capita_usd,2930.67,USD_current,T2,WB-WDI-2024
Russia,1994,gdp_per_capita_usd,2662.10,USD_current,T2,WB-WDI-2024
Russia,1995,gdp_per_capita_usd,2665.78,USD_current,T2,WB-WDI-2024
Russia,1996,gdp_per_capita_usd,2643.93,USD_current,T2,WB-WDI-2024
Russia,1997,gdp_per_capita_usd,2737.57,USD_current,T2,WB-WDI-2024
Russia,1998,gdp_per_capita_usd,1834.86,USD_current,T2,WB-WDI-2024
Russia,1999,gdp_per_capita_usd,1330.76,USD_current,T2,WB-WDI-2024
Russia,2000,gdp_per_capita_usd,1771.59,USD_current,T2,WB-WDI-2024
Russia,2001,gdp_per_capita_usd,2100.35,USD_current,T2,WB-WDI-2024
Russia,2002,gdp_per_capita_usd,2377.53,USD_current,T2,WB-WDI-2024
Russia,2003,gdp_per_capita_usd,2975.12,USD_current,T2,WB-WDI-2024
Russia,2004,gdp_per_capita_usd,4102.36,USD_current,T2,WB-WDI-2024
Russia,2005,gdp_per_capita_usd,5323.46,USD_current,T2,WB-WDI-2024
Russia,2006,gdp_per_capita_usd,6920.20,USD_current,T2,WB-WDI-2024
Russia,2007,gdp_per_capita_usd,9101.24,USD_current,T2,WB-WDI-2024
Russia,2008,gdp_per_capita_usd,11635.28,USD_current,T2,WB-WDI-2024
Russia,2009,gdp_per_capita_usd,8562.82,USD_current,T2,WB-WDI-2024
Russia,2010,gdp_per_capita_usd,10674.99,USD_current,T2,WB-WDI-2024
Russia,2011,gdp_per_capita_usd,14305.33,USD_current,T2,WB-WDI-2024
Russia,2012,gdp_per_capita_usd,15401.85,USD_current,T2,WB-WDI-2024
Russia,2013,gdp_per_capita_usd,15941.45,USD_current,T2,WB-WDI-2024
Russia,2014,gdp_per_capita_usd,14055.47,USD_current,T2,WB-WDI-2024
Russia,2015,gdp_per_capita_usd,9277.71,USD_current,T2,WB-WDI-2024
Russia,2016,gdp_per_capita_usd,8663.16,USD_current,T2,WB-WDI-2024
Russia,2017,gdp_per_capita_usd,10658.91,USD_current,T2,WB-WDI-2024
Russia,2018,gdp_per_capita_usd,11211.89,USD_current,T2,WB-WDI-2024
Russia,2019,gdp_per_capita_usd,11447.70,USD_current,T2,WB-WDI-2024
Russia,2020,gdp_per_capita_usd,10108.33,USD_current,T2,WB-WDI-2024
Russia,2021,gdp_per_capita_usd,12425.03,USD_current,T2,WB-WDI-2024
Russia,2022,gdp_per_capita_usd,15619.61,USD_current,T2,WB-WDI-2024
Russia,2023,gdp_per_capita_usd,14159.39,USD_current,T2,WB-WDI-2024
Russia,2024,gdp_per_capita_usd,14889.02,USD_current,T2,WB-WDI-2024
Russia,1992,military_spending_pct_gdp,4.427,percent,T2,SIPRI-MILEX-2024
Russia,1993,military_spending_pct_gdp,4.181,percent,T2,SIPRI-MILEX-2024
Russia,1994,military_spending_pct_gdp,4.524,percent,T2,SIPRI-MILEX-2024
Russia,1995,military_spending_pct_gdp,3.784,percent,T2,SIPRI-MILEX-2024
Russia,1996,military_spending_pct_gdp,3.757,percent,T2,SIPRI-MILEX-2024
Russia,1997,military_spending_pct_gdp,4.040,percent,T2,SIPRI-MILEX-2024
Russia,1998,military_spending_pct_gdp,2.733,percent,T2,SIPRI-MILEX-2024
Russia,1999,military_spending_pct_gdp,3.073,percent,T2,SIPRI-MILEX-2024
Russia,2000,military_spending_pct_gdp,3.307,percent,T2,SIPRI-MILEX-2024
Russia,2001,military_spending_pct_gdp,3.546,percent,T2,SIPRI-MILEX-2024
Russia,2002,military_spending_pct_gdp,3.756,percent,T2,SIPRI-MILEX-2024
Russia,2003,military_spending_pct_gdp,3.671,percent,T2,SIPRI-MILEX-2024
Russia,2004,military_spending_pct_gdp,3.300,percent,T2,SIPRI-MILEX-2024
Russia,2005,military_spending_pct_gdp,3.331,percent,T2,SIPRI-MILEX-2024
Russia,2006,military_spending_pct_gdp,3.246,percent,T2,SIPRI-MILEX-2024
Russia,2007,military_spending_pct_gdp,3.119,percent,T2,SIPRI-MILEX-2024
Russia,2008,military_spending_pct_gdp,3.149,percent,T2,SIPRI-MILEX-2024
Russia,2009,military_spending_pct_gdp,3.924,percent,T2,SIPRI-MILEX-2024
Russia,2010,military_spending_pct_gdp,3.585,percent,T2,SIPRI-MILEX-2024
Russia,2011,military_spending_pct_gdp,3.433,percent,T2,SIPRI-MILEX-2024
Russia,2012,military_spending_pct_gdp,3.689,percent,T2,SIPRI-MILEX-2024
Russia,2013,military_spending_pct_gdp,3.854,percent,T2,SIPRI-MILEX-2024
Russia,2014,military_spending_pct_gdp,4.113,percent,T2,SIPRI-MILEX-2024
Russia,2015,military_spending_pct_gdp,4.872,percent,T2,SIPRI-MILEX-2024
Russia,2016,military_spending_pct_gdp,5.425,percent,T2,SIPRI-MILEX-2024
Russia,2017,military_spending_pct_gdp,4.249,percent,T2,SIPRI-MILEX-2024
Russia,2018,military_spending_pct_gdp,3.720,percent,T2,SIPRI-MILEX-2024
Russia,2019,military_spending_pct_gdp,3.847,percent,T2,SIPRI-MILEX-2024
Russia,2020,military_spending_pct_gdp,4.145,percent,T2,SIPRI-MILEX-2024
Russia,2021,military_spending_pct_gdp,3.604,percent,T2,SIPRI-MILEX-2024
Russia,2022,military_spending_pct_gdp,4.556,percent,T2,SIPRI-MILEX-2024
Russia,2023,military_spending_pct_gdp,5.272,percent,T2,SIPRI-MILEX-2024
Russia,2024,military_spending_pct_gdp,6.874,percent,T2,SIPRI-MILEX-2024
Russia,2025,military_spending_pct_gdp,7.501,percent,T2,SIPRI-MILEX-2024
Russia,1987,military_spending_usd,225021100849.77,USD_current,T4,SIPRI-MILEX-2024
Russia,1988,military_spending_usd,246010993115.96,USD_current,T4,SIPRI-MILEX-2024
Russia,1989,military_spending_usd,218759663794.05,USD_current,T4,SIPRI-MILEX-2024
Russia,1990,military_spending_usd,219114061831.36,USD_current,T4,SIPRI-MILEX-2024
Russia,1993,military_spending_usd,7766720078.41,USD_current,T2,SIPRI-MILEX-2024
Russia,1994,military_spending_usd,13547871733.42,USD_current,T2,SIPRI-MILEX-2024
Russia,1995,military_spending_usd,12741629470.41,USD_current,T2,SIPRI-MILEX-2024
Russia,1996,military_spending_usd,15826340651.81,USD_current,T2,SIPRI-MILEX-2024
Russia,1997,military_spending_usd,17577353180.65,USD_current,T2,SIPRI-MILEX-2024
Russia,1998,military_spending_usd,7955730400.99,USD_current,T2,SIPRI-MILEX-2024
Russia,1999,military_spending_usd,6469035211.35,USD_current,T2,SIPRI-MILEX-2024
Russia,2000,military_spending_usd,9228204143.74,USD_current,T2,SIPRI-MILEX-2024
Russia,2001,military_spending_usd,11683151344.77,USD_current,T2,SIPRI-MILEX-2024
Russia,2002,military_spending_usd,13943825063.40,USD_current,T2,SIPRI-MILEX-2024
Russia,2003,military_spending_usd,16973739085.10,USD_current,T2,SIPRI-MILEX-2024
Russia,2004,military_spending_usd,20955413570.63,USD_current,T2,SIPRI-MILEX-2024
Russia,2005,military_spending_usd,27336977273.69,USD_current,T2,SIPRI-MILEX-2024
Russia,2006,military_spending_usd,34517781618.92,USD_current,T2,SIPRI-MILEX-2024
Russia,2007,military_spending_usd,43534994996.25,USD_current,T2,SIPRI-MILEX-2024
Russia,2008,military_spending_usd,56183785393.25,USD_current,T2,SIPRI-MILEX-2024
Russia,2009,military_spending_usd,51532116797.52,USD_current,T2,SIPRI-MILEX-2024
Russia,2010,military_spending_usd,58720227608.76,USD_current,T2,SIPRI-MILEX-2024
Russia,2011,military_spending_usd,70237523951.49,USD_current,T2,SIPRI-MILEX-2024
Russia,2012,military_spending_usd,81469399931.26,USD_current,T2,SIPRI-MILEX-2024
Russia,2013,military_spending_usd,88352896463.56,USD_current,T2,SIPRI-MILEX-2024
Russia,2014,military_spending_usd,84696504653.50,USD_current,T2,SIPRI-MILEX-2024
Russia,2015,military_spending_usd,66421822179.92,USD_current,T2,SIPRI-MILEX-2024
Russia,2016,military_spending_usd,69267531881.34,USD_current,T2,SIPRI-MILEX-2024
Russia,2017,military_spending_usd,66887635161.95,USD_current,T2,SIPRI-MILEX-2024
Russia,2018,military_spending_usd,61649658199.49,USD_current,T2,SIPRI-MILEX-2024
Russia,2019,military_spending_usd,65141250217.71,USD_current,T2,SIPRI-MILEX-2024
Russia,2020,military_spending_usd,61883789926.92,USD_current,T2,SIPRI-MILEX-2024
Russia,2021,military_spending_usd,65918129750.65,USD_current,T2,SIPRI-MILEX-2024
Russia,2022,military_spending_usd,104402512815.17,USD_current,T2,SIPRI-MILEX-2024
Russia,2023,military_spending_usd,109203624738.38,USD_current,T2,SIPRI-MILEX-2024
Russia,2024,military_spending_usd,149401873965.45,USD_current,T2,SIPRI-MILEX-2024
Russia,2025,military_spending_usd,190416640325.21,USD_current,T2,SIPRI-MILEX-2024
Russia,1979,oil_exports,1642.5,million_barrels_per_year,T1,EI-2024
Russia,1980,oil_exports,1756.8,million_barrels_per_year,T1,EI-2024
Russia,1981,oil_exports,1752.0,million_barrels_per_year,T1,EI-2024
Russia,1982,oil_exports,1752.0,million_barrels_per_year,T1,EI-2024
Russia,1983,oil_exports,1752.0,million_barrels_per_year,T1,EI-2024
Russia,1984,oil_exports,1647.0,million_barrels_per_year,T1,EI-2024
Russia,1985,oil_exports,1606.0,million_barrels_per_year,T1,EI-2024
Russia,1986,oil_exports,1642.5,million_barrels_per_year,T1,EI-2024
Russia,1987,oil_exports,1642.5,million_barrels_per_year,T1,EI-2024
Russia,1988,oil_exports,1647.0,million_barrels_per_year,T1,EI-2024
Russia,1989,oil_exports,1460.0,million_barrels_per_year,T1,EI-2024
Russia,1990,oil_exports,1241.0,million_barrels_per_year,T1,EI-2024
Russia,1991,oil_exports,949.0,million_barrels_per_year,T1,EI-2024
Russia,1992,oil_exports,768.6,million_barrels_per_year,T1,EI-2024
Russia,1993,oil_exports,985.5,million_barrels_per_year,T1,EI-2024
Russia,1994,oil_exports,1131.5,million_barrels_per_year,T1,EI-2024
Russia,1995,oil_exports,1131.5,million_barrels_per_year,T1,EI-2024
Russia,1996,oil_exports,1281.0,million_barrels_per_year,T1,EI-2024
Russia,1997,oil_exports,1350.5,million_barrels_per_year,T1,EI-2024
Russia,1998,oil_exports,1277.5,million_barrels_per_year,T1,EI-2024
Russia,1999,oil_exports,1350.5,million_barrels_per_year,T1,EI-2024
Russia,2000,oil_exports,1464.0,million_barrels_per_year,T1,EI-2024
Russia,2001,oil_exports,1606.0,million_barrels_per_year,T1,EI-2024
Russia,2002,oil_exports,1825.0,million_barrels_per_year,T1,EI-2024
Russia,2003,oil_exports,2190.0,million_barrels_per_year,T1,EI-2024
Russia,2004,oil_exports,2452.2,million_barrels_per_year,T1,EI-2024
Russia,2005,oil_exports,2482.0,million_barrels_per_year,T1,EI-2024
Russia,2006,oil_exports,2555.0,million_barrels_per_year,T1,EI-2024
Russia,2007,oil_exports,2628.0,million_barrels_per_year,T1,EI-2024
Russia,2008,oil_exports,2635.2,million_barrels_per_year,T1,EI-2024
Russia,2009,oil_exports,2701.0,million_barrels_per_year,T1,EI-2024
Russia,2010,oil_exports,2737.5,million_barrels_per_year,T1,EI-2024
Russia,2011,oil_exports,2701.0,million_barrels_per_year,T1,EI-2024
Russia,2012,oil_exports,2708.4,million_barrels_per_year,T1,EI-2024
Russia,2013,oil_exports,2628.0,million_barrels_per_year,T1,EI-2024
Russia,2014,oil_exports,2701.0,million_barrels_per_year,T1,EI-2024
Russia,2015,oil_exports,2737.5,million_barrels_per_year,T1,EI-2024
Russia,2016,oil_exports,2928.0,million_barrels_per_year,T1,EI-2024
Russia,2017,oil_exports,2920.0,million_barrels_per_year,T1,EI-2024
Russia,2018,oil_exports,2920.0,million_barrels_per_year,T1,EI-2024
Russia,2019,oil_exports,2920.0,million_barrels_per_year,T1,EI-2024
Russia,2020,oil_exports,2708.4,million_barrels_per_year,T1,EI-2024
Russia,2021,oil_exports,2774.0,million_barrels_per_year,T1,EI-2024
Russia,2022,oil_exports,2847.0,million_barrels_per_year,T2,EI-2024
Russia,2023,oil_exports,2847.0,million_barrels_per_year,T2,EI-2024
Russia,2024,oil_exports,2745.0,million_barrels_per_year,T2,EI-2024
Russia,2025,oil_exports,2737.5,million_barrels_per_year,T4,PROJ-DB
Russia,2026,oil_exports,1825.0,million_barrels_per_year,T4,IEA-OMR-2026
Russia,1979,oil_production,4270.5,million_barrels_per_year,T1,EI-2024
Russia,1980,oil_production,4392.0,million_barrels_per_year,T1,EI-2024
Russia,1981,oil_production,4453.0,million_barrels_per_year,T1,EI-2024
Russia,1982,oil_production,4489.5,million_barrels_per_year,T1,EI-2024
Russia,1983,oil_production,4526.0,million_barrels_per_year,T1,EI-2024
Russia,1984,oil_production,4501.8,million_barrels_per_year,T1,EI-2024
Russia,1985,oil_production,4343.5,million_barrels_per_year,T1,EI-2024
Russia,1986,oil_production,4453.0,million_barrels_per_year,T1,EI-2024
Russia,1987,oil_production,4526.0,million_barrels_per_year,T1,EI-2024
Russia,1988,oil_production,4538.4,million_barrels_per_year,T1,EI-2024
Russia,1989,oil_production,4380.0,million_barrels_per_year,T1,EI-2024
Russia,1990,oil_production,4161.0,million_barrels_per_year,T1,EI-2024
Russia,1991,oil_production,3796.0,million_barrels_per_year,T2,EI-2024
Russia,1992,oil_production,3257.4,million_barrels_per_year,T2,EI-2024
Russia,1993,oil_production,2920.0,million_barrels_per_year,T2,EI-2024
Russia,1994,oil_production,2555.0,million_barrels_per_year,T2,EI-2024
Russia,1995,oil_production,2372.5,million_barrels_per_year,T2,EI-2024
Russia,1996,oil_production,2305.8,million_barrels_per_year,T2,EI-2024
Russia,1997,oil_production,2299.5,million_barrels_per_year,T2,EI-2024
Russia,1998,oil_production,2263.0,million_barrels_per_year,T2,EI-2024
Russia,1999,oil_production,2263.0,million_barrels_per_year,T2,EI-2024
Russia,2000,oil_production,2379.0,million_barrels_per_year,T1,EI-2024
Russia,2001,oil_production,2555.0,million_barrels_per_year,T1,EI-2024
Russia,2002,oil_production,2810.5,million_barrels_per_year,T1,EI-2024
Russia,2003,oil_production,3102.5,million_barrels_per_year,T1,EI-2024
Russia,2004,oil_production,3403.8,million_barrels_per_year,T1,EI-2024
Russia,2005,oil_production,3504.0,million_barrels_per_year,T1,EI-2024
Russia,2006,oil_production,3577.0,million_barrels_per_year,T1,EI-2024
Russia,2007,oil_production,3650.0,million_barrels_per_year,T1,EI-2024
Russia,2008,oil_production,3660.0,million_barrels_per_year,T1,EI-2024
Russia,2009,oil_production,3723.0,million_barrels_per_year,T1,EI-2024
Russia,2010,oil_production,3796.0,million_barrels_per_year,T1,EI-2024
Russia,2011,oil_production,3832.5,million_barrels_per_year,T1,EI-2024
Russia,2012,oil_production,3879.6,million_barrels_per_year,T1,EI-2024
Russia,2013,oil_production,3942.0,million_barrels_per_year,T1,EI-2024
Russia,2014,oil_production,3978.5,million_barrels_per_year,T1,EI-2024
Russia,2015,oil_production,4015.0,million_barrels_per_year,T1,EI-2024
Russia,2016,oil_production,4135.8,million_barrels_per_year,T1,EI-2024
Russia,2017,oil_production,4124.5,million_barrels_per_year,T1,EI-2024
Russia,2018,oil_production,4161.0,million_barrels_per_year,T1,EI-2024
Russia,2019,oil_production,4197.5,million_barrels_per_year,T1,EI-2024
Russia,2020,oil_production,3843.0,million_barrels_per_year,T1,EI-2024
Russia,2021,oil_production,3942.0,million_barrels_per_year,T1,EI-2024
Russia,2022,oil_production,4015.0,million_barrels_per_year,T1,EI-2024
Russia,2023,oil_production,3905.5,million_barrels_per_year,T1,EI-2024
Russia,2024,oil_production,3916.2,million_barrels_per_year,T2,EI-2024
Russia,2025,oil_production,3832.5,million_barrels_per_year,T2,EIA-STEO-2026
Russia,2026,oil_production,3467.5,million_barrels_per_year,T4,IEA-OMR-2026
Russia,1988,oil_rents_pct_gdp,4.880,percent,T4,WB-WDI-2024
Russia,1989,oil_rents_pct_gdp,8.275,percent,T4,WB-WDI-2024
Russia,1990,oil_rents_pct_gdp,10.375,percent,T4,WB-WDI-2024
Russia,1991,oil_rents_pct_gdp,4.524,percent,T4,WB-WDI-2024
Russia,1992,oil_rents_pct_gdp,4.800,percent,T2,WB-WDI-2024
Russia,1993,oil_rents_pct_gdp,4.305,percent,T2,WB-WDI-2024
Russia,1994,oil_rents_pct_gdp,3.858,percent,T2,WB-WDI-2024
Russia,1995,oil_rents_pct_gdp,4.546,percent,T2,WB-WDI-2024
Russia,1996,oil_rents_pct_gdp,6.321,percent,T2,WB-WDI-2024
Russia,1997,oil_rents_pct_gdp,4.828,percent,T2,WB-WDI-2024
Russia,1998,oil_rents_pct_gdp,2.224,percent,T2,WB-WDI-2024
Russia,1999,oil_rents_pct_gdp,8.760,percent,T2,WB-WDI-2024
Russia,2000,oil_rents_pct_gdp,15.356,percent,T2,WB-WDI-2024
Russia,2001,oil_rents_pct_gdp,10.300,percent,T2,WB-WDI-2024
Russia,2002,oil_rents_pct_gdp,10.462,percent,T2,WB-WDI-2024
Russia,2003,oil_rents_pct_gdp,10.934,percent,T2,WB-WDI-2024
Russia,2004,oil_rents_pct_gdp,11.696,percent,T2,WB-WDI-2024
Russia,2005,oil_rents_pct_gdp,13.687,percent,T2,WB-WDI-2024
Russia,2006,oil_rents_pct_gdp,12.445,percent,T2,WB-WDI-2024
Russia,2007,oil_rents_pct_gdp,10.733,percent,T2,WB-WDI-2024
Russia,2008,oil_rents_pct_gdp,12.395,percent,T2,WB-WDI-2024
Russia,2009,oil_rents_pct_gdp,9.192,percent,T2,WB-WDI-2024
Russia,2010,oil_rents_pct_gdp,8.571,percent,T2,WB-WDI-2024
Russia,2011,oil_rents_pct_gdp,10.678,percent,T2,WB-WDI-2024
Russia,2012,oil_rents_pct_gdp,9.613,percent,T2,WB-WDI-2024
Russia,2013,oil_rents_pct_gdp,8.680,percent,T2,WB-WDI-2024
Russia,2014,oil_rents_pct_gdp,9.087,percent,T2,WB-WDI-2024
Russia,2015,oil_rents_pct_gdp,5.933,percent,T2,WB-WDI-2024
Russia,2016,oil_rents_pct_gdp,5.006,percent,T2,WB-WDI-2024
Russia,2017,oil_rents_pct_gdp,6.229,percent,T2,WB-WDI-2024
Russia,2018,oil_rents_pct_gdp,9.655,percent,T2,WB-WDI-2024
Russia,2019,oil_rents_pct_gdp,8.494,percent,T2,WB-WDI-2024
Russia,2020,oil_rents_pct_gdp,4.708,percent,T2,WB-WDI-2024
Russia,2021,oil_rents_pct_gdp,9.672,percent,T2,WB-WDI-2024
Russia,1979,population,138027000,persons,T4,WB-WDI-2024
Russia,1980,population,139010000,persons,T4,WB-WDI-2024
Russia,1981,population,139941000,persons,T4,WB-WDI-2024
Russia,1982,population,140823000,persons,T4,WB-WDI-2024
Russia,1983,population,141668000,persons,T4,WB-WDI-2024
Russia,1984,population,142745000,persons,T4,WB-WDI-2024
Russia,1985,population,143858000,persons,T4,WB-WDI-2024
Russia,1986,population,144894000,persons,T4,WB-WDI-2024
Russia,1987,population,145908000,persons,T4,WB-WDI-2024
Russia,1988,population,146857000,persons,T4,WB-WDI-2024
Russia,1989,population,147721000,persons,T4,WB-WDI-2024
Russia,1990,population,147969406,persons,T4,WB-WDI-2024
Russia,1991,population,148394216,persons,T4,WB-WDI-2024
Russia,1992,population,148538197,persons,T2,WB-WDI-2024
Russia,1993,population,148458777,persons,T2,WB-WDI-2024
Russia,1994,population,148407912,persons,T2,WB-WDI-2024
Russia,1995,population,148375787,persons,T2,WB-WDI-2024
Russia,1996,population,148160129,persons,T2,WB-WDI-2024
Russia,1997,population,147915361,persons,T2,WB-WDI-2024
Russia,1998,population,147670784,persons,T2,WB-WDI-2024
Russia,1999,population,147214776,persons,T2,WB-WDI-2024
Russia,2000,population,146596869,persons,T2,WB-WDI-2024
Russia,2001,population,145976482,persons,T2,WB-WDI-2024
Russia,2002,population,145306497,persons,T2,WB-WDI-2024
Russia,2003,population,144648618,persons,T2,WB-WDI-2024
Russia,2004,population,144067316,persons,T2,WB-WDI-2024
Russia,2005,population,143518814,persons,T2,WB-WDI-2024
Russia,2006,population,143049637,persons,T2,WB-WDI-2024
Russia,2007,population,142805114,persons,T2,WB-WDI-2024
Russia,2008,population,142742366,persons,T2,WB-WDI-2024
Russia,2009,population,142785348,persons,T2,WB-WDI-2024
Russia,2010,population,142849468,persons,T2,WB-WDI-2024
Russia,2011,population,143018195,persons,T2,WB-WDI-2024
Russia,2012,population,143378447,persons,T2,WB-WDI-2024
Russia,2013,population,143805638,persons,T2,WB-WDI-2024
Russia,2014,population,144237223,persons,T2,WB-WDI-2024
Russia,2015,population,144640716,persons,T2,WB-WDI-2024
Russia,2016,population,145015460,persons,T2,WB-WDI-2024
Russia,2017,population,145293260,persons,T2,WB-WDI-2024
Russia,2018,population,145398106,persons,T2,WB-WDI-2024
Russia,2019,population,145453291,persons,T2,WB-WDI-2024
Russia,2020,population,145245148,persons,T2,WB-WDI-2024
Russia,2021,population,144746762,persons,T2,WB-WDI-2024
Russia,2022,population,144236933,persons,T2,WB-WDI-2024
Russia,2023,population,143826130,persons,T2,WB-WDI-2024
Russia,2024,population,143533851,persons,T2,WB-WDI-2024
Russia,1989,trade_pct_gdp,42.914,percent,T4,WB-WDI-2024
Russia,1990,trade_pct_gdp,36.107,percent,T4,WB-WDI-2024
Russia,1991,trade_pct_gdp,26.257,percent,T4,WB-WDI-2024
Russia,1992,trade_pct_gdp,110.577,percent,T2,WB-WDI-2024
Russia,1993,trade_pct_gdp,68.698,percent,T2,WB-WDI-2024
Russia,1994,trade_pct_gdp,50.954,percent,T2,WB-WDI-2024
Russia,1995,trade_pct_gdp,55.183,percent,T2,WB-WDI-2024
Russia,1996,trade_pct_gdp,47.923,percent,T2,WB-WDI-2024
Russia,1997,trade_pct_gdp,47.257,percent,T2,WB-WDI-2024
Russia,1998,trade_pct_gdp,55.772,percent,T2,WB-WDI-2024
Russia,1999,trade_pct_gdp,69.393,percent,T2,WB-WDI-2024
Russia,2000,trade_pct_gdp,68.094,percent,T2,WB-WDI-2024
Russia,2001,trade_pct_gdp,61.111,percent,T2,WB-WDI-2024
Russia,2002,trade_pct_gdp,59.645,percent,T2,WB-WDI-2024
Russia,2003,trade_pct_gdp,59.128,percent,T2,WB-WDI-2024
Russia,2004,trade_pct_gdp,56.582,percent,T2,WB-WDI-2024
Russia,2005,trade_pct_gdp,56.713,percent,T2,WB-WDI-2024
Russia,2006,trade_pct_gdp,54.733,percent,T2,WB-WDI-2024
Russia,2007,trade_pct_gdp,51.706,percent,T2,WB-WDI-2024
Russia,2008,trade_pct_gdp,53.382,percent,T2,WB-WDI-2024
Russia,2009,trade_pct_gdp,48.435,percent,T2,WB-WDI-2024
Russia,2010,trade_pct_gdp,50.356,percent,T2,WB-WDI-2024
Russia,2011,trade_pct_gdp,48.035,percent,T2,WB-WDI-2024
Russia,2012,trade_pct_gdp,47.151,percent,T2,WB-WDI-2024
Russia,2013,trade_pct_gdp,46.287,percent,T2,WB-WDI-2024
Russia,2014,trade_pct_gdp,47.801,percent,T2,WB-WDI-2024
Russia,2015,trade_pct_gdp,49.359,percent,T2,WB-WDI-2024
Russia,2016,trade_pct_gdp,46.518,percent,T2,WB-WDI-2024
Russia,2017,trade_pct_gdp,46.877,percent,T2,WB-WDI-2024
Russia,2018,trade_pct_gdp,51.581,percent,T2,WB-WDI-2024
Russia,2019,trade_pct_gdp,49.229,percent,T2,WB-WDI-2024
Russia,2020,trade_pct_gdp,45.967,percent,T2,WB-WDI-2024
Russia,2021,trade_pct_gdp,50.586,percent,T2,WB-WDI-2024
Russia,2022,trade_pct_gdp,42.783,percent,T2,WB-WDI-2024
Russia,2023,trade_pct_gdp,40.834,percent,T2,WB-WDI-2024
Russia,2024,trade_pct_gdp,39.508,percent,T2,WB-WDI-2024
Russia,1991,unemployment_rate,5.110,percent,T4,WB-WDI-2024
Russia,1992,unemployment_rate,5.181,percent,T2,WB-WDI-2024
Russia,1993,unemployment_rate,5.883,percent,T2,WB-WDI-2024
Russia,1994,unemployment_rate,8.131,percent,T2,WB-WDI-2024
Russia,1995,unemployment_rate,9.449,percent,T2,WB-WDI-2024
Russia,1996,unemployment_rate,9.665,percent,T2,WB-WDI-2024
Russia,1997,unemployment_rate,11.813,percent,T2,WB-WDI-2024
Russia,1998,unemployment_rate,13.261,percent,T2,WB-WDI-2024
Russia,1999,unemployment_rate,13.036,percent,T2,WB-WDI-2024
Russia,2000,unemployment_rate,10.581,percent,T2,WB-WDI-2024
Russia,2001,unemployment_rate,8.978,percent,T2,WB-WDI-2024
Russia,2002,unemployment_rate,7.875,percent,T2,WB-WDI-2024
Russia,2003,unemployment_rate,8.210,percent,T2,WB-WDI-2024
Russia,2004,unemployment_rate,7.763,percent,T2,WB-WDI-2024
Russia,2005,unemployment_rate,7.124,percent,T2,WB-WDI-2024
Russia,2006,unemployment_rate,7.055,percent,T2,WB-WDI-2024
Russia,2007,unemployment_rate,6.002,percent,T2,WB-WDI-2024
Russia,2008,unemployment_rate,6.205,percent,T2,WB-WDI-2024
Russia,2009,unemployment_rate,8.301,percent,T2,WB-WDI-2024
Russia,2010,unemployment_rate,7.407,percent,T2,WB-WDI-2024
Russia,2011,unemployment_rate,6.571,percent,T2,WB-WDI-2024
Russia,2012,unemployment_rate,5.484,percent,T2,WB-WDI-2024
Russia,2013,unemployment_rate,5.513,percent,T2,WB-WDI-2024
Russia,2014,unemployment_rate,5.212,percent,T2,WB-WDI-2024
Russia,2015,unemployment_rate,5.615,percent,T2,WB-WDI-2024
Russia,2016,unemployment_rate,5.591,percent,T2,WB-WDI-2024
Russia,2017,unemployment_rate,5.238,percent,T2,WB-WDI-2024
Russia,2018,unemployment_rate,4.871,percent,T2,WB-WDI-2024
Russia,2019,unemployment_rate,4.513,percent,T2,WB-WDI-2024
Russia,2020,unemployment_rate,5.620,percent,T2,WB-WDI-2024
Russia,2021,unemployment_rate,4.749,percent,T2,WB-WDI-2024
Russia,2022,unemployment_rate,3.867,percent,T2,WB-WDI-2024
Russia,2023,unemployment_rate,3.076,percent,T2,WB-WDI-2024
Russia,2024,unemployment_rate,2.430,percent,T2,WB-WDI-2024
Saudi Arabia,1979,gas_production,12,billion_cubic_meters_per_year,T1,EI-2024
Saudi Arabia,1980,gas_production,10,billion_cubic_meters_per_year,T1,EI-2024
Saudi Arabia,1981,gas_production,12,billion_cubic_meters_per_year,T1,EI-2024
Saudi Arabia,1982,gas_production,9,billion_cubic_meters_per_year,T1,EI-2024
Saudi Arabia,1983,gas_production,10,billion_cubic_meters_per_year,T1,EI-2024
Saudi Arabia,1984,gas_production,13,billion_cubic_meters_per_year,T1,EI-2024
Saudi Arabia,1985,gas_production,14,billion_cubic_meters_per_year,T1,EI-2024
Saudi Arabia,1986,gas_production,16,billion_cubic_meters_per_year,T1,EI-2024
Saudi Arabia,1987,gas_production,17,billion_cubic_meters_per_year,T1,EI-2024
Saudi Arabia,1988,gas_production,18,billion_cubic_meters_per_year,T1,EI-2024
Saudi Arabia,1989,gas_production,21,billion_cubic_meters_per_year,T1,EI-2024
Saudi Arabia,1990,gas_production,23,billion_cubic_meters_per_year,T1,EI-2024
Saudi Arabia,1991,gas_production,26,billion_cubic_meters_per_year,T1,EI-2024
Saudi Arabia,1992,gas_production,30,billion_cubic_meters_per_year,T1,EI-2024
Saudi Arabia,1993,gas_production,32,billion_cubic_meters_per_year,T1,EI-2024
Saudi Arabia,1994,gas_production,35,billion_cubic_meters_per_year,T1,EI-2024
Saudi Arabia,1995,gas_production,36,billion_cubic_meters_per_year,T1,EI-2024
Saudi Arabia,1996,gas_production,37,billion_cubic_meters_per_year,T1,EI-2024
Saudi Arabia,1997,gas_production,39,billion_cubic_meters_per_year,T1,EI-2024
Saudi Arabia,1998,gas_production,41,billion_cubic_meters_per_year,T1,EI-2024
Saudi Arabia,1999,gas_production,41,billion_cubic_meters_per_year,T1,EI-2024
Saudi Arabia,2000,gas_production,44,billion_cubic_meters_per_year,T1,EI-2024
Saudi Arabia,2001,gas_production,49,billion_cubic_meters_per_year,T1,EI-2024
Saudi Arabia,2002,gas_production,52,billion_cubic_meters_per_year,T1,EI-2024
Saudi Arabia,2003,gas_production,56,billion_cubic_meters_per_year,T1,EI-2024
Saudi Arabia,2004,gas_production,61,billion_cubic_meters_per_year,T1,EI-2024
Saudi Arabia,2005,gas_production,66,billion_cubic_meters_per_year,T1,EI-2024
Saudi Arabia,2006,gas_production,71,billion_cubic_meters_per_year,T1,EI-2024
Saudi Arabia,2007,gas_production,73,billion_cubic_meters_per_year,T1,EI-2024
Saudi Arabia,2008,gas_production,76,billion_cubic_meters_per_year,T1,EI-2024
Saudi Arabia,2009,gas_production,76,billion_cubic_meters_per_year,T1,EI-2024
Saudi Arabia,2010,gas_production,84,billion_cubic_meters_per_year,T1,EI-2024
Saudi Arabia,2011,gas_production,89,billion_cubic_meters_per_year,T1,EI-2024
Saudi Arabia,2012,gas_production,95,billion_cubic_meters_per_year,T1,EI-2024
Saudi Arabia,2013,gas_production,96,billion_cubic_meters_per_year,T1,EI-2024
Saudi Arabia,2014,gas_production,98,billion_cubic_meters_per_year,T1,EI-2024
Saudi Arabia,2015,gas_production,102,billion_cubic_meters_per_year,T1,EI-2024
Saudi Arabia,2016,gas_production,109,billion_cubic_meters_per_year,T1,EI-2024
Saudi Arabia,2017,gas_production,113,billion_cubic_meters_per_year,T1,EI-2024
Saudi Arabia,2018,gas_production,119,billion_cubic_meters_per_year,T1,EI-2024
Saudi Arabia,2019,gas_production,117,billion_cubic_meters_per_year,T1,EI-2024
Saudi Arabia,2020,gas_production,113,billion_cubic_meters_per_year,T1,EI-2024
Saudi Arabia,2021,gas_production,117,billion_cubic_meters_per_year,T1,EI-2024
Saudi Arabia,2022,gas_production,121,billion_cubic_meters_per_year,T1,EI-2024
Saudi Arabia,2023,gas_production,124,billion_cubic_meters_per_year,T1,EI-2024
Saudi Arabia,2024,gas_production,124,billion_cubic_meters_per_year,T1,EI-2024
Saudi Arabia,2025,gas_production,130,billion_cubic_meters_per_year,T1,EI-2024
Saudi Arabia,1979,gdp_nominal_usd,111858444786.22,USD_current,T2,WB-WDI-2024
Saudi Arabia,1980,gdp_nominal_usd,164539660725.12,USD_current,T2,WB-WDI-2024
Saudi Arabia,1981,gdp_nominal_usd,184291360138.69,USD_current,T2,WB-WDI-2024
Saudi Arabia,1982,gdp_nominal_usd,153240313858.32,USD_current,T2,WB-WDI-2024
Saudi Arabia,1983,gdp_nominal_usd,129171635311.14,USD_current,T2,WB-WDI-2024
Saudi Arabia,1984,gdp_nominal_usd,119624858115.78,USD_current,T2,WB-WDI-2024
Saudi Arabia,1985,gdp_nominal_usd,103897846493.65,USD_current,T2,WB-WDI-2024
Saudi Arabia,1986,gdp_nominal_usd,86961922765.33,USD_current,T2,WB-WDI-2024
Saudi Arabia,1987,gdp_nominal_usd,85695861148.20,USD_current,T2,WB-WDI-2024
Saudi Arabia,1988,gdp_nominal_usd,88256074766.36,USD_current,T2,WB-WDI-2024
Saudi Arabia,1989,gdp_nominal_usd,95344459279.04,USD_current,T2,WB-WDI-2024
Saudi Arabia,1990,gdp_nominal_usd,117630173564.75,USD_current,T2,WB-WDI-2024
Saudi Arabia,1991,gdp_nominal_usd,132223230974.63,USD_current,T2,WB-WDI-2024
Saudi Arabia,1992,gdp_nominal_usd,137087850467.29,USD_current,T2,WB-WDI-2024
Saudi Arabia,1993,gdp_nominal_usd,132967957276.37,USD_current,T2,WB-WDI-2024
Saudi Arabia,1994,gdp_nominal_usd,135174899866.49,USD_current,T2,WB-WDI-2024
Saudi Arabia,1995,gdp_nominal_usd,143343124165.55,USD_current,T2,WB-WDI-2024
Saudi Arabia,1996,gdp_nominal_usd,158662483311.08,USD_current,T2,WB-WDI-2024
Saudi Arabia,1997,gdp_nominal_usd,165963684913.22,USD_current,T2,WB-WDI-2024
Saudi Arabia,1998,gdp_nominal_usd,146775466666.67,USD_current,T2,WB-WDI-2024
Saudi Arabia,1999,gdp_nominal_usd,161717066666.67,USD_current,T2,WB-WDI-2024
Saudi Arabia,2000,gdp_nominal_usd,189514933333.33,USD_current,T2,WB-WDI-2024
Saudi Arabia,2001,gdp_nominal_usd,184137600000.00,USD_current,T2,WB-WDI-2024
Saudi Arabia,2002,gdp_nominal_usd,189605866666.67,USD_current,T2,WB-WDI-2024
Saudi Arabia,2003,gdp_nominal_usd,215807733333.33,USD_current,T2,WB-WDI-2024
Saudi Arabia,2004,gdp_nominal_usd,258742133333.33,USD_current,T2,WB-WDI-2024
Saudi Arabia,2005,gdp_nominal_usd,328459608764.11,USD_current,T2,WB-WDI-2024
Saudi Arabia,2006,gdp_nominal_usd,376900133511.35,USD_current,T2,WB-WDI-2024
Saudi Arabia,2007,gdp_nominal_usd,415964509673.11,USD_current,T2,WB-WDI-2024
Saudi Arabia,2008,gdp_nominal_usd,519796800000.00,USD_current,T2,WB-WDI-2024
Saudi Arabia,2009,gdp_nominal_usd,429097866666.67,USD_current,T2,WB-WDI-2024
Saudi Arabia,2010,gdp_nominal_usd,528207466666.67,USD_current,T2,WB-WDI-2024
Saudi Arabia,2011,gdp_nominal_usd,680660800000.00,USD_current,T2,WB-WDI-2024
Saudi Arabia,2012,gdp_nominal_usd,751921333333.33,USD_current,T2,WB-WDI-2024
Saudi Arabia,2013,gdp_nominal_usd,769755733333.33,USD_current,T2,WB-WDI-2024
Saudi Arabia,2014,gdp_nominal_usd,787153066666.67,USD_current,T2,WB-WDI-2024
Saudi Arabia,2015,gdp_nominal_usd,693414400000.00,USD_current,T2,WB-WDI-2024
Saudi Arabia,2016,gdp_nominal_usd,689279466666.67,USD_current,T2,WB-WDI-2024
Saudi Arabia,2017,gdp_nominal_usd,741266133333.33,USD_current,T2,WB-WDI-2024
Saudi Arabia,2018,gdp_nominal_usd,886564800000.00,USD_current,T2,WB-WDI-2024
Saudi Arabia,2019,gdp_nominal_usd,888890133333.33,USD_current,T2,WB-WDI-2024
Saudi Arabia,2020,gdp_nominal_usd,767951200000.00,USD_current,T2,WB-WDI-2024
Saudi Arabia,2021,gdp_nominal_usd,982661066666.67,USD_current,T2,WB-WDI-2024
Saudi Arabia,2022,gdp_nominal_usd,1239075200000.00,USD_current,T2,WB-WDI-2024
Saudi Arabia,2023,gdp_nominal_usd,1218584533333.33,USD_current,T2,WB-WDI-2024
Saudi Arabia,2024,gdp_nominal_usd,1239804533333.33,USD_current,T2,WB-WDI-2024
Saudi Arabia,1990,gdp_per_capita_ppp,46214.22,USD_PPP_current_intl,T2,WB-WDI-2024
Saudi Arabia,1991,gdp_per_capita_ppp,49295.47,USD_PPP_current_intl,T2,WB-WDI-2024
Saudi Arabia,1992,gdp_per_capita_ppp,50355.41,USD_PPP_current_intl,T2,WB-WDI-2024
Saudi Arabia,1993,gdp_per_capita_ppp,49503.23,USD_PPP_current_intl,T2,WB-WDI-2024
Saudi Arabia,1994,gdp_per_capita_ppp,48903.58,USD_PPP_current_intl,T2,WB-WDI-2024
Saudi Arabia,1995,gdp_per_capita_ppp,48052.41,USD_PPP_current_intl,T2,WB-WDI-2024
Saudi Arabia,1996,gdp_per_capita_ppp,48569.16,USD_PPP_current_intl,T2,WB-WDI-2024
Saudi Arabia,1997,gdp_per_capita_ppp,48795.67,USD_PPP_current_intl,T2,WB-WDI-2024
Saudi Arabia,1998,gdp_per_capita_ppp,48867.25,USD_PPP_current_intl,T2,WB-WDI-2024
Saudi Arabia,1999,gdp_per_capita_ppp,47494.67,USD_PPP_current_intl,T2,WB-WDI-2024
Saudi Arabia,2000,gdp_per_capita_ppp,48643.61,USD_PPP_current_intl,T2,WB-WDI-2024
Saudi Arabia,2001,gdp_per_capita_ppp,47380.80,USD_PPP_current_intl,T2,WB-WDI-2024
Saudi Arabia,2002,gdp_per_capita_ppp,45466.03,USD_PPP_current_intl,T2,WB-WDI-2024
Saudi Arabia,2003,gdp_per_capita_ppp,48078.12,USD_PPP_current_intl,T2,WB-WDI-2024
Saudi Arabia,2004,gdp_per_capita_ppp,51225.33,USD_PPP_current_intl,T2,WB-WDI-2024
Saudi Arabia,2005,gdp_per_capita_ppp,53548.20,USD_PPP_current_intl,T2,WB-WDI-2024
Saudi Arabia,2006,gdp_per_capita_ppp,54638.76,USD_PPP_current_intl,T2,WB-WDI-2024
Saudi Arabia,2007,gdp_per_capita_ppp,55029.87,USD_PPP_current_intl,T2,WB-WDI-2024
Saudi Arabia,2008,gdp_per_capita_ppp,57236.05,USD_PPP_current_intl,T2,WB-WDI-2024
Saudi Arabia,2009,gdp_per_capita_ppp,54787.36,USD_PPP_current_intl,T2,WB-WDI-2024
Saudi Arabia,2010,gdp_per_capita_ppp,58828.73,USD_PPP_current_intl,T2,WB-WDI-2024
Saudi Arabia,2011,gdp_per_capita_ppp,64125.22,USD_PPP_current_intl,T2,WB-WDI-2024
Saudi Arabia,2012,gdp_per_capita_ppp,65033.62,USD_PPP_current_intl,T2,WB-WDI-2024
Saudi Arabia,2013,gdp_per_capita_ppp,62202.89,USD_PPP_current_intl,T2,WB-WDI-2024
Saudi Arabia,2014,gdp_per_capita_ppp,62578.07,USD_PPP_current_intl,T2,WB-WDI-2024
Saudi Arabia,2015,gdp_per_capita_ppp,53930.83,USD_PPP_current_intl,T2,WB-WDI-2024
Saudi Arabia,2016,gdp_per_capita_ppp,49937.07,USD_PPP_current_intl,T2,WB-WDI-2024
Saudi Arabia,2017,gdp_per_capita_ppp,53120.46,USD_PPP_current_intl,T2,WB-WDI-2024
Saudi Arabia,2018,gdp_per_capita_ppp,59377.80,USD_PPP_current_intl,T2,WB-WDI-2024
Saudi Arabia,2019,gdp_per_capita_ppp,59560.25,USD_PPP_current_intl,T2,WB-WDI-2024
Saudi Arabia,2020,gdp_per_capita_ppp,47518.49,USD_PPP_current_intl,T2,WB-WDI-2024
Saudi Arabia,2021,gdp_per_capita_ppp,62690.50,USD_PPP_current_intl,T2,WB-WDI-2024
Saudi Arabia,2022,gdp_per_capita_ppp,71968.07,USD_PPP_current_intl,T2,WB-WDI-2024
Saudi Arabia,2023,gdp_per_capita_ppp,71564.80,USD_PPP_current_intl,T2,WB-WDI-2024
Saudi Arabia,2024,gdp_per_capita_ppp,71375.37,USD_PPP_current_intl,T2,WB-WDI-2024
Saudi Arabia,1979,gdp_per_capita_usd,19611.57,USD_current,T2,WB-WDI-2024
Saudi Arabia,1980,gdp_per_capita_usd,27205.65,USD_current,T2,WB-WDI-2024
Saudi Arabia,1981,gdp_per_capita_usd,28703.36,USD_current,T2,WB-WDI-2024
Saudi Arabia,1982,gdp_per_capita_usd,22454.48,USD_current,T2,WB-WDI-2024
Saudi Arabia,1983,gdp_per_capita_usd,17809.55,USD_current,T2,WB-WDI-2024
Saudi Arabia,1984,gdp_per_capita_usd,15541.13,USD_current,T2,WB-WDI-2024
Saudi Arabia,1985,gdp_per_capita_usd,12745.42,USD_current,T2,WB-WDI-2024
Saudi Arabia,1986,gdp_per_capita_usd,10078.29,USD_current,T2,WB-WDI-2024
Saudi Arabia,1987,gdp_per_capita_usd,9385.98,USD_current,T2,WB-WDI-2024
Saudi Arabia,1988,gdp_per_capita_usd,9165.50,USD_current,T2,WB-WDI-2024
Saudi Arabia,1989,gdp_per_capita_usd,9413.58,USD_current,T2,WB-WDI-2024
Saudi Arabia,1990,gdp_per_capita_usd,11054.75,USD_current,T2,WB-WDI-2024
Saudi Arabia,1991,gdp_per_capita_usd,11847.17,USD_current,T2,WB-WDI-2024
Saudi Arabia,1992,gdp_per_capita_usd,11730.27,USD_current,T2,WB-WDI-2024
Saudi Arabia,1993,gdp_per_capita_usd,10884.86,USD_current,T2,WB-WDI-2024
Saudi Arabia,1994,gdp_per_capita_usd,10601.92,USD_current,T2,WB-WDI-2024
Saudi Arabia,1995,gdp_per_capita_usd,10786.40,USD_current,T2,WB-WDI-2024
Saudi Arabia,1996,gdp_per_capita_usd,11471.50,USD_current,T2,WB-WDI-2024
Saudi Arabia,1997,gdp_per_capita_usd,11545.35,USD_current,T2,WB-WDI-2024
Saudi Arabia,1998,gdp_per_capita_usd,9836.06,USD_current,T2,WB-WDI-2024
Saudi Arabia,1999,gdp_per_capita_usd,10452.19,USD_current,T2,WB-WDI-2024
Saudi Arabia,2000,gdp_per_capita_usd,11714.56,USD_current,T2,WB-WDI-2024
Saudi Arabia,2001,gdp_per_capita_usd,10805.31,USD_current,T2,WB-WDI-2024
Saudi Arabia,2002,gdp_per_capita_usd,10586.05,USD_current,T2,WB-WDI-2024
Saudi Arabia,2003,gdp_per_capita_usd,11487.22,USD_current,T2,WB-WDI-2024
Saudi Arabia,2004,gdp_per_capita_usd,13154.50,USD_current,T2,WB-WDI-2024
Saudi Arabia,2005,gdp_per_capita_usd,15975.75,USD_current,T2,WB-WDI-2024
Saudi Arabia,2006,gdp_per_capita_usd,17563.61,USD_current,T2,WB-WDI-2024
Saudi Arabia,2007,gdp_per_capita_usd,18596.15,USD_current,T2,WB-WDI-2024
Saudi Arabia,2008,gdp_per_capita_usd,22320.49,USD_current,T2,WB-WDI-2024
Saudi Arabia,2009,gdp_per_capita_usd,17718.39,USD_current,T2,WB-WDI-2024
Saudi Arabia,2010,gdp_per_capita_usd,22028.39,USD_current,T2,WB-WDI-2024
Saudi Arabia,2011,gdp_per_capita_usd,27126.75,USD_current,T2,WB-WDI-2024
Saudi Arabia,2012,gdp_per_capita_usd,28733.44,USD_current,T2,WB-WDI-2024
Saudi Arabia,2013,gdp_per_capita_usd,27865.47,USD_current,T2,WB-WDI-2024
Saudi Arabia,2014,gdp_per_capita_usd,27805.49,USD_current,T2,WB-WDI-2024
Saudi Arabia,2015,gdp_per_capita_usd,23256.15,USD_current,T2,WB-WDI-2024
Saudi Arabia,2016,gdp_per_capita_usd,22267.72,USD_current,T2,WB-WDI-2024
Saudi Arabia,2017,gdp_per_capita_usd,23929.29,USD_current,T2,WB-WDI-2024
Saudi Arabia,2018,gdp_per_capita_usd,29360.07,USD_current,T2,WB-WDI-2024
Saudi Arabia,2019,gdp_per_capita_usd,29566.79,USD_current,T2,WB-WDI-2024
Saudi Arabia,2020,gdp_per_capita_usd,24338.83,USD_current,T2,WB-WDI-2024
Saudi Arabia,2021,gdp_per_capita_usd,31920.77,USD_current,T2,WB-WDI-2024
Saudi Arabia,2022,gdp_per_capita_usd,38510.23,USD_current,T2,WB-WDI-2024
Saudi Arabia,2023,gdp_per_capita_usd,36156.85,USD_current,T2,WB-WDI-2024
Saudi Arabia,2024,gdp_per_capita_usd,35121.66,USD_current,T2,WB-WDI-2024
Saudi Arabia,1979,military_spending_pct_gdp,15.769,percent,T2,SIPRI-MILEX-2024
Saudi Arabia,1980,military_spending_pct_gdp,12.613,percent,T2,SIPRI-MILEX-2024
Saudi Arabia,1981,military_spending_pct_gdp,13.265,percent,T2,SIPRI-MILEX-2024
Saudi Arabia,1982,military_spending_pct_gdp,17.720,percent,T2,SIPRI-MILEX-2024
Saudi Arabia,1983,military_spending_pct_gdp,16.973,percent,T2,SIPRI-MILEX-2024
Saudi Arabia,1984,military_spending_pct_gdp,19.004,percent,T2,SIPRI-MILEX-2024
Saudi Arabia,1985,military_spending_pct_gdp,16.995,percent,T2,SIPRI-MILEX-2024
Saudi Arabia,1987,military_spending_pct_gdp,16.896,percent,T2,SIPRI-MILEX-2024
Saudi Arabia,1988,military_spending_pct_gdp,15.152,percent,T2,SIPRI-MILEX-2024
Saudi Arabia,1989,military_spending_pct_gdp,13.390,percent,T2,SIPRI-MILEX-2024
Saudi Arabia,1990,military_spending_pct_gdp,14.024,percent,T2,SIPRI-MILEX-2024
Saudi Arabia,1991,military_spending_pct_gdp,12.470,percent,T2,SIPRI-MILEX-2024
Saudi Arabia,1992,military_spending_pct_gdp,11.284,percent,T2,SIPRI-MILEX-2024
Saudi Arabia,1993,military_spending_pct_gdp,12.465,percent,T2,SIPRI-MILEX-2024
Saudi Arabia,1994,military_spending_pct_gdp,10.645,percent,T2,SIPRI-MILEX-2024
Saudi Arabia,1995,military_spending_pct_gdp,9.278,percent,T2,SIPRI-MILEX-2024
Saudi Arabia,1996,military_spending_pct_gdp,8.468,percent,T2,SIPRI-MILEX-2024
Saudi Arabia,1997,military_spending_pct_gdp,11.001,percent,T2,SIPRI-MILEX-2024
Saudi Arabia,1998,military_spending_pct_gdp,14.311,percent,T2,SIPRI-MILEX-2024
Saudi Arabia,1999,military_spending_pct_gdp,11.382,percent,T2,SIPRI-MILEX-2024
Saudi Arabia,2000,military_spending_pct_gdp,10.534,percent,T2,SIPRI-MILEX-2024
Saudi Arabia,2001,military_spending_pct_gdp,11.419,percent,T2,SIPRI-MILEX-2024
Saudi Arabia,2002,military_spending_pct_gdp,9.758,percent,T2,SIPRI-MILEX-2024
Saudi Arabia,2003,military_spending_pct_gdp,8.687,percent,T2,SIPRI-MILEX-2024
Saudi Arabia,2004,military_spending_pct_gdp,8.082,percent,T2,SIPRI-MILEX-2024
Saudi Arabia,2005,military_spending_pct_gdp,7.731,percent,T2,SIPRI-MILEX-2024
Saudi Arabia,2006,military_spending_pct_gdp,7.848,percent,T2,SIPRI-MILEX-2024
Saudi Arabia,2007,military_spending_pct_gdp,8.527,percent,T2,SIPRI-MILEX-2024
Saudi Arabia,2008,military_spending_pct_gdp,7.353,percent,T2,SIPRI-MILEX-2024
Saudi Arabia,2009,military_spending_pct_gdp,9.617,percent,T2,SIPRI-MILEX-2024
Saudi Arabia,2010,military_spending_pct_gdp,8.566,percent,T2,SIPRI-MILEX-2024
Saudi Arabia,2011,military_spending_pct_gdp,7.130,percent,T2,SIPRI-MILEX-2024
Saudi Arabia,2012,military_spending_pct_gdp,7.514,percent,T2,SIPRI-MILEX-2024
Saudi Arabia,2013,military_spending_pct_gdp,8.707,percent,T2,SIPRI-MILEX-2024
Saudi Arabia,2014,military_spending_pct_gdp,10.260,percent,T2,SIPRI-MILEX-2024
Saudi Arabia,2015,military_spending_pct_gdp,12.573,percent,T2,SIPRI-MILEX-2024
Saudi Arabia,2016,military_spending_pct_gdp,9.238,percent,T2,SIPRI-MILEX-2024
Saudi Arabia,2017,military_spending_pct_gdp,9.497,percent,T2,SIPRI-MILEX-2024
Saudi Arabia,2018,military_spending_pct_gdp,8.416,percent,T2,SIPRI-MILEX-2024
Saudi Arabia,2019,military_spending_pct_gdp,7.353,percent,T2,SIPRI-MILEX-2024
Saudi Arabia,2020,military_spending_pct_gdp,8.407,percent,T2,SIPRI-MILEX-2024
Saudi Arabia,2021,military_spending_pct_gdp,6.431,percent,T2,SIPRI-MILEX-2024
Saudi Arabia,2022,military_spending_pct_gdp,5.724,percent,T2,SIPRI-MILEX-2024
Saudi Arabia,2023,military_spending_pct_gdp,6.382,percent,T2,SIPRI-MILEX-2024
Saudi Arabia,2024,military_spending_pct_gdp,6.405,percent,T2,SIPRI-MILEX-2024
Saudi Arabia,2025,military_spending_pct_gdp,6.482,percent,T2,SIPRI-MILEX-2024
Saudi Arabia,1979,military_spending_usd,17616726770.69,USD_current,T2,SIPRI-MILEX-2024
Saudi Arabia,1980,military_spending_usd,20724493047.25,USD_current,T2,SIPRI-MILEX-2024
Saudi Arabia,1981,military_spending_usd,24399927864.22,USD_current,T2,SIPRI-MILEX-2024
Saudi Arabia,1982,military_spending_usd,27095797466.29,USD_current,T2,SIPRI-MILEX-2024
Saudi Arabia,1983,military_spending_usd,21872720536.30,USD_current,T2,SIPRI-MILEX-2024
Saudi Arabia,1984,military_spending_usd,22672050990.26,USD_current,T2,SIPRI-MILEX-2024
Saudi Arabia,1985,military_spending_usd,17656965219.46,USD_current,T2,SIPRI-MILEX-2024
Saudi Arabia,1987,military_spending_usd,14460266666.67,USD_current,T2,SIPRI-MILEX-2024
Saudi Arabia,1988,military_spending_usd,13354666666.67,USD_current,T2,SIPRI-MILEX-2024
Saudi Arabia,1989,military_spending_usd,12749866666.67,USD_current,T2,SIPRI-MILEX-2024
Saudi Arabia,1990,military_spending_usd,16355466666.67,USD_current,T2,SIPRI-MILEX-2024
Saudi Arabia,1991,military_spending_usd,16355466666.67,USD_current,T2,SIPRI-MILEX-2024
Saudi Arabia,1992,military_spending_usd,15360266666.67,USD_current,T2,SIPRI-MILEX-2024
Saudi Arabia,1993,military_spending_usd,16451200000.00,USD_current,T2,SIPRI-MILEX-2024
Saudi Arabia,1994,military_spending_usd,14279733333.33,USD_current,T2,SIPRI-MILEX-2024
Saudi Arabia,1995,military_spending_usd,13200266666.67,USD_current,T2,SIPRI-MILEX-2024
Saudi Arabia,1996,military_spending_usd,13340000000.00,USD_current,T2,SIPRI-MILEX-2024
Saudi Arabia,1997,military_spending_usd,18126666666.67,USD_current,T2,SIPRI-MILEX-2024
Saudi Arabia,1998,military_spending_usd,20861600000.00,USD_current,T2,SIPRI-MILEX-2024
Saudi Arabia,1999,military_spending_usd,18320000000.00,USD_current,T2,SIPRI-MILEX-2024
Saudi Arabia,2000,military_spending_usd,19964266666.67,USD_current,T2,SIPRI-MILEX-2024
Saudi Arabia,2001,military_spending_usd,21026666666.67,USD_current,T2,SIPRI-MILEX-2024
Saudi Arabia,2002,military_spending_usd,18501866666.67,USD_current,T2,SIPRI-MILEX-2024
Saudi Arabia,2003,military_spending_usd,18747466666.67,USD_current,T2,SIPRI-MILEX-2024
Saudi Arabia,2004,military_spending_usd,20910400000.00,USD_current,T2,SIPRI-MILEX-2024
Saudi Arabia,2005,military_spending_usd,25392038600.72,USD_current,T2,SIPRI-MILEX-2024
Saudi Arabia,2006,military_spending_usd,29580507343.12,USD_current,T2,SIPRI-MILEX-2024
Saudi Arabia,2007,military_spending_usd,35469513008.67,USD_current,T2,SIPRI-MILEX-2024
Saudi Arabia,2008,military_spending_usd,38222933333.33,USD_current,T2,SIPRI-MILEX-2024
Saudi Arabia,2009,military_spending_usd,41267200000.00,USD_current,T2,SIPRI-MILEX-2024
Saudi Arabia,2010,military_spending_usd,45244533333.33,USD_current,T2,SIPRI-MILEX-2024
Saudi Arabia,2011,military_spending_usd,48530933333.33,USD_current,T2,SIPRI-MILEX-2024
Saudi Arabia,2012,military_spending_usd,56497866666.67,USD_current,T2,SIPRI-MILEX-2024
Saudi Arabia,2013,military_spending_usd,67020000000.00,USD_current,T2,SIPRI-MILEX-2024
Saudi Arabia,2014,military_spending_usd,80762400000.00,USD_current,T2,SIPRI-MILEX-2024
Saudi Arabia,2015,military_spending_usd,87185866666.67,USD_current,T2,SIPRI-MILEX-2024
Saudi Arabia,2016,military_spending_usd,63672800000.00,USD_current,T2,SIPRI-MILEX-2024
Saudi Arabia,2017,military_spending_usd,70400000000.00,USD_current,T2,SIPRI-MILEX-2024
Saudi Arabia,2018,military_spending_usd,74612266666.67,USD_current,T2,SIPRI-MILEX-2024
Saudi Arabia,2019,military_spending_usd,65362666666.67,USD_current,T2,SIPRI-MILEX-2024
Saudi Arabia,2020,military_spending_usd,64558400000.00,USD_current,T2,SIPRI-MILEX-2024
Saudi Arabia,2021,military_spending_usd,63194666666.67,USD_current,T2,SIPRI-MILEX-2024
Saudi Arabia,2022,military_spending_usd,70920000000.00,USD_current,T2,SIPRI-MILEX-2024
Saudi Arabia,2023,military_spending_usd,77765333333.33,USD_current,T2,SIPRI-MILEX-2024
Saudi Arabia,2024,military_spending_usd,80330666666.67,USD_current,T2,SIPRI-MILEX-2024
Saudi Arabia,2025,military_spending_usd,83181333333.33,USD_current,T2,SIPRI-MILEX-2024
Saudi Arabia,1979,oil_exports,3358.0,million_barrels_per_year,T1,EI-2024
Saudi Arabia,1980,oil_exports,3550.2,million_barrels_per_year,T1,EI-2024
Saudi Arabia,1981,oil_exports,3504.0,million_barrels_per_year,T1,EI-2024
Saudi Arabia,1982,oil_exports,2190.0,million_barrels_per_year,T1,EI-2024
Saudi Arabia,1983,oil_exports,1642.5,million_barrels_per_year,T1,EI-2024
Saudi Arabia,1984,oil_exports,1464.0,million_barrels_per_year,T1,EI-2024
Saudi Arabia,1985,oil_exports,1058.5,million_barrels_per_year,T1,EI-2024
Saudi Arabia,1986,oil_exports,1642.5,million_barrels_per_year,T1,EI-2024
Saudi Arabia,1987,oil_exports,1350.5,million_barrels_per_year,T1,EI-2024
Saudi Arabia,1988,oil_exports,1683.6,million_barrels_per_year,T1,EI-2024
Saudi Arabia,1989,oil_exports,1788.5,million_barrels_per_year,T1,EI-2024
Saudi Arabia,1990,oil_exports,2263.0,million_barrels_per_year,T1,EI-2024
Saudi Arabia,1991,oil_exports,2810.5,million_barrels_per_year,T1,EI-2024
Saudi Arabia,1992,oil_exports,2928.0,million_barrels_per_year,T1,EI-2024
Saudi Arabia,1993,oil_exports,2847.0,million_barrels_per_year,T1,EI-2024
Saudi Arabia,1994,oil_exports,2883.5,million_barrels_per_year,T1,EI-2024
Saudi Arabia,1995,oil_exports,2847.0,million_barrels_per_year,T1,EI-2024
Saudi Arabia,1996,oil_exports,2928.0,million_barrels_per_year,T1,EI-2024
Saudi Arabia,1997,oil_exports,2993.0,million_barrels_per_year,T1,EI-2024
Saudi Arabia,1998,oil_exports,2956.5,million_barrels_per_year,T1,EI-2024
Saudi Arabia,1999,oil_exports,2701.0,million_barrels_per_year,T1,EI-2024
Saudi Arabia,2000,oil_exports,2964.6,million_barrels_per_year,T1,EI-2024
Saudi Arabia,2001,oil_exports,2847.0,million_barrels_per_year,T1,EI-2024
Saudi Arabia,2002,oil_exports,2664.5,million_barrels_per_year,T1,EI-2024
Saudi Arabia,2003,oil_exports,3029.5,million_barrels_per_year,T1,EI-2024
Saudi Arabia,2004,oil_exports,3294.0,million_barrels_per_year,T1,EI-2024
Saudi Arabia,2005,oil_exports,3431.0,million_barrels_per_year,T1,EI-2024
Saudi Arabia,2006,oil_exports,3285.0,million_barrels_per_year,T1,EI-2024
Saudi Arabia,2007,oil_exports,3066.0,million_barrels_per_year,T1,EI-2024
Saudi Arabia,2008,oil_exports,3184.2,million_barrels_per_year,T1,EI-2024
Saudi Arabia,2009,oil_exports,2774.0,million_barrels_per_year,T1,EI-2024
Saudi Arabia,2010,oil_exports,2883.5,million_barrels_per_year,T1,EI-2024
Saudi Arabia,2011,oil_exports,3175.5,million_barrels_per_year,T1,EI-2024
Saudi Arabia,2012,oil_exports,3330.6,million_barrels_per_year,T1,EI-2024
Saudi Arabia,2013,oil_exports,3248.5,million_barrels_per_year,T1,EI-2024
Saudi Arabia,2014,oil_exports,3212.0,million_barrels_per_year,T1,EI-2024
Saudi Arabia,2015,oil_exports,3285.0,million_barrels_per_year,T1,EI-2024
Saudi Arabia,2016,oil_exports,3513.6,million_barrels_per_year,T1,EI-2024
Saudi Arabia,2017,oil_exports,3321.5,million_barrels_per_year,T1,EI-2024
Saudi Arabia,2018,oil_exports,3394.5,million_barrels_per_year,T1,EI-2024
Saudi Arabia,2019,oil_exports,3175.5,million_barrels_per_year,T1,EI-2024
Saudi Arabia,2020,oil_exports,3001.2,million_barrels_per_year,T1,EI-2024
Saudi Arabia,2021,oil_exports,2993.0,million_barrels_per_year,T1,EI-2024
Saudi Arabia,2022,oil_exports,3358.0,million_barrels_per_year,T1,EI-2024
Saudi Arabia,2023,oil_exports,2920.0,million_barrels_per_year,T1,EI-2024
Saudi Arabia,2024,oil_exports,2745.0,million_barrels_per_year,T2,OPEC-ASB-2024
Saudi Arabia,2025,oil_exports,2372.5,million_barrels_per_year,T2,EIA-STEO-2026
Saudi Arabia,2026,oil_exports,1825.0,million_barrels_per_year,T4,IEA-OMR-2026
Saudi Arabia,1979,oil_production,3577.0,million_barrels_per_year,T1,EI-2024
Saudi Arabia,1980,oil_production,3769.8,million_barrels_per_year,T1,EI-2024
Saudi Arabia,1981,oil_production,3759.5,million_barrels_per_year,T1,EI-2024
Saudi Arabia,1982,oil_production,2445.5,million_barrels_per_year,T1,EI-2024
Saudi Arabia,1983,oil_production,1898.0,million_barrels_per_year,T1,EI-2024
Saudi Arabia,1984,oil_production,1720.2,million_barrels_per_year,T1,EI-2024
Saudi Arabia,1985,oil_production,1314.0,million_barrels_per_year,T1,EI-2024
Saudi Arabia,1986,oil_production,1898.0,million_barrels_per_year,T1,EI-2024
Saudi Arabia,1987,oil_production,1642.5,million_barrels_per_year,T1,EI-2024
Saudi Arabia,1988,oil_production,1976.4,million_barrels_per_year,T1,EI-2024
Saudi Arabia,1989,oil_production,2080.5,million_barrels_per_year,T1,EI-2024
Saudi Arabia,1990,oil_production,2591.5,million_barrels_per_year,T1,EI-2024
Saudi Arabia,1991,oil_production,3212.0,million_barrels_per_year,T1,EI-2024
Saudi Arabia,1992,oil_production,3330.6,million_barrels_per_year,T1,EI-2024
Saudi Arabia,1993,oil_production,3285.0,million_barrels_per_year,T1,EI-2024
Saudi Arabia,1994,oil_production,3321.5,million_barrels_per_year,T1,EI-2024
Saudi Arabia,1995,oil_production,3285.0,million_barrels_per_year,T1,EI-2024
Saudi Arabia,1996,oil_production,3367.2,million_barrels_per_year,T1,EI-2024
Saudi Arabia,1997,oil_production,3431.0,million_barrels_per_year,T1,EI-2024
Saudi Arabia,1998,oil_production,3431.0,million_barrels_per_year,T1,EI-2024
Saudi Arabia,1999,oil_production,3175.5,million_barrels_per_year,T1,EI-2024
Saudi Arabia,2000,oil_production,3477.0,million_barrels_per_year,T1,EI-2024
Saudi Arabia,2001,oil_production,3358.0,million_barrels_per_year,T1,EI-2024
Saudi Arabia,2002,oil_production,3248.5,million_barrels_per_year,T1,EI-2024
Saudi Arabia,2003,oil_production,3613.5,million_barrels_per_year,T1,EI-2024
Saudi Arabia,2004,oil_production,3879.6,million_barrels_per_year,T1,EI-2024
Saudi Arabia,2005,oil_production,4051.5,million_barrels_per_year,T1,EI-2024
Saudi Arabia,2006,oil_production,3978.5,million_barrels_per_year,T1,EI-2024
Saudi Arabia,2007,oil_production,3796.0,million_barrels_per_year,T1,EI-2024
Saudi Arabia,2008,oil_production,3952.8,million_barrels_per_year,T1,EI-2024
Saudi Arabia,2009,oil_production,3540.5,million_barrels_per_year,T1,EI-2024
Saudi Arabia,2010,oil_production,3686.5,million_barrels_per_year,T1,EI-2024
Saudi Arabia,2011,oil_production,4051.5,million_barrels_per_year,T1,EI-2024
Saudi Arabia,2012,oil_production,4245.6,million_barrels_per_year,T1,EI-2024
Saudi Arabia,2013,oil_production,4161.0,million_barrels_per_year,T1,EI-2024
Saudi Arabia,2014,oil_production,4197.5,million_barrels_per_year,T1,EI-2024
Saudi Arabia,2015,oil_production,4380.0,million_barrels_per_year,T1,EI-2024
Saudi Arabia,2016,oil_production,4538.4,million_barrels_per_year,T1,EI-2024
Saudi Arabia,2017,oil_production,4343.5,million_barrels_per_year,T1,EI-2024
Saudi Arabia,2018,oil_production,4489.5,million_barrels_per_year,T1,EI-2024
Saudi Arabia,2019,oil_production,4307.0,million_barrels_per_year,T1,EI-2024
Saudi Arabia,2020,oil_production,4026.0,million_barrels_per_year,T1,EI-2024
Saudi Arabia,2021,oil_production,4015.0,million_barrels_per_year,T1,EI-2024
Saudi Arabia,2022,oil_production,4416.5,million_barrels_per_year,T1,EI-2024
Saudi Arabia,2023,oil_production,4015.0,million_barrels_per_year,T1,EI-2024
Saudi Arabia,2024,oil_production,3916.2,million_barrels_per_year,T1,EI-2024
Saudi Arabia,2025,oil_production,3394.5,million_barrels_per_year,T2,EIA-STEO-2026
Saudi Arabia,2026,oil_production,3102.5,million_barrels_per_year,T4,IEA-OMR-2026
Saudi Arabia,1979,oil_rents_pct_gdp,87.085,percent,T2,WB-WDI-2024
Saudi Arabia,1980,oil_rents_pct_gdp,70.291,percent,T2,WB-WDI-2024
Saudi Arabia,1981,oil_rents_pct_gdp,55.644,percent,T2,WB-WDI-2024
Saudi Arabia,1982,oil_rents_pct_gdp,36.835,percent,T2,WB-WDI-2024
Saudi Arabia,1983,oil_rents_pct_gdp,34.697,percent,T2,WB-WDI-2024
Saudi Arabia,1984,oil_rents_pct_gdp,33.684,percent,T2,WB-WDI-2024
Saudi Arabia,1985,oil_rents_pct_gdp,27.645,percent,T2,WB-WDI-2024
Saudi Arabia,1986,oil_rents_pct_gdp,23.147,percent,T2,WB-WDI-2024
Saudi Arabia,1987,oil_rents_pct_gdp,27.252,percent,T2,WB-WDI-2024
Saudi Arabia,1988,oil_rents_pct_gdp,26.192,percent,T2,WB-WDI-2024
Saudi Arabia,1989,oil_rents_pct_gdp,34.170,percent,T2,WB-WDI-2024
Saudi Arabia,1990,oil_rents_pct_gdp,46.426,percent,T2,WB-WDI-2024
Saudi Arabia,1991,oil_rents_pct_gdp,29.906,percent,T2,WB-WDI-2024
Saudi Arabia,1992,oil_rents_pct_gdp,30.769,percent,T2,WB-WDI-2024
Saudi Arabia,1993,oil_rents_pct_gdp,29.688,percent,T2,WB-WDI-2024
Saudi Arabia,1994,oil_rents_pct_gdp,26.548,percent,T2,WB-WDI-2024
Saudi Arabia,1995,oil_rents_pct_gdp,28.127,percent,T2,WB-WDI-2024
Saudi Arabia,1996,oil_rents_pct_gdp,33.465,percent,T2,WB-WDI-2024
Saudi Arabia,1997,oil_rents_pct_gdp,29.278,percent,T2,WB-WDI-2024
Saudi Arabia,1998,oil_rents_pct_gdp,21.267,percent,T2,WB-WDI-2024
Saudi Arabia,1999,oil_rents_pct_gdp,27.125,percent,T2,WB-WDI-2024
Saudi Arabia,2000,oil_rents_pct_gdp,41.669,percent,T2,WB-WDI-2024
Saudi Arabia,2001,oil_rents_pct_gdp,33.353,percent,T2,WB-WDI-2024
Saudi Arabia,2002,oil_rents_pct_gdp,31.342,percent,T2,WB-WDI-2024
Saudi Arabia,2003,oil_rents_pct_gdp,37.035,percent,T2,WB-WDI-2024
Saudi Arabia,2004,oil_rents_pct_gdp,42.641,percent,T2,WB-WDI-2024
Saudi Arabia,2005,oil_rents_pct_gdp,48.861,percent,T2,WB-WDI-2024
Saudi Arabia,2006,oil_rents_pct_gdp,49.670,percent,T2,WB-WDI-2024
Saudi Arabia,2007,oil_rents_pct_gdp,47.439,percent,T2,WB-WDI-2024
Saudi Arabia,2008,oil_rents_pct_gdp,54.086,percent,T2,WB-WDI-2024
Saudi Arabia,2009,oil_rents_pct_gdp,34.632,percent,T2,WB-WDI-2024
Saudi Arabia,2010,oil_rents_pct_gdp,37.901,percent,T2,WB-WDI-2024
Saudi Arabia,2011,oil_rents_pct_gdp,49.161,percent,T2,WB-WDI-2024
Saudi Arabia,2012,oil_rents_pct_gdp,47.409,percent,T2,WB-WDI-2024
Saudi Arabia,2013,oil_rents_pct_gdp,44.456,percent,T2,WB-WDI-2024
Saudi Arabia,2014,oil_rents_pct_gdp,40.322,percent,T2,WB-WDI-2024
Saudi Arabia,2015,oil_rents_pct_gdp,23.957,percent,T2,WB-WDI-2024
Saudi Arabia,2016,oil_rents_pct_gdp,20.005,percent,T2,WB-WDI-2024
Saudi Arabia,2017,oil_rents_pct_gdp,23.617,percent,T2,WB-WDI-2024
Saudi Arabia,2018,oil_rents_pct_gdp,28.084,percent,T2,WB-WDI-2024
Saudi Arabia,2019,oil_rents_pct_gdp,24.330,percent,T2,WB-WDI-2024
Saudi Arabia,2020,oil_rents_pct_gdp,15.979,percent,T2,WB-WDI-2024
Saudi Arabia,2021,oil_rents_pct_gdp,23.686,percent,T2,WB-WDI-2024
Saudi Arabia,1979,population,5703698,persons,T2,WB-WDI-2024
Saudi Arabia,1980,population,6047997,persons,T2,WB-WDI-2024
Saudi Arabia,1981,population,6420551,persons,T2,WB-WDI-2024
Saudi Arabia,1982,population,6824486,persons,T2,WB-WDI-2024
Saudi Arabia,1983,population,7252941,persons,T2,WB-WDI-2024
Saudi Arabia,1984,population,7697307,persons,T2,WB-WDI-2024
Saudi Arabia,1985,population,8151779,persons,T2,WB-WDI-2024
Saudi Arabia,1986,population,8628639,persons,T2,WB-WDI-2024
Saudi Arabia,1987,population,9130194,persons,T2,WB-WDI-2024
Saudi Arabia,1988,population,9629165,persons,T2,WB-WDI-2024
Saudi Arabia,1989,population,10128394,persons,T2,WB-WDI-2024
Saudi Arabia,1990,population,10640691,persons,T2,WB-WDI-2024
Saudi Arabia,1991,population,11160744,persons,T2,WB-WDI-2024
Saudi Arabia,1992,population,11686676,persons,T2,WB-WDI-2024
Saudi Arabia,1993,population,12215862,persons,T2,WB-WDI-2024
Saudi Arabia,1994,population,12750040,persons,T2,WB-WDI-2024
Saudi Arabia,1995,population,13289245,persons,T2,WB-WDI-2024
Saudi Arabia,1996,population,13831009,persons,T2,WB-WDI-2024
Saudi Arabia,1997,population,14374943,persons,T2,WB-WDI-2024
Saudi Arabia,1998,population,14922185,persons,T2,WB-WDI-2024
Saudi Arabia,1999,population,15472075,persons,T2,WB-WDI-2024
Saudi Arabia,2000,population,16177722,persons,T2,WB-WDI-2024
Saudi Arabia,2001,population,17041397,persons,T2,WB-WDI-2024
Saudi Arabia,2002,population,17910910,persons,T2,WB-WDI-2024
Saudi Arabia,2003,population,18786767,persons,T2,WB-WDI-2024
Saudi Arabia,2004,population,19669480,persons,T2,WB-WDI-2024
Saudi Arabia,2005,population,20559890,persons,T2,WB-WDI-2024
Saudi Arabia,2006,population,21459144,persons,T2,WB-WDI-2024
Saudi Arabia,2007,population,22368313,persons,T2,WB-WDI-2024
Saudi Arabia,2008,population,23287877,persons,T2,WB-WDI-2024
Saudi Arabia,2009,population,24217654,persons,T2,WB-WDI-2024
Saudi Arabia,2010,population,23978487,persons,T2,WB-WDI-2024
Saudi Arabia,2011,population,25091867,persons,T2,WB-WDI-2024
Saudi Arabia,2012,population,26168861,persons,T2,WB-WDI-2024
Saudi Arabia,2013,population,27624004,persons,T2,WB-WDI-2024
Saudi Arabia,2014,population,28309273,persons,T2,WB-WDI-2024
Saudi Arabia,2015,population,29816382,persons,T2,WB-WDI-2024
Saudi Arabia,2016,population,30954198,persons,T2,WB-WDI-2024
Saudi Arabia,2017,population,30977355,persons,T2,WB-WDI-2024
Saudi Arabia,2018,population,30196281,persons,T2,WB-WDI-2024
Saudi Arabia,2019,population,30063799,persons,T2,WB-WDI-2024
Saudi Arabia,2020,population,31552510,persons,T2,WB-WDI-2024
Saudi Arabia,2021,population,30784383,persons,T2,WB-WDI-2024
Saudi Arabia,2022,population,32175224,persons,T2,WB-WDI-2024
Saudi Arabia,2023,population,33702731,persons,T2,WB-WDI-2024
Saudi Arabia,2024,population,35300280,persons,T2,WB-WDI-2024
Saudi Arabia,1979,trade_pct_gdp,89.100,percent,T2,WB-WDI-2024
Saudi Arabia,1980,trade_pct_gdp,90.756,percent,T2,WB-WDI-2024
Saudi Arabia,1981,trade_pct_gdp,92.912,percent,T2,WB-WDI-2024
Saudi Arabia,1982,trade_pct_gdp,89.850,percent,T2,WB-WDI-2024
Saudi Arabia,1983,trade_pct_gdp,86.145,percent,T2,WB-WDI-2024
Saudi Arabia,1984,trade_pct_gdp,79.744,percent,T2,WB-WDI-2024
Saudi Arabia,1985,trade_pct_gdp,66.714,percent,T2,WB-WDI-2024
Saudi Arabia,1986,trade_pct_gdp,62.489,percent,T2,WB-WDI-2024
Saudi Arabia,1987,trade_pct_gdp,67.994,percent,T2,WB-WDI-2024
Saudi Arabia,1988,trade_pct_gdp,66.527,percent,T2,WB-WDI-2024
Saudi Arabia,1989,trade_pct_gdp,71.823,percent,T2,WB-WDI-2024
Saudi Arabia,1990,trade_pct_gdp,71.708,percent,T2,WB-WDI-2024
Saudi Arabia,1991,trade_pct_gdp,74.699,percent,T2,WB-WDI-2024
Saudi Arabia,1992,trade_pct_gdp,75.092,percent,T2,WB-WDI-2024
Saudi Arabia,1993,trade_pct_gdp,67.807,percent,T2,WB-WDI-2024
Saudi Arabia,1994,trade_pct_gdp,60.071,percent,T2,WB-WDI-2024
Saudi Arabia,1995,trade_pct_gdp,65.042,percent,T2,WB-WDI-2024
Saudi Arabia,1996,trade_pct_gdp,66.654,percent,T2,WB-WDI-2024
Saudi Arabia,1997,trade_pct_gdp,65.188,percent,T2,WB-WDI-2024
Saudi Arabia,1998,trade_pct_gdp,56.088,percent,T2,WB-WDI-2024
Saudi Arabia,1999,trade_pct_gdp,57.846,percent,T2,WB-WDI-2024
Saudi Arabia,2000,trade_pct_gdp,68.166,percent,T2,WB-WDI-2024
Saudi Arabia,2001,trade_pct_gdp,63.561,percent,T2,WB-WDI-2024
Saudi Arabia,2002,trade_pct_gdp,64.593,percent,T2,WB-WDI-2024
Saudi Arabia,2003,trade_pct_gdp,69.831,percent,T2,WB-WDI-2024
Saudi Arabia,2004,trade_pct_gdp,75.083,percent,T2,WB-WDI-2024
Saudi Arabia,2005,trade_pct_gdp,81.954,percent,T2,WB-WDI-2024
Saudi Arabia,2006,trade_pct_gdp,89.945,percent,T2,WB-WDI-2024
Saudi Arabia,2007,trade_pct_gdp,94.863,percent,T2,WB-WDI-2024
Saudi Arabia,2008,trade_pct_gdp,96.103,percent,T2,WB-WDI-2024
Saudi Arabia,2009,trade_pct_gdp,84.858,percent,T2,WB-WDI-2024
Saudi Arabia,2010,trade_pct_gdp,82.550,percent,T2,WB-WDI-2024
Saudi Arabia,2011,trade_pct_gdp,84.359,percent,T2,WB-WDI-2024
Saudi Arabia,2012,trade_pct_gdp,81.741,percent,T2,WB-WDI-2024
Saudi Arabia,2013,trade_pct_gdp,80.252,percent,T2,WB-WDI-2024
Saudi Arabia,2014,trade_pct_gdp,78.000,percent,T2,WB-WDI-2024
Saudi Arabia,2015,trade_pct_gdp,67.105,percent,T2,WB-WDI-2024
Saudi Arabia,2016,trade_pct_gdp,57.922,percent,T2,WB-WDI-2024
Saudi Arabia,2017,trade_pct_gdp,59.532,percent,T2,WB-WDI-2024
Saudi Arabia,2018,trade_pct_gdp,59.103,percent,T2,WB-WDI-2024
Saudi Arabia,2019,trade_pct_gdp,56.794,percent,T2,WB-WDI-2024
Saudi Arabia,2020,trade_pct_gdp,47.533,percent,T2,WB-WDI-2024
Saudi Arabia,2021,trade_pct_gdp,50.884,percent,T2,WB-WDI-2024
Saudi Arabia,2022,trade_pct_gdp,56.824,percent,T2,WB-WDI-2024
Saudi Arabia,2023,trade_pct_gdp,54.169,percent,T2,WB-WDI-2024
Saudi Arabia,2024,trade_pct_gdp,54.679,percent,T2,WB-WDI-2024
Saudi Arabia,1991,unemployment_rate,7.316,percent,T2,WB-WDI-2024
Saudi Arabia,1992,unemployment_rate,7.200,percent,T2,WB-WDI-2024
Saudi Arabia,1993,unemployment_rate,7.002,percent,T2,WB-WDI-2024
Saudi Arabia,1994,unemployment_rate,6.733,percent,T2,WB-WDI-2024
Saudi Arabia,1995,unemployment_rate,6.365,percent,T2,WB-WDI-2024
Saudi Arabia,1996,unemployment_rate,5.804,percent,T2,WB-WDI-2024
Saudi Arabia,1997,unemployment_rate,5.283,percent,T2,WB-WDI-2024
Saudi Arabia,1998,unemployment_rate,4.752,percent,T2,WB-WDI-2024
Saudi Arabia,1999,unemployment_rate,4.346,percent,T2,WB-WDI-2024
Saudi Arabia,2000,unemployment_rate,4.570,percent,T2,WB-WDI-2024
Saudi Arabia,2001,unemployment_rate,4.618,percent,T2,WB-WDI-2024
Saudi Arabia,2002,unemployment_rate,5.265,percent,T2,WB-WDI-2024
Saudi Arabia,2003,unemployment_rate,5.563,percent,T2,WB-WDI-2024
Saudi Arabia,2004,unemployment_rate,5.822,percent,T2,WB-WDI-2024
Saudi Arabia,2005,unemployment_rate,6.051,percent,T2,WB-WDI-2024
Saudi Arabia,2006,unemployment_rate,6.254,percent,T2,WB-WDI-2024
Saudi Arabia,2007,unemployment_rate,5.734,percent,T2,WB-WDI-2024
Saudi Arabia,2008,unemployment_rate,5.085,percent,T2,WB-WDI-2024
Saudi Arabia,2009,unemployment_rate,5.377,percent,T2,WB-WDI-2024
Saudi Arabia,2010,unemployment_rate,5.550,percent,T2,WB-WDI-2024
Saudi Arabia,2011,unemployment_rate,5.770,percent,T2,WB-WDI-2024
Saudi Arabia,2012,unemployment_rate,5.622,percent,T2,WB-WDI-2024
Saudi Arabia,2013,unemployment_rate,5.600,percent,T2,WB-WDI-2024
Saudi Arabia,2014,unemployment_rate,5.877,percent,T2,WB-WDI-2024
Saudi Arabia,2015,unemployment_rate,5.600,percent,T2,WB-WDI-2024
Saudi Arabia,2016,unemployment_rate,5.600,percent,T2,WB-WDI-2024
Saudi Arabia,2017,unemployment_rate,5.890,percent,T2,WB-WDI-2024
Saudi Arabia,2018,unemployment_rate,6.029,percent,T2,WB-WDI-2024
Saudi Arabia,2019,unemployment_rate,5.636,percent,T2,WB-WDI-2024
Saudi Arabia,2020,unemployment_rate,7.660,percent,T2,WB-WDI-2024
Saudi Arabia,2021,unemployment_rate,6.621,percent,T2,WB-WDI-2024
Saudi Arabia,2022,unemployment_rate,5.589,percent,T2,WB-WDI-2024
Saudi Arabia,2023,unemployment_rate,4.008,percent,T2,WB-WDI-2024
Saudi Arabia,2024,unemployment_rate,3.518,percent,T2,WB-WDI-2024
Syria,1979,gdp_nominal_usd,9929681528.66,USD_current,T2,WB-WDI-2024
Syria,1980,gdp_nominal_usd,13062420382.17,USD_current,T2,WB-WDI-2024
Syria,1981,gdp_nominal_usd,15518201335.32,USD_current,T2,WB-WDI-2024
Syria,1982,gdp_nominal_usd,16298929011.47,USD_current,T2,WB-WDI-2024
Syria,1983,gdp_nominal_usd,17589277143.13,USD_current,T2,WB-WDI-2024
Syria,1984,gdp_nominal_usd,17503078174.00,USD_current,T2,WB-WDI-2024
Syria,1985,gdp_nominal_usd,16403539892.78,USD_current,T2,WB-WDI-2024
Syria,1986,gdp_nominal_usd,13293205278.28,USD_current,T2,WB-WDI-2024
Syria,1987,gdp_nominal_usd,11356215543.30,USD_current,T2,WB-WDI-2024
Syria,1988,gdp_nominal_usd,10577041644.99,USD_current,T2,WB-WDI-2024
Syria,1989,gdp_nominal_usd,9853395761.63,USD_current,T2,WB-WDI-2024
Syria,1990,gdp_nominal_usd,12308624417.83,USD_current,T2,WB-WDI-2024
Syria,1991,gdp_nominal_usd,12981833333.33,USD_current,T2,WB-WDI-2024
Syria,1992,gdp_nominal_usd,13253565861.14,USD_current,T2,WB-WDI-2024
Syria,1993,gdp_nominal_usd,13695962055.48,USD_current,T2,WB-WDI-2024
Syria,1994,gdp_nominal_usd,10122020000.00,USD_current,T2,WB-WDI-2024
Syria,1995,gdp_nominal_usd,11396706586.83,USD_current,T2,WB-WDI-2024
Syria,1996,gdp_nominal_usd,13789560878.24,USD_current,T2,WB-WDI-2024
Syria,1997,gdp_nominal_usd,14505233463.03,USD_current,T2,WB-WDI-2024
Syria,1998,gdp_nominal_usd,15200846153.85,USD_current,T2,WB-WDI-2024
Syria,1999,gdp_nominal_usd,15873875968.99,USD_current,T2,WB-WDI-2024
Syria,2000,gdp_nominal_usd,18937052543.44,USD_current,T2,WB-WDI-2024
Syria,2001,gdp_nominal_usd,20237024724.70,USD_current,T2,WB-WDI-2024
Syria,2002,gdp_nominal_usd,20669357462.38,USD_current,T2,WB-WDI-2024
Syria,2003,gdp_nominal_usd,21828144686.04,USD_current,T2,WB-WDI-2024
Syria,2004,gdp_nominal_usd,25086950495.05,USD_current,T2,WB-WDI-2024
Syria,2005,gdp_nominal_usd,28858965517.24,USD_current,T2,WB-WDI-2024
Syria,2006,gdp_nominal_usd,33751788856.31,USD_current,T2,WB-WDI-2024
Syria,2007,gdp_nominal_usd,40465318382.06,USD_current,T2,WB-WDI-2024
Syria,2008,gdp_nominal_usd,52557913568.95,USD_current,T2,WB-WDI-2024
Syria,2009,gdp_nominal_usd,54111735628.71,USD_current,T2,WB-WDI-2024
Syria,2010,gdp_nominal_usd,61390830874.70,USD_current,T2,WB-WDI-2024
Syria,2011,gdp_nominal_usd,67539428159.45,USD_current,T3,WB-WDI-2024
Syria,2012,gdp_nominal_usd,43190318032.56,USD_current,T3,WB-WDI-2024
Syria,2013,gdp_nominal_usd,21361254635.05,USD_current,T3,WB-WDI-2024
Syria,2014,gdp_nominal_usd,21502061465.95,USD_current,T3,WB-WDI-2024
Syria,2015,gdp_nominal_usd,16466863117.00,USD_current,T3,WB-WDI-2024
Syria,2016,gdp_nominal_usd,12597854877.43,USD_current,T3,WB-WDI-2024
Syria,2017,gdp_nominal_usd,16369843352.35,USD_current,T3,WB-WDI-2024
Syria,2018,gdp_nominal_usd,21497782867.64,USD_current,T3,WB-WDI-2024
Syria,2019,gdp_nominal_usd,22583045060.08,USD_current,T3,WB-WDI-2024
Syria,2020,gdp_nominal_usd,12047752036.09,USD_current,T3,WB-WDI-2024
Syria,2021,gdp_nominal_usd,14353205678.50,USD_current,T3,WB-WDI-2024
Syria,2022,gdp_nominal_usd,23622827079.50,USD_current,T3,WB-WDI-2024
Syria,2017,gdp_per_capita_ppp,3265.07,USD_PPP_current_intl,T3,WB-WDI-2024
Syria,2018,gdp_per_capita_ppp,3455.89,USD_PPP_current_intl,T3,WB-WDI-2024
Syria,2019,gdp_per_capita_ppp,3502.18,USD_PPP_current_intl,T3,WB-WDI-2024
Syria,2020,gdp_per_capita_ppp,3737.66,USD_PPP_current_intl,T3,WB-WDI-2024
Syria,2021,gdp_per_capita_ppp,4592.84,USD_PPP_current_intl,T3,WB-WDI-2024
Syria,2022,gdp_per_capita_ppp,4772.46,USD_PPP_current_intl,T3,WB-WDI-2024
Syria,1979,gdp_per_capita_usd,1146.36,USD_current,T2,WB-WDI-2024
Syria,1980,gdp_per_capita_usd,1458.24,USD_current,T2,WB-WDI-2024
Syria,1981,gdp_per_capita_usd,1675.80,USD_current,T2,WB-WDI-2024
Syria,1982,gdp_per_capita_usd,1702.68,USD_current,T2,WB-WDI-2024
Syria,1983,gdp_per_capita_usd,1775.83,USD_current,T2,WB-WDI-2024
Syria,1984,gdp_per_capita_usd,1706.22,USD_current,T2,WB-WDI-2024
Syria,1985,gdp_per_capita_usd,1543.76,USD_current,T2,WB-WDI-2024
Syria,1986,gdp_per_capita_usd,1208.16,USD_current,T2,WB-WDI-2024
Syria,1987,gdp_per_capita_usd,997.13,USD_current,T2,WB-WDI-2024
Syria,1988,gdp_per_capita_usd,897.71,USD_current,T2,WB-WDI-2024
Syria,1989,gdp_per_capita_usd,809.04,USD_current,T2,WB-WDI-2024
Syria,1990,gdp_per_capita_usd,978.49,USD_current,T2,WB-WDI-2024
Syria,1991,gdp_per_capita_usd,1000.08,USD_current,T2,WB-WDI-2024
Syria,1992,gdp_per_capita_usd,990.14,USD_current,T2,WB-WDI-2024
Syria,1993,gdp_per_capita_usd,992.77,USD_current,T2,WB-WDI-2024
Syria,1994,gdp_per_capita_usd,712.39,USD_current,T2,WB-WDI-2024
Syria,1995,gdp_per_capita_usd,779.70,USD_current,T2,WB-WDI-2024
Syria,1996,gdp_per_capita_usd,918.20,USD_current,T2,WB-WDI-2024
Syria,1997,gdp_per_capita_usd,940.83,USD_current,T2,WB-WDI-2024
Syria,1998,gdp_per_capita_usd,960.84,USD_current,T2,WB-WDI-2024
Syria,1999,gdp_per_capita_usd,978.17,USD_current,T2,WB-WDI-2024
Syria,2000,gdp_per_capita_usd,1138.19,USD_current,T2,WB-WDI-2024
Syria,2001,gdp_per_capita_usd,1186.83,USD_current,T2,WB-WDI-2024
Syria,2002,gdp_per_capita_usd,1183.25,USD_current,T2,WB-WDI-2024
Syria,2003,gdp_per_capita_usd,1220.18,USD_current,T2,WB-WDI-2024
Syria,2004,gdp_per_capita_usd,1368.11,USD_current,T2,WB-WDI-2024
Syria,2005,gdp_per_capita_usd,1533.90,USD_current,T2,WB-WDI-2024
Syria,2006,gdp_per_capita_usd,1718.78,USD_current,T2,WB-WDI-2024
Syria,2007,gdp_per_capita_usd,1937.61,USD_current,T2,WB-WDI-2024
Syria,2008,gdp_per_capita_usd,2429.12,USD_current,T2,WB-WDI-2024
Syria,2009,gdp_per_capita_usd,2462.20,USD_current,T2,WB-WDI-2024
Syria,2010,gdp_per_capita_usd,2730.61,USD_current,T2,WB-WDI-2024
Syria,2011,gdp_per_capita_usd,2952.14,USD_current,T3,WB-WDI-2024
Syria,2012,gdp_per_capita_usd,1897.66,USD_current,T3,WB-WDI-2024
Syria,2013,gdp_per_capita_usd,985.89,USD_current,T3,WB-WDI-2024
Syria,2014,gdp_per_capita_usd,1060.59,USD_current,T3,WB-WDI-2024
Syria,2015,gdp_per_capita_usd,847.73,USD_current,T3,WB-WDI-2024
Syria,2016,gdp_per_capita_usd,656.35,USD_current,T3,WB-WDI-2024
Syria,2017,gdp_per_capita_usd,851.50,USD_current,T3,WB-WDI-2024
Syria,2018,gdp_per_capita_usd,1098.07,USD_current,T3,WB-WDI-2024
Syria,2019,gdp_per_capita_usd,1109.54,USD_current,T3,WB-WDI-2024
Syria,2020,gdp_per_capita_usd,572.36,USD_current,T3,WB-WDI-2024
Syria,2021,gdp_per_capita_usd,663.61,USD_current,T3,WB-WDI-2024
Syria,2022,gdp_per_capita_usd,1051.67,USD_current,T3,WB-WDI-2024
Syria,1979,military_spending_pct_gdp,15.929,percent,T2,SIPRI-MILEX-2024
Syria,1980,military_spending_pct_gdp,17.250,percent,T2,SIPRI-MILEX-2024
Syria,1981,military_spending_pct_gdp,14.546,percent,T2,SIPRI-MILEX-2024
Syria,1982,military_spending_pct_gdp,15.559,percent,T2,SIPRI-MILEX-2024
Syria,1983,military_spending_pct_gdp,14.639,percent,T2,SIPRI-MILEX-2024
Syria,1984,military_spending_pct_gdp,17.686,percent,T2,SIPRI-MILEX-2024
Syria,1985,military_spending_pct_gdp,16.555,percent,T2,SIPRI-MILEX-2024
Syria,1986,military_spending_pct_gdp,14.450,percent,T2,SIPRI-MILEX-2024
Syria,1987,military_spending_pct_gdp,11.218,percent,T2,SIPRI-MILEX-2024
Syria,1988,military_spending_pct_gdp,7.854,percent,T2,SIPRI-MILEX-2024
Syria,1989,military_spending_pct_gdp,7.973,percent,T2,SIPRI-MILEX-2024
Syria,1990,military_spending_pct_gdp,6.868,percent,T2,SIPRI-MILEX-2024
Syria,1991,military_spending_pct_gdp,10.426,percent,T2,SIPRI-MILEX-2024
Syria,1992,military_spending_pct_gdp,8.991,percent,T2,SIPRI-MILEX-2024
Syria,1993,military_spending_pct_gdp,7.238,percent,T2,SIPRI-MILEX-2024
Syria,1994,military_spending_pct_gdp,7.364,percent,T2,SIPRI-MILEX-2024
Syria,1995,military_spending_pct_gdp,6.950,percent,T2,SIPRI-MILEX-2024
Syria,1996,military_spending_pct_gdp,6.042,percent,T2,SIPRI-MILEX-2024
Syria,1997,military_spending_pct_gdp,5.883,percent,T2,SIPRI-MILEX-2024
Syria,1998,military_spending_pct_gdp,5.808,percent,T2,SIPRI-MILEX-2024
Syria,1999,military_spending_pct_gdp,5.811,percent,T2,SIPRI-MILEX-2024
Syria,2000,military_spending_pct_gdp,5.454,percent,T2,SIPRI-MILEX-2024
Syria,2001,military_spending_pct_gdp,5.481,percent,T2,SIPRI-MILEX-2024
Syria,2002,military_spending_pct_gdp,5.413,percent,T2,SIPRI-MILEX-2024
Syria,2003,military_spending_pct_gdp,6.248,percent,T2,SIPRI-MILEX-2024
Syria,2004,military_spending_pct_gdp,5.542,percent,T2,SIPRI-MILEX-2024
Syria,2005,military_spending_pct_gdp,5.026,percent,T2,SIPRI-MILEX-2024
Syria,2006,military_spending_pct_gdp,4.394,percent,T2,SIPRI-MILEX-2024
Syria,2007,military_spending_pct_gdp,4.101,percent,T2,SIPRI-MILEX-2024
Syria,2008,military_spending_pct_gdp,3.552,percent,T2,SIPRI-MILEX-2024
Syria,2009,military_spending_pct_gdp,4.028,percent,T2,SIPRI-MILEX-2024
Syria,2010,military_spending_pct_gdp,4.056,percent,T2,SIPRI-MILEX-2024
Syria,1979,military_spending_usd,1581656050.96,USD_current,T2,SIPRI-MILEX-2024
Syria,1980,military_spending_usd,2253248407.64,USD_current,T2,SIPRI-MILEX-2024
Syria,1981,military_spending_usd,2437707006.37,USD_current,T2,SIPRI-MILEX-2024
Syria,1982,military_spending_usd,2726878980.89,USD_current,T2,SIPRI-MILEX-2024
Syria,1983,military_spending_usd,2733503184.71,USD_current,T2,SIPRI-MILEX-2024
Syria,1984,military_spending_usd,3394904458.60,USD_current,T2,SIPRI-MILEX-2024
Syria,1985,military_spending_usd,3510318471.34,USD_current,T2,SIPRI-MILEX-2024
Syria,1986,military_spending_usd,3678980891.72,USD_current,T2,SIPRI-MILEX-2024
Syria,1987,military_spending_usd,3650191082.80,USD_current,T2,SIPRI-MILEX-2024
Syria,1988,military_spending_usd,3722802547.77,USD_current,T2,SIPRI-MILEX-2024
Syria,1989,military_spending_usd,1483652561.25,USD_current,T2,SIPRI-MILEX-2024
Syria,1990,military_spending_usd,1641781737.19,USD_current,T2,SIPRI-MILEX-2024
Syria,1991,military_spending_usd,2893808463.25,USD_current,T2,SIPRI-MILEX-2024
Syria,1992,military_spending_usd,2976570155.90,USD_current,T2,SIPRI-MILEX-2024
Syria,1993,military_spending_usd,1426095238.10,USD_current,T2,SIPRI-MILEX-2024
Syria,1994,military_spending_usd,1636299776.09,USD_current,T2,SIPRI-MILEX-2024
Syria,1995,military_spending_usd,957899818.95,USD_current,T2,SIPRI-MILEX-2024
Syria,1996,military_spending_usd,995089040.93,USD_current,T2,SIPRI-MILEX-2024
Syria,1997,military_spending_usd,1046927961.04,USD_current,T2,SIPRI-MILEX-2024
Syria,1998,military_spending_usd,1096039533.05,USD_current,T2,SIPRI-MILEX-2024
Syria,1999,military_spending_usd,1127632857.11,USD_current,T2,SIPRI-MILEX-2024
Syria,2000,military_spending_usd,897044908.65,USD_current,T2,SIPRI-MILEX-2024
Syria,2001,military_spending_usd,1022526577.91,USD_current,T2,SIPRI-MILEX-2024
Syria,2002,military_spending_usd,1102912156.91,USD_current,T2,SIPRI-MILEX-2024
Syria,2003,military_spending_usd,1436210733.54,USD_current,T2,SIPRI-MILEX-2024
Syria,2004,military_spending_usd,1388544983.49,USD_current,T2,SIPRI-MILEX-2024
Syria,2005,military_spending_usd,1450324656.67,USD_current,T2,SIPRI-MILEX-2024
Syria,2006,military_spending_usd,1435215692.28,USD_current,T2,SIPRI-MILEX-2024
Syria,2007,military_spending_usd,1599033723.07,USD_current,T2,SIPRI-MILEX-2024
Syria,2008,military_spending_usd,1732416847.90,USD_current,T2,SIPRI-MILEX-2024
Syria,2009,military_spending_usd,2181974581.19,USD_current,T2,SIPRI-MILEX-2024
Syria,2010,military_spending_usd,2346021283.01,USD_current,T2,SIPRI-MILEX-2024
Syria,2011,military_spending_usd,2494887483.15,USD_current,T3,SIPRI-MILEX-2024
Syria,1979,oil_exports,18.2,million_barrels_per_year,T3,EI-2024
Syria,1985,oil_exports,25.6,million_barrels_per_year,T3,EI-2024
Syria,1990,oil_exports,73.0,million_barrels_per_year,T3,EI-2024
Syria,1991,oil_exports,98.6,million_barrels_per_year,T3,EI-2024
Syria,1992,oil_exports,109.8,million_barrels_per_year,T3,EI-2024
Syria,1993,oil_exports,109.5,million_barrels_per_year,T3,EI-2024
Syria,1994,oil_exports,127.7,million_barrels_per_year,T3,EI-2024
Syria,1995,oil_exports,127.7,million_barrels_per_year,T3,EI-2024
Syria,1996,oil_exports,109.8,million_barrels_per_year,T3,EI-2024
Syria,1997,oil_exports,109.5,million_barrels_per_year,T3,EI-2024
Syria,1998,oil_exports,109.5,million_barrels_per_year,T3,EI-2024
Syria,1999,oil_exports,109.5,million_barrels_per_year,T3,EI-2024
Syria,2000,oil_exports,98.8,million_barrels_per_year,T3,EI-2024
Syria,2001,oil_exports,98.6,million_barrels_per_year,T3,EI-2024
Syria,2002,oil_exports,94.9,million_barrels_per_year,T3,EI-2024
Syria,2003,oil_exports,87.6,million_barrels_per_year,T3,EI-2024
Syria,2004,oil_exports,80.5,million_barrels_per_year,T3,EI-2024
Syria,2005,oil_exports,73.0,million_barrels_per_year,T3,EI-2024
Syria,2006,oil_exports,54.8,million_barrels_per_year,T3,EI-2024
Syria,2007,oil_exports,47.5,million_barrels_per_year,T3,EI-2024
Syria,2008,oil_exports,47.6,million_barrels_per_year,T3,EI-2024
Syria,2009,oil_exports,47.5,million_barrels_per_year,T3,EI-2024
Syria,2010,oil_exports,36.5,million_barrels_per_year,T3,EI-2024
Syria,2011,oil_exports,32.9,million_barrels_per_year,T3,EI-2024
Syria,1979,oil_production,58.4,million_barrels_per_year,T2,EI-2024
Syria,1980,oil_production,65.9,million_barrels_per_year,T2,EI-2024
Syria,1981,oil_production,69.3,million_barrels_per_year,T2,EI-2024
Syria,1982,oil_production,73.0,million_barrels_per_year,T2,EI-2024
Syria,1983,oil_production,65.7,million_barrels_per_year,T2,EI-2024
Syria,1984,oil_production,65.9,million_barrels_per_year,T2,EI-2024
Syria,1985,oil_production,65.7,million_barrels_per_year,T2,EI-2024
Syria,1986,oil_production,73.0,million_barrels_per_year,T2,EI-2024
Syria,1987,oil_production,80.3,million_barrels_per_year,T2,EI-2024
Syria,1988,oil_production,98.8,million_barrels_per_year,T2,EI-2024
Syria,1989,oil_production,124.1,million_barrels_per_year,T2,EI-2024
Syria,1990,oil_production,149.6,million_barrels_per_year,T2,EI-2024
Syria,1991,oil_production,178.8,million_barrels_per_year,T2,EI-2024
Syria,1992,oil_production,186.7,million_barrels_per_year,T2,EI-2024
Syria,1993,oil_production,189.8,million_barrels_per_year,T2,EI-2024
Syria,1994,oil_production,215.3,million_barrels_per_year,T2,EI-2024
Syria,1995,oil_production,215.3,million_barrels_per_year,T2,EI-2024
Syria,1996,oil_production,215.9,million_barrels_per_year,T2,EI-2024
Syria,1997,oil_production,211.7,million_barrels_per_year,T2,EI-2024
Syria,1998,oil_production,200.8,million_barrels_per_year,T2,EI-2024
Syria,1999,oil_production,200.8,million_barrels_per_year,T2,EI-2024
Syria,2000,oil_production,190.3,million_barrels_per_year,T2,EI-2024
Syria,2001,oil_production,189.8,million_barrels_per_year,T2,EI-2024
Syria,2002,oil_production,186.2,million_barrels_per_year,T2,EI-2024
Syria,2003,oil_production,182.5,million_barrels_per_year,T2,EI-2024
Syria,2004,oil_production,183.0,million_barrels_per_year,T2,EI-2024
Syria,2005,oil_production,167.9,million_barrels_per_year,T2,EI-2024
Syria,2006,oil_production,149.6,million_barrels_per_year,T2,EI-2024
Syria,2007,oil_production,142.3,million_barrels_per_year,T2,EI-2024
Syria,2008,oil_production,146.4,million_barrels_per_year,T2,EI-2024
Syria,2009,oil_production,146.0,million_barrels_per_year,T2,EI-2024
Syria,2010,oil_production,142.3,million_barrels_per_year,T2,EI-2024
Syria,2011,oil_production,124.1,million_barrels_per_year,T2,EI-2024
Syria,2012,oil_production,58.6,million_barrels_per_year,T3,EI-2024
Syria,2013,oil_production,21.9,million_barrels_per_year,T3,EI-2024
Syria,2014,oil_production,10.9,million_barrels_per_year,T3,EI-2024
Syria,2015,oil_production,10.9,million_barrels_per_year,T3,EI-2024
Syria,2016,oil_production,11.0,million_barrels_per_year,T3,EI-2024
Syria,2017,oil_production,7.3,million_barrels_per_year,T3,EI-2024
Syria,2018,oil_production,7.3,million_barrels_per_year,T3,EI-2024
Syria,2019,oil_production,7.3,million_barrels_per_year,T3,EI-2024
Syria,2020,oil_production,7.3,million_barrels_per_year,T3,EI-2024
Syria,2021,oil_production,14.6,million_barrels_per_year,T3,EI-2024
Syria,2022,oil_production,14.6,million_barrels_per_year,T3,EI-2024
Syria,2023,oil_production,14.6,million_barrels_per_year,T3,EI-2024
Syria,2024,oil_production,14.6,million_barrels_per_year,T3,EI-2024
Syria,2025,oil_production,14.6,million_barrels_per_year,T3,EI-2024
Syria,1979,oil_rents_pct_gdp,16.765,percent,T2,WB-WDI-2024
Syria,1980,oil_rents_pct_gdp,15.277,percent,T2,WB-WDI-2024
Syria,1981,oil_rents_pct_gdp,10.885,percent,T2,WB-WDI-2024
Syria,1982,oil_rents_pct_gdp,8.078,percent,T2,WB-WDI-2024
Syria,1983,oil_rents_pct_gdp,7.830,percent,T2,WB-WDI-2024
Syria,1984,oil_rents_pct_gdp,7.501,percent,T2,WB-WDI-2024
Syria,1985,oil_rents_pct_gdp,6.514,percent,T2,WB-WDI-2024
Syria,1986,oil_rents_pct_gdp,2.734,percent,T2,WB-WDI-2024
Syria,1987,oil_rents_pct_gdp,3.966,percent,T2,WB-WDI-2024
Syria,1988,oil_rents_pct_gdp,7.441,percent,T2,WB-WDI-2024
Syria,1989,oil_rents_pct_gdp,11.895,percent,T2,WB-WDI-2024
Syria,1990,oil_rents_pct_gdp,14.261,percent,T2,WB-WDI-2024
Syria,1991,oil_rents_pct_gdp,8.928,percent,T2,WB-WDI-2024
Syria,1992,oil_rents_pct_gdp,8.186,percent,T2,WB-WDI-2024
Syria,1993,oil_rents_pct_gdp,7.262,percent,T2,WB-WDI-2024
Syria,1994,oil_rents_pct_gdp,5.826,percent,T2,WB-WDI-2024
Syria,1995,oil_rents_pct_gdp,5.880,percent,T2,WB-WDI-2024
Syria,1996,oil_rents_pct_gdp,5.798,percent,T2,WB-WDI-2024
Syria,1997,oil_rents_pct_gdp,4.788,percent,T2,WB-WDI-2024
Syria,1998,oil_rents_pct_gdp,2.823,percent,T2,WB-WDI-2024
Syria,1999,oil_rents_pct_gdp,4.210,percent,T2,WB-WDI-2024
Syria,2000,oil_rents_pct_gdp,6.140,percent,T2,WB-WDI-2024
Syria,2001,oil_rents_pct_gdp,4.923,percent,T2,WB-WDI-2024
Syria,2002,oil_rents_pct_gdp,5.185,percent,T2,WB-WDI-2024
Syria,2003,oil_rents_pct_gdp,5.530,percent,T2,WB-WDI-2024
Syria,2004,oil_rents_pct_gdp,4.576,percent,T2,WB-WDI-2024
Syria,2005,oil_rents_pct_gdp,5.291,percent,T2,WB-WDI-2024
Syria,2006,oil_rents_pct_gdp,5.164,percent,T2,WB-WDI-2024
Syria,2007,oil_rents_pct_gdp,4.591,percent,T2,WB-WDI-2024
Syria,2008,oil_rents_pct_gdp,5.197,percent,T2,WB-WDI-2024
Syria,2009,oil_rents_pct_gdp,2.962,percent,T2,WB-WDI-2024
Syria,2010,oil_rents_pct_gdp,3.831,percent,T2,WB-WDI-2024
Syria,2011,oil_rents_pct_gdp,18.871,percent,T3,WB-WDI-2024
Syria,2012,oil_rents_pct_gdp,13.597,percent,T3,WB-WDI-2024
Syria,2013,oil_rents_pct_gdp,8.173,percent,T3,WB-WDI-2024
Syria,2014,oil_rents_pct_gdp,3.758,percent,T3,WB-WDI-2024
Syria,2015,oil_rents_pct_gdp,1.972,percent,T3,WB-WDI-2024
Syria,2016,oil_rents_pct_gdp,1.850,percent,T3,WB-WDI-2024
Syria,2017,oil_rents_pct_gdp,1.886,percent,T3,WB-WDI-2024
Syria,2018,oil_rents_pct_gdp,1.876,percent,T3,WB-WDI-2024
Syria,2019,oil_rents_pct_gdp,2.465,percent,T3,WB-WDI-2024
Syria,2020,oil_rents_pct_gdp,4.015,percent,T3,WB-WDI-2024
Syria,1979,population,8661909,persons,T2,WB-WDI-2024
Syria,1980,population,8957663,persons,T2,WB-WDI-2024
Syria,1981,population,9260189,persons,T2,WB-WDI-2024
Syria,1982,population,9572511,persons,T2,WB-WDI-2024
Syria,1983,population,9904809,persons,T2,WB-WDI-2024
Syria,1984,population,10258398,persons,T2,WB-WDI-2024
Syria,1985,population,10625672,persons,T2,WB-WDI-2024
Syria,1986,population,11002844,persons,T2,WB-WDI-2024
Syria,1987,population,11388923,persons,T2,WB-WDI-2024
Syria,1988,population,11782264,persons,T2,WB-WDI-2024
Syria,1989,population,12179060,persons,T2,WB-WDI-2024
Syria,1990,population,12579208,persons,T2,WB-WDI-2024
Syria,1991,population,12980821,persons,T2,WB-WDI-2024
Syria,1992,population,13385571,persons,T2,WB-WDI-2024
Syria,1993,population,13795686,persons,T2,WB-WDI-2024
Syria,1994,population,14208583,persons,T2,WB-WDI-2024
Syria,1995,population,14616801,persons,T2,WB-WDI-2024
Syria,1996,population,15018104,persons,T2,WB-WDI-2024
Syria,1997,population,15417542,persons,T2,WB-WDI-2024
Syria,1998,population,15820413,persons,T2,WB-WDI-2024
Syria,1999,population,16228061,persons,T2,WB-WDI-2024
Syria,2000,population,16637888,persons,T2,WB-WDI-2024
Syria,2001,population,17051338,persons,T2,WB-WDI-2024
Syria,2002,population,17468332,persons,T2,WB-WDI-2024
Syria,2003,population,17889296,persons,T2,WB-WDI-2024
Syria,2004,population,18336875,persons,T2,WB-WDI-2024
Syria,2005,population,18814091,persons,T2,WB-WDI-2024
Syria,2006,population,19637022,persons,T2,WB-WDI-2024
Syria,2007,population,20884125,persons,T2,WB-WDI-2024
Syria,2008,population,21636564,persons,T2,WB-WDI-2024
Syria,2009,population,21976969,persons,T2,WB-WDI-2024
Syria,2010,population,22482421,persons,T2,WB-WDI-2024
Syria,2011,population,22878098,persons,T3,WB-WDI-2024
Syria,2012,population,22759763,persons,T3,WB-WDI-2024
Syria,2013,population,21666917,persons,T3,WB-WDI-2024
Syria,2014,population,20273659,persons,T3,WB-WDI-2024
Syria,2015,population,19424618,persons,T3,WB-WDI-2024
Syria,2016,population,19193834,persons,T3,WB-WDI-2024
Syria,2017,population,19224668,persons,T3,WB-WDI-2024
Syria,2018,population,19577845,persons,T3,WB-WDI-2024
Syria,2019,population,20353534,persons,T3,WB-WDI-2024
Syria,2020,population,21049429,persons,T3,WB-WDI-2024
Syria,2021,population,21628839,persons,T3,WB-WDI-2024
Syria,2022,population,22462173,persons,T3,WB-WDI-2024
Syria,2023,population,23594623,persons,T3,WB-WDI-2024
Syria,2024,population,24672760,persons,T3,WB-WDI-2024
Syria,1979,trade_pct_gdp,55.142,percent,T2,WB-WDI-2024
Syria,1980,trade_pct_gdp,53.663,percent,T2,WB-WDI-2024
Syria,1981,trade_pct_gdp,48.614,percent,T2,WB-WDI-2024
Syria,1982,trade_pct_gdp,38.845,percent,T2,WB-WDI-2024
Syria,1983,trade_pct_gdp,39.927,percent,T2,WB-WDI-2024
Syria,1984,trade_pct_gdp,36.425,percent,T2,WB-WDI-2024
Syria,1985,trade_pct_gdp,37.397,percent,T2,WB-WDI-2024
Syria,1986,trade_pct_gdp,33.510,percent,T2,WB-WDI-2024
Syria,1987,trade_pct_gdp,44.599,percent,T2,WB-WDI-2024
Syria,1988,trade_pct_gdp,42.775,percent,T2,WB-WDI-2024
Syria,1989,trade_pct_gdp,60.169,percent,T2,WB-WDI-2024
Syria,1990,trade_pct_gdp,56.290,percent,T2,WB-WDI-2024
Syria,1991,trade_pct_gdp,56.479,percent,T2,WB-WDI-2024
Syria,1992,trade_pct_gdp,63.888,percent,T2,WB-WDI-2024
Syria,1993,trade_pct_gdp,68.769,percent,T2,WB-WDI-2024
Syria,1994,trade_pct_gdp,78.454,percent,T2,WB-WDI-2024
Syria,1995,trade_pct_gdp,68.977,percent,T2,WB-WDI-2024
Syria,1996,trade_pct_gdp,69.914,percent,T2,WB-WDI-2024
Syria,1997,trade_pct_gdp,66.223,percent,T2,WB-WDI-2024
Syria,1998,trade_pct_gdp,61.425,percent,T2,WB-WDI-2024
Syria,1999,trade_pct_gdp,64.308,percent,T2,WB-WDI-2024
Syria,2000,trade_pct_gdp,65.285,percent,T2,WB-WDI-2024
Syria,2001,trade_pct_gdp,67.368,percent,T2,WB-WDI-2024
Syria,2002,trade_pct_gdp,71.644,percent,T2,WB-WDI-2024
Syria,2003,trade_pct_gdp,61.547,percent,T2,WB-WDI-2024
Syria,2004,trade_pct_gdp,78.115,percent,T2,WB-WDI-2024
Syria,2005,trade_pct_gdp,80.133,percent,T2,WB-WDI-2024
Syria,2006,trade_pct_gdp,74.205,percent,T2,WB-WDI-2024
Syria,2007,trade_pct_gdp,76.379,percent,T2,WB-WDI-2024
Syria,2008,trade_pct_gdp,74.228,percent,T2,WB-WDI-2024
Syria,2009,trade_pct_gdp,59.944,percent,T2,WB-WDI-2024
Syria,2010,trade_pct_gdp,64.010,percent,T2,WB-WDI-2024
Syria,2011,trade_pct_gdp,50.696,percent,T3,WB-WDI-2024
Syria,2012,trade_pct_gdp,35.369,percent,T3,WB-WDI-2024
Syria,2013,trade_pct_gdp,44.705,percent,T3,WB-WDI-2024
Syria,2014,trade_pct_gdp,54.264,percent,T3,WB-WDI-2024
Syria,2015,trade_pct_gdp,51.086,percent,T3,WB-WDI-2024
Syria,2016,trade_pct_gdp,67.112,percent,T3,WB-WDI-2024
Syria,2017,trade_pct_gdp,61.051,percent,T3,WB-WDI-2024
Syria,2018,trade_pct_gdp,50.659,percent,T3,WB-WDI-2024
Syria,2019,trade_pct_gdp,41.999,percent,T3,WB-WDI-2024
Syria,2020,trade_pct_gdp,44.818,percent,T3,WB-WDI-2024
Syria,2021,trade_pct_gdp,61.220,percent,T3,WB-WDI-2024
Syria,2022,trade_pct_gdp,35.609,percent,T3,WB-WDI-2024
Syria,1991,unemployment_rate,6.750,percent,T2,WB-WDI-2024
Syria,1992,unemployment_rate,6.949,percent,T2,WB-WDI-2024
Syria,1993,unemployment_rate,7.400,percent,T2,WB-WDI-2024
Syria,1994,unemployment_rate,7.500,percent,T2,WB-WDI-2024
Syria,1995,unemployment_rate,7.200,percent,T2,WB-WDI-2024
Syria,1996,unemployment_rate,7.221,percent,T2,WB-WDI-2024
Syria,1997,unemployment_rate,7.310,percent,T2,WB-WDI-2024
Syria,1998,unemployment_rate,7.376,percent,T2,WB-WDI-2024
Syria,1999,unemployment_rate,7.600,percent,T2,WB-WDI-2024
Syria,2000,unemployment_rate,9.587,percent,T2,WB-WDI-2024
Syria,2001,unemployment_rate,11.630,percent,T2,WB-WDI-2024
Syria,2002,unemployment_rate,10.940,percent,T2,WB-WDI-2024
Syria,2003,unemployment_rate,10.280,percent,T2,WB-WDI-2024
Syria,2004,unemployment_rate,9.513,percent,T2,WB-WDI-2024
Syria,2005,unemployment_rate,8.810,percent,T2,WB-WDI-2024
Syria,2006,unemployment_rate,8.170,percent,T2,WB-WDI-2024
Syria,2007,unemployment_rate,8.420,percent,T2,WB-WDI-2024
Syria,2008,unemployment_rate,10.940,percent,T2,WB-WDI-2024
Syria,2009,unemployment_rate,8.140,percent,T2,WB-WDI-2024
Syria,2010,unemployment_rate,8.610,percent,T2,WB-WDI-2024
Syria,2011,unemployment_rate,8.626,percent,T3,WB-WDI-2024
Syria,2012,unemployment_rate,13.800,percent,T3,WB-WDI-2024
Syria,2013,unemployment_rate,14.500,percent,T3,WB-WDI-2024
Syria,2014,unemployment_rate,14.782,percent,T3,WB-WDI-2024
Syria,2015,unemployment_rate,14.244,percent,T3,WB-WDI-2024
Syria,2016,unemployment_rate,13.798,percent,T3,WB-WDI-2024
Syria,2017,unemployment_rate,13.603,percent,T3,WB-WDI-2024
Syria,2018,unemployment_rate,13.505,percent,T3,WB-WDI-2024
Syria,2019,unemployment_rate,13.369,percent,T3,WB-WDI-2024
Syria,2020,unemployment_rate,15.179,percent,T3,WB-WDI-2024
Syria,2021,unemployment_rate,14.887,percent,T3,WB-WDI-2024
Syria,2022,unemployment_rate,13.245,percent,T3,WB-WDI-2024
Syria,2023,unemployment_rate,13.270,percent,T3,WB-WDI-2024
Syria,2024,unemployment_rate,13.359,percent,T3,WB-WDI-2024
Turkey,2010,gas_production,0.7,billion_cubic_meters_per_year,T2,EI-2024
Turkey,2015,gas_production,0.4,billion_cubic_meters_per_year,T2,EI-2024
Turkey,2020,gas_production,0.4,billion_cubic_meters_per_year,T2,EI-2024
Turkey,2023,gas_production,1.0,billion_cubic_meters_per_year,T2,EI-2024
Turkey,2024,gas_production,1.5,billion_cubic_meters_per_year,T2,EI-2024
Turkey,2025,gas_production,1.8,billion_cubic_meters_per_year,T2,EI-2024
Turkey,1979,gdp_nominal_usd,89616129032.26,USD_current,T2,WB-WDI-2024
Turkey,1980,gdp_nominal_usd,68823684210.53,USD_current,T2,WB-WDI-2024
Turkey,1981,gdp_nominal_usd,71180180180.18,USD_current,T2,WB-WDI-2024
Turkey,1982,gdp_nominal_usd,64369325153.37,USD_current,T2,WB-WDI-2024
Turkey,1983,gdp_nominal_usd,61803555555.56,USD_current,T2,WB-WDI-2024
Turkey,1984,gdp_nominal_usd,59937602179.84,USD_current,T2,WB-WDI-2024
Turkey,1985,gdp_nominal_usd,67232758620.69,USD_current,T2,WB-WDI-2024
Turkey,1986,gdp_nominal_usd,75673037037.04,USD_current,T2,WB-WDI-2024
Turkey,1987,gdp_nominal_usd,87190081680.28,USD_current,T2,WB-WDI-2024
Turkey,1988,gdp_nominal_usd,90875175808.72,USD_current,T2,WB-WDI-2024
Turkey,1989,gdp_nominal_usd,107127191328.93,USD_current,T2,WB-WDI-2024
Turkey,1990,gdp_nominal_usd,150655500191.64,USD_current,T2,WB-WDI-2024
Turkey,1991,gdp_nominal_usd,151034731543.62,USD_current,T2,WB-WDI-2024
Turkey,1992,gdp_nominal_usd,159104772991.85,USD_current,T2,WB-WDI-2024
Turkey,1993,gdp_nominal_usd,180415757851.62,USD_current,T2,WB-WDI-2024
Turkey,1994,gdp_nominal_usd,130650447499.07,USD_current,T2,WB-WDI-2024
Turkey,1995,gdp_nominal_usd,234699627004.04,USD_current,T2,WB-WDI-2024
Turkey,1996,gdp_nominal_usd,250366965174.13,USD_current,T2,WB-WDI-2024
Turkey,1997,gdp_nominal_usd,263817553748.39,USD_current,T2,WB-WDI-2024
Turkey,1998,gdp_nominal_usd,276035372654.61,USD_current,T2,WB-WDI-2024
Turkey,1999,gdp_nominal_usd,256673939247.77,USD_current,T2,WB-WDI-2024
Turkey,2000,gdp_nominal_usd,274748463178.50,USD_current,T2,WB-WDI-2024
Turkey,2001,gdp_nominal_usd,202195080239.04,USD_current,T2,WB-WDI-2024
Turkey,2002,gdp_nominal_usd,240778008473.85,USD_current,T2,WB-WDI-2024
Turkey,2003,gdp_nominal_usd,315392899922.38,USD_current,T2,WB-WDI-2024
Turkey,2004,gdp_nominal_usd,410156784495.95,USD_current,T2,WB-WDI-2024
Turkey,2005,gdp_nominal_usd,508314210212.54,USD_current,T2,WB-WDI-2024
Turkey,2006,gdp_nominal_usd,559668118237.00,USD_current,T2,WB-WDI-2024
Turkey,2007,gdp_nominal_usd,685228481017.03,USD_current,T2,WB-WDI-2024
Turkey,2008,gdp_nominal_usd,775415944332.87,USD_current,T2,WB-WDI-2024
Turkey,2009,gdp_nominal_usd,653894449921.29,USD_current,T2,WB-WDI-2024
Turkey,2010,gdp_nominal_usd,782545664268.33,USD_current,T2,WB-WDI-2024
Turkey,2011,gdp_nominal_usd,844192507380.80,USD_current,T2,WB-WDI-2024
Turkey,2012,gdp_nominal_usd,885327622479.05,USD_current,T2,WB-WDI-2024
Turkey,2013,gdp_nominal_usd,962167643588.93,USD_current,T2,WB-WDI-2024
Turkey,2014,gdp_nominal_usd,942343431928.65,USD_current,T2,WB-WDI-2024
Turkey,2015,gdp_nominal_usd,865460050683.66,USD_current,T2,WB-WDI-2024
Turkey,2016,gdp_nominal_usd,870818016909.84,USD_current,T2,WB-WDI-2024
Turkey,2017,gdp_nominal_usd,863874522365.28,USD_current,T2,WB-WDI-2024
Turkey,2018,gdp_nominal_usd,788356985773.67,USD_current,T2,WB-WDI-2024
Turkey,2019,gdp_nominal_usd,775853144222.61,USD_current,T2,WB-WDI-2024
Turkey,2020,gdp_nominal_usd,733628247119.08,USD_current,T2,WB-WDI-2024
Turkey,2021,gdp_nominal_usd,839938668172.13,USD_current,T2,WB-WDI-2024
Turkey,2022,gdp_nominal_usd,926097476913.82,USD_current,T2,WB-WDI-2024
Turkey,2023,gdp_nominal_usd,1141242864657.45,USD_current,T2,WB-WDI-2024
Turkey,2024,gdp_nominal_usd,1359123768774.12,USD_current,T2,WB-WDI-2024
Turkey,1990,gdp_per_capita_ppp,8207.99,USD_PPP_current_intl,T2,WB-WDI-2024
Turkey,1991,gdp_per_capita_ppp,8417.92,USD_PPP_current_intl,T2,WB-WDI-2024
Turkey,1992,gdp_per_capita_ppp,8968.67,USD_PPP_current_intl,T2,WB-WDI-2024
Turkey,1993,gdp_per_capita_ppp,9751.25,USD_PPP_current_intl,T2,WB-WDI-2024
Turkey,1994,gdp_per_capita_ppp,9252.98,USD_PPP_current_intl,T2,WB-WDI-2024
Turkey,1995,gdp_per_capita_ppp,9962.11,USD_PPP_current_intl,T2,WB-WDI-2024
Turkey,1996,gdp_per_capita_ppp,10624.48,USD_PPP_current_intl,T2,WB-WDI-2024
Turkey,1997,gdp_per_capita_ppp,11513.73,USD_PPP_current_intl,T2,WB-WDI-2024
Turkey,1998,gdp_per_capita_ppp,8762.75,USD_PPP_current_intl,T2,WB-WDI-2024
Turkey,1999,gdp_per_capita_ppp,8470.47,USD_PPP_current_intl,T2,WB-WDI-2024
Turkey,2000,gdp_per_capita_ppp,9325.81,USD_PPP_current_intl,T2,WB-WDI-2024
Turkey,2001,gdp_per_capita_ppp,9014.06,USD_PPP_current_intl,T2,WB-WDI-2024
Turkey,2002,gdp_per_capita_ppp,9154.45,USD_PPP_current_intl,T2,WB-WDI-2024
Turkey,2003,gdp_per_capita_ppp,9474.03,USD_PPP_current_intl,T2,WB-WDI-2024
Turkey,2004,gdp_per_capita_ppp,10759.34,USD_PPP_current_intl,T2,WB-WDI-2024
Turkey,2005,gdp_per_capita_ppp,11803.36,USD_PPP_current_intl,T2,WB-WDI-2024
Turkey,2006,gdp_per_capita_ppp,13555.34,USD_PPP_current_intl,T2,WB-WDI-2024
Turkey,2007,gdp_per_capita_ppp,14951.14,USD_PPP_current_intl,T2,WB-WDI-2024
Turkey,2008,gdp_per_capita_ppp,16141.69,USD_PPP_current_intl,T2,WB-WDI-2024
Turkey,2009,gdp_per_capita_ppp,15559.74,USD_PPP_current_intl,T2,WB-WDI-2024
Turkey,2010,gdp_per_capita_ppp,17466.26,USD_PPP_current_intl,T2,WB-WDI-2024
Turkey,2011,gdp_per_capita_ppp,19717.24,USD_PPP_current_intl,T2,WB-WDI-2024
Turkey,2012,gdp_per_capita_ppp,20739.27,USD_PPP_current_intl,T2,WB-WDI-2024
Turkey,2013,gdp_per_capita_ppp,22475.29,USD_PPP_current_intl,T2,WB-WDI-2024
Turkey,2014,gdp_per_capita_ppp,24192.54,USD_PPP_current_intl,T2,WB-WDI-2024
Turkey,2015,gdp_per_capita_ppp,25890.05,USD_PPP_current_intl,T2,WB-WDI-2024
Turkey,2016,gdp_per_capita_ppp,26730.76,USD_PPP_current_intl,T2,WB-WDI-2024
Turkey,2017,gdp_per_capita_ppp,28353.54,USD_PPP_current_intl,T2,WB-WDI-2024
Turkey,2018,gdp_per_capita_ppp,28640.34,USD_PPP_current_intl,T2,WB-WDI-2024
Turkey,2019,gdp_per_capita_ppp,29016.46,USD_PPP_current_intl,T2,WB-WDI-2024
Turkey,2020,gdp_per_capita_ppp,29209.33,USD_PPP_current_intl,T2,WB-WDI-2024
Turkey,2021,gdp_per_capita_ppp,32105.55,USD_PPP_current_intl,T2,WB-WDI-2024
Turkey,2022,gdp_per_capita_ppp,39564.11,USD_PPP_current_intl,T2,WB-WDI-2024
Turkey,2023,gdp_per_capita_ppp,42786.20,USD_PPP_current_intl,T2,WB-WDI-2024
Turkey,2024,gdp_per_capita_ppp,45639.02,USD_PPP_current_intl,T2,WB-WDI-2024
Turkey,1979,gdp_per_capita_usd,2013.37,USD_current,T2,WB-WDI-2024
Turkey,1980,gdp_per_capita_usd,1515.65,USD_current,T2,WB-WDI-2024
Turkey,1981,gdp_per_capita_usd,1536.67,USD_current,T2,WB-WDI-2024
Turkey,1982,gdp_per_capita_usd,1360.24,USD_current,T2,WB-WDI-2024
Turkey,1983,gdp_per_capita_usd,1275.68,USD_current,T2,WB-WDI-2024
Turkey,1984,gdp_per_capita_usd,1209.05,USD_current,T2,WB-WDI-2024
Turkey,1985,gdp_per_capita_usd,1326.43,USD_current,T2,WB-WDI-2024
Turkey,1986,gdp_per_capita_usd,1461.50,USD_current,T2,WB-WDI-2024
Turkey,1987,gdp_per_capita_usd,1649.96,USD_current,T2,WB-WDI-2024
Turkey,1988,gdp_per_capita_usd,1685.69,USD_current,T2,WB-WDI-2024
Turkey,1989,gdp_per_capita_usd,1948.59,USD_current,T2,WB-WDI-2024
Turkey,1990,gdp_per_capita_usd,2689.53,USD_current,T2,WB-WDI-2024
Turkey,1991,gdp_per_capita_usd,2649.27,USD_current,T2,WB-WDI-2024
Turkey,1992,gdp_per_capita_usd,2743.65,USD_current,T2,WB-WDI-2024
Turkey,1993,gdp_per_capita_usd,3057.94,USD_current,T2,WB-WDI-2024
Turkey,1994,gdp_per_capita_usd,2176.28,USD_current,T2,WB-WDI-2024
Turkey,1995,gdp_per_capita_usd,3845.99,USD_current,T2,WB-WDI-2024
Turkey,1996,gdp_per_capita_usd,4041.36,USD_current,T2,WB-WDI-2024
Turkey,1997,gdp_per_capita_usd,4197.38,USD_current,T2,WB-WDI-2024
Turkey,1998,gdp_per_capita_usd,4331.03,USD_current,T2,WB-WDI-2024
Turkey,1999,gdp_per_capita_usd,3973.78,USD_current,T2,WB-WDI-2024
Turkey,2000,gdp_per_capita_usd,4199.38,USD_current,T2,WB-WDI-2024
Turkey,2001,gdp_per_capita_usd,3052.23,USD_current,T2,WB-WDI-2024
Turkey,2002,gdp_per_capita_usd,3591.09,USD_current,T2,WB-WDI-2024
Turkey,2003,gdp_per_capita_usd,4649.64,USD_current,T2,WB-WDI-2024
Turkey,2004,gdp_per_capita_usd,5979.61,USD_current,T2,WB-WDI-2024
Turkey,2005,gdp_per_capita_usd,7331.85,USD_current,T2,WB-WDI-2024
Turkey,2006,gdp_per_capita_usd,7990.08,USD_current,T2,WB-WDI-2024
Turkey,2007,gdp_per_capita_usd,9766.92,USD_current,T2,WB-WDI-2024
Turkey,2008,gdp_per_capita_usd,10913.41,USD_current,T2,WB-WDI-2024
Turkey,2009,gdp_per_capita_usd,9076.92,USD_current,T2,WB-WDI-2024
Turkey,2010,gdp_per_capita_usd,10698.97,USD_current,T2,WB-WDI-2024
Turkey,2011,gdp_per_capita_usd,11373.64,USD_current,T2,WB-WDI-2024
Turkey,2012,gdp_per_capita_usd,11776.76,USD_current,T2,WB-WDI-2024
Turkey,2013,gdp_per_capita_usd,12635.56,USD_current,T2,WB-WDI-2024
Turkey,2014,gdp_per_capita_usd,12209.39,USD_current,T2,WB-WDI-2024
Turkey,2015,gdp_per_capita_usd,11064.65,USD_current,T2,WB-WDI-2024
Turkey,2016,gdp_per_capita_usd,10984.36,USD_current,T2,WB-WDI-2024
Turkey,2017,gdp_per_capita_usd,10756.39,USD_current,T2,WB-WDI-2024
Turkey,2018,gdp_per_capita_usd,9684.12,USD_current,T2,WB-WDI-2024
Turkey,2019,gdp_per_capita_usd,9395.23,USD_current,T2,WB-WDI-2024
Turkey,2020,gdp_per_capita_usd,8798.12,USD_current,T2,WB-WDI-2024
Turkey,2021,gdp_per_capita_usd,9981.76,USD_current,T2,WB-WDI-2024
Turkey,2022,gdp_per_capita_usd,10897.84,USD_current,T2,WB-WDI-2024
Turkey,2023,gdp_per_capita_usd,13375.09,USD_current,T2,WB-WDI-2024
Turkey,2024,gdp_per_capita_usd,15892.72,USD_current,T2,WB-WDI-2024
Turkey,1979,military_spending_pct_gdp,3.357,percent,T2,SIPRI-MILEX-2024
Turkey,1980,military_spending_pct_gdp,3.900,percent,T2,SIPRI-MILEX-2024
Turkey,1981,military_spending_pct_gdp,3.825,percent,T2,SIPRI-MILEX-2024
Turkey,1982,military_spending_pct_gdp,4.298,percent,T2,SIPRI-MILEX-2024
Turkey,1983,military_spending_pct_gdp,3.938,percent,T2,SIPRI-MILEX-2024
Turkey,1984,military_spending_pct_gdp,3.597,percent,T2,SIPRI-MILEX-2024
Turkey,1985,military_spending_pct_gdp,3.531,percent,T2,SIPRI-MILEX-2024
Turkey,1986,military_spending_pct_gdp,3.638,percent,T2,SIPRI-MILEX-2024
Turkey,1987,military_spending_pct_gdp,3.329,percent,T2,SIPRI-MILEX-2024
Turkey,1988,military_spending_pct_gdp,2.932,percent,T2,SIPRI-MILEX-2024
Turkey,1989,military_spending_pct_gdp,3.149,percent,T2,SIPRI-MILEX-2024
Turkey,1990,military_spending_pct_gdp,3.528,percent,T2,SIPRI-MILEX-2024
Turkey,1991,military_spending_pct_gdp,3.754,percent,T2,SIPRI-MILEX-2024
Turkey,1992,military_spending_pct_gdp,3.871,percent,T2,SIPRI-MILEX-2024
Turkey,1993,military_spending_pct_gdp,3.921,percent,T2,SIPRI-MILEX-2024
Turkey,1994,military_spending_pct_gdp,4.051,percent,T2,SIPRI-MILEX-2024
Turkey,1995,military_spending_pct_gdp,2.815,percent,T2,SIPRI-MILEX-2024
Turkey,1996,military_spending_pct_gdp,3.000,percent,T2,SIPRI-MILEX-2024
Turkey,1997,military_spending_pct_gdp,2.954,percent,T2,SIPRI-MILEX-2024
Turkey,1998,military_spending_pct_gdp,3.181,percent,T2,SIPRI-MILEX-2024
Turkey,1999,military_spending_pct_gdp,3.877,percent,T2,SIPRI-MILEX-2024
Turkey,2000,military_spending_pct_gdp,3.637,percent,T2,SIPRI-MILEX-2024
Turkey,2001,military_spending_pct_gdp,3.569,percent,T2,SIPRI-MILEX-2024
Turkey,2002,military_spending_pct_gdp,3.759,percent,T2,SIPRI-MILEX-2024
Turkey,2003,military_spending_pct_gdp,3.259,percent,T2,SIPRI-MILEX-2024
Turkey,2004,military_spending_pct_gdp,2.663,percent,T2,SIPRI-MILEX-2024
Turkey,2005,military_spending_pct_gdp,2.377,percent,T2,SIPRI-MILEX-2024
Turkey,2006,military_spending_pct_gdp,2.329,percent,T2,SIPRI-MILEX-2024
Turkey,2007,military_spending_pct_gdp,2.187,percent,T2,SIPRI-MILEX-2024
Turkey,2008,military_spending_pct_gdp,2.168,percent,T2,SIPRI-MILEX-2024
Turkey,2009,military_spending_pct_gdp,2.454,percent,T2,SIPRI-MILEX-2024
Turkey,2010,military_spending_pct_gdp,2.256,percent,T2,SIPRI-MILEX-2024
Turkey,2011,military_spending_pct_gdp,2.015,percent,T2,SIPRI-MILEX-2024
Turkey,2012,military_spending_pct_gdp,1.999,percent,T2,SIPRI-MILEX-2024
Turkey,2013,military_spending_pct_gdp,1.915,percent,T2,SIPRI-MILEX-2024
Turkey,2014,military_spending_pct_gdp,1.865,percent,T2,SIPRI-MILEX-2024
Turkey,2015,military_spending_pct_gdp,1.810,percent,T2,SIPRI-MILEX-2024
Turkey,2016,military_spending_pct_gdp,2.048,percent,T2,SIPRI-MILEX-2024
Turkey,2017,military_spending_pct_gdp,2.038,percent,T2,SIPRI-MILEX-2024
Turkey,2018,military_spending_pct_gdp,2.492,percent,T2,SIPRI-MILEX-2024
Turkey,2019,military_spending_pct_gdp,2.638,percent,T2,SIPRI-MILEX-2024
Turkey,2020,military_spending_pct_gdp,2.156,percent,T2,SIPRI-MILEX-2024
Turkey,2021,military_spending_pct_gdp,1.814,percent,T2,SIPRI-MILEX-2024
Turkey,2022,military_spending_pct_gdp,1.625,percent,T2,SIPRI-MILEX-2024
Turkey,2023,military_spending_pct_gdp,1.685,percent,T2,SIPRI-MILEX-2024
Turkey,2024,military_spending_pct_gdp,1.840,percent,T2,SIPRI-MILEX-2024
Turkey,2025,military_spending_pct_gdp,1.908,percent,T2,SIPRI-MILEX-2024
Turkey,1979,military_spending_usd,3001142305.53,USD_current,T2,SIPRI-MILEX-2024
Turkey,1980,military_spending_usd,2671976285.57,USD_current,T2,SIPRI-MILEX-2024
Turkey,1981,military_spending_usd,2814869761.46,USD_current,T2,SIPRI-MILEX-2024
Turkey,1982,military_spending_usd,2754732302.70,USD_current,T2,SIPRI-MILEX-2024
Turkey,1983,military_spending_usd,2469375535.02,USD_current,T2,SIPRI-MILEX-2024
Turkey,1984,military_spending_usd,2190052307.47,USD_current,T2,SIPRI-MILEX-2024
Turkey,1985,military_spending_usd,2365977436.05,USD_current,T2,SIPRI-MILEX-2024
Turkey,1986,military_spending_usd,2769409587.97,USD_current,T2,SIPRI-MILEX-2024
Turkey,1987,military_spending_usd,2889593497.07,USD_current,T2,SIPRI-MILEX-2024
Turkey,1988,military_spending_usd,2663901290.12,USD_current,T2,SIPRI-MILEX-2024
Turkey,1989,military_spending_usd,3373741563.29,USD_current,T2,SIPRI-MILEX-2024
Turkey,1990,military_spending_usd,5315413395.49,USD_current,T2,SIPRI-MILEX-2024
Turkey,1991,military_spending_usd,5670666519.65,USD_current,T2,SIPRI-MILEX-2024
Turkey,1992,military_spending_usd,6157947273.30,USD_current,T2,SIPRI-MILEX-2024
Turkey,1993,military_spending_usd,7075086939.90,USD_current,T2,SIPRI-MILEX-2024
Turkey,1994,military_spending_usd,5293173965.76,USD_current,T2,SIPRI-MILEX-2024
Turkey,1995,military_spending_usd,6606245814.71,USD_current,T2,SIPRI-MILEX-2024
Turkey,1996,military_spending_usd,7512090795.52,USD_current,T2,SIPRI-MILEX-2024
Turkey,1997,military_spending_usd,7791986303.62,USD_current,T2,SIPRI-MILEX-2024
Turkey,1998,military_spending_usd,8781048158.21,USD_current,T2,SIPRI-MILEX-2024
Turkey,1999,military_spending_usd,9951788873.95,USD_current,T2,SIPRI-MILEX-2024
Turkey,2000,military_spending_usd,9993730196.94,USD_current,T2,SIPRI-MILEX-2024
Turkey,2001,military_spending_usd,7216051044.80,USD_current,T2,SIPRI-MILEX-2024
Turkey,2002,military_spending_usd,9050377181.98,USD_current,T2,SIPRI-MILEX-2024
Turkey,2003,military_spending_usd,10277901778.28,USD_current,T2,SIPRI-MILEX-2024
Turkey,2004,military_spending_usd,10920773882.18,USD_current,T2,SIPRI-MILEX-2024
Turkey,2005,military_spending_usd,12081156313.73,USD_current,T2,SIPRI-MILEX-2024
Turkey,2006,military_spending_usd,13036508103.19,USD_current,T2,SIPRI-MILEX-2024
Turkey,2007,military_spending_usd,14987758360.00,USD_current,T2,SIPRI-MILEX-2024
Turkey,2008,military_spending_usd,16809576495.17,USD_current,T2,SIPRI-MILEX-2024
Turkey,2009,military_spending_usd,16047510903.51,USD_current,T2,SIPRI-MILEX-2024
Turkey,2010,military_spending_usd,17650464118.18,USD_current,T2,SIPRI-MILEX-2024
Turkey,2011,military_spending_usd,17006477805.31,USD_current,T2,SIPRI-MILEX-2024
Turkey,2012,military_spending_usd,17694320712.69,USD_current,T2,SIPRI-MILEX-2024
Turkey,2013,military_spending_usd,18427646196.76,USD_current,T2,SIPRI-MILEX-2024
Turkey,2014,military_spending_usd,17576538470.51,USD_current,T2,SIPRI-MILEX-2024
Turkey,2015,military_spending_usd,15668750000.00,USD_current,T2,SIPRI-MILEX-2024
Turkey,2016,military_spending_usd,17831323597.14,USD_current,T2,SIPRI-MILEX-2024
Turkey,2017,military_spending_usd,17609831226.30,USD_current,T2,SIPRI-MILEX-2024
Turkey,2018,military_spending_usd,19646381099.18,USD_current,T2,SIPRI-MILEX-2024
Turkey,2019,military_spending_usd,20469985680.95,USD_current,T2,SIPRI-MILEX-2024
Turkey,2020,military_spending_usd,15815406712.03,USD_current,T2,SIPRI-MILEX-2024
Turkey,2021,military_spending_usd,15240338328.72,USD_current,T2,SIPRI-MILEX-2024
Turkey,2022,military_spending_usd,15047270052.33,USD_current,T2,SIPRI-MILEX-2024
Turkey,2023,military_spending_usd,19233041584.18,USD_current,T2,SIPRI-MILEX-2024
Turkey,2024,military_spending_usd,25012152848.37,USD_current,T2,SIPRI-MILEX-2024
Turkey,2025,military_spending_usd,29986711540.60,USD_current,T2,SIPRI-MILEX-2024
Turkey,1979,oil_production,18.2,million_barrels_per_year,T2,EI-2024
Turkey,1985,oil_production,18.2,million_barrels_per_year,T2,EI-2024
Turkey,1990,oil_production,25.6,million_barrels_per_year,T2,EI-2024
Turkey,1995,oil_production,21.9,million_barrels_per_year,T2,EI-2024
Turkey,2000,oil_production,18.3,million_barrels_per_year,T2,EI-2024
Turkey,2005,oil_production,14.6,million_barrels_per_year,T2,EI-2024
Turkey,2010,oil_production,18.2,million_barrels_per_year,T2,EI-2024
Turkey,2015,oil_production,18.2,million_barrels_per_year,T2,EI-2024
Turkey,2020,oil_production,22.0,million_barrels_per_year,T2,EI-2024
Turkey,2023,oil_production,29.2,million_barrels_per_year,T2,EI-2024
Turkey,2024,oil_production,36.6,million_barrels_per_year,T2,EI-2024
Turkey,2025,oil_production,43.8,million_barrels_per_year,T2,EI-2024
Turkey,1979,oil_rents_pct_gdp,0.362,percent,T2,WB-WDI-2024
Turkey,1980,oil_rents_pct_gdp,0.489,percent,T2,WB-WDI-2024
Turkey,1981,oil_rents_pct_gdp,0.386,percent,T2,WB-WDI-2024
Turkey,1982,oil_rents_pct_gdp,0.263,percent,T2,WB-WDI-2024
Turkey,1983,oil_rents_pct_gdp,0.338,percent,T2,WB-WDI-2024
Turkey,1984,oil_rents_pct_gdp,0.337,percent,T2,WB-WDI-2024
Turkey,1985,oil_rents_pct_gdp,0.303,percent,T2,WB-WDI-2024
Turkey,1986,oil_rents_pct_gdp,0.124,percent,T2,WB-WDI-2024
Turkey,1987,oil_rents_pct_gdp,0.193,percent,T2,WB-WDI-2024
Turkey,1988,oil_rents_pct_gdp,0.136,percent,T2,WB-WDI-2024
Turkey,1989,oil_rents_pct_gdp,0.207,percent,T2,WB-WDI-2024
Turkey,1990,oil_rents_pct_gdp,0.261,percent,T2,WB-WDI-2024
Turkey,1991,oil_rents_pct_gdp,0.152,percent,T2,WB-WDI-2024
Turkey,1992,oil_rents_pct_gdp,0.149,percent,T2,WB-WDI-2024
Turkey,1993,oil_rents_pct_gdp,0.115,percent,T2,WB-WDI-2024
Turkey,1994,oil_rents_pct_gdp,0.134,percent,T2,WB-WDI-2024
Turkey,1995,oil_rents_pct_gdp,0.111,percent,T2,WB-WDI-2024
Turkey,1996,oil_rents_pct_gdp,0.145,percent,T2,WB-WDI-2024
Turkey,1997,oil_rents_pct_gdp,0.107,percent,T2,WB-WDI-2024
Turkey,1998,oil_rents_pct_gdp,0.021,percent,T2,WB-WDI-2024
Turkey,1999,oil_rents_pct_gdp,0.063,percent,T2,WB-WDI-2024
Turkey,2000,oil_rents_pct_gdp,0.120,percent,T2,WB-WDI-2024
Turkey,2001,oil_rents_pct_gdp,0.110,percent,T2,WB-WDI-2024
Turkey,2002,oil_rents_pct_gdp,0.092,percent,T2,WB-WDI-2024
Turkey,2003,oil_rents_pct_gdp,0.081,percent,T2,WB-WDI-2024
Turkey,2004,oil_rents_pct_gdp,0.081,percent,T2,WB-WDI-2024
Turkey,2005,oil_rents_pct_gdp,0.098,percent,T2,WB-WDI-2024
Turkey,2006,oil_rents_pct_gdp,0.098,percent,T2,WB-WDI-2024
Turkey,2007,oil_rents_pct_gdp,0.087,percent,T2,WB-WDI-2024
Turkey,2008,oil_rents_pct_gdp,0.122,percent,T2,WB-WDI-2024
Turkey,2009,oil_rents_pct_gdp,0.086,percent,T2,WB-WDI-2024
Turkey,2010,oil_rents_pct_gdp,0.086,percent,T2,WB-WDI-2024
Turkey,2011,oil_rents_pct_gdp,0.124,percent,T2,WB-WDI-2024
Turkey,2012,oil_rents_pct_gdp,0.112,percent,T2,WB-WDI-2024
Turkey,2013,oil_rents_pct_gdp,0.097,percent,T2,WB-WDI-2024
Turkey,2014,oil_rents_pct_gdp,0.094,percent,T2,WB-WDI-2024
Turkey,2015,oil_rents_pct_gdp,0.045,percent,T2,WB-WDI-2024
Turkey,2016,oil_rents_pct_gdp,0.035,percent,T2,WB-WDI-2024
Turkey,2017,oil_rents_pct_gdp,0.054,percent,T2,WB-WDI-2024
Turkey,2018,oil_rents_pct_gdp,0.108,percent,T2,WB-WDI-2024
Turkey,2019,oil_rents_pct_gdp,0.103,percent,T2,WB-WDI-2024
Turkey,2020,oil_rents_pct_gdp,0.061,percent,T2,WB-WDI-2024
Turkey,2021,oil_rents_pct_gdp,0.138,percent,T2,WB-WDI-2024
Turkey,1979,population,44510429,persons,T2,WB-WDI-2024
Turkey,1980,population,45408815,persons,T2,WB-WDI-2024
Turkey,1981,population,46321190,persons,T2,WB-WDI-2024
Turkey,1982,population,47322096,persons,T2,WB-WDI-2024
Turkey,1983,population,48447410,persons,T2,WB-WDI-2024
Turkey,1984,population,49574069,persons,T2,WB-WDI-2024
Turkey,1985,population,50687115,persons,T2,WB-WDI-2024
Turkey,1986,population,51777772,persons,T2,WB-WDI-2024
Turkey,1987,population,52843670,persons,T2,WB-WDI-2024
Turkey,1988,population,53909626,persons,T2,WB-WDI-2024
Turkey,1989,population,54976723,persons,T2,WB-WDI-2024
Turkey,1990,population,56015628,persons,T2,WB-WDI-2024
Turkey,1991,population,57009887,persons,T2,WB-WDI-2024
Turkey,1992,population,57990118,persons,T2,WB-WDI-2024
Turkey,1993,population,58999167,persons,T2,WB-WDI-2024
Turkey,1994,population,60033836,persons,T2,WB-WDI-2024
Turkey,1995,population,61024503,persons,T2,WB-WDI-2024
Turkey,1996,population,61951134,persons,T2,WB-WDI-2024
Turkey,1997,population,62852966,persons,T2,WB-WDI-2024
Turkey,1998,population,63734383,persons,T2,WB-WDI-2024
Turkey,1999,population,64591923,persons,T2,WB-WDI-2024
Turkey,2000,population,65425961,persons,T2,WB-WDI-2024
Turkey,2001,population,66245128,persons,T2,WB-WDI-2024
Turkey,2002,population,67048795,persons,T2,WB-WDI-2024
Turkey,2003,population,67831730,persons,T2,WB-WDI-2024
Turkey,2004,population,68592617,persons,T2,WB-WDI-2024
Turkey,2005,population,69329557,persons,T2,WB-WDI-2024
Turkey,2006,population,70045349,persons,T2,WB-WDI-2024
Turkey,2007,population,70158112,persons,T2,WB-WDI-2024
Turkey,2008,population,71051678,persons,T2,WB-WDI-2024
Turkey,2009,population,72039206,persons,T2,WB-WDI-2024
Turkey,2010,population,73142150,persons,T2,WB-WDI-2024
Turkey,2011,population,74223629,persons,T2,WB-WDI-2024
Turkey,2012,population,75175827,persons,T2,WB-WDI-2024
Turkey,2013,population,76147624,persons,T2,WB-WDI-2024
Turkey,2014,population,77181884,persons,T2,WB-WDI-2024
Turkey,2015,population,78218479,persons,T2,WB-WDI-2024
Turkey,2016,population,79277962,persons,T2,WB-WDI-2024
Turkey,2017,population,80312698,persons,T2,WB-WDI-2024
Turkey,2018,population,81407204,persons,T2,WB-WDI-2024
Turkey,2019,population,82579440,persons,T2,WB-WDI-2024
Turkey,2020,population,83384680,persons,T2,WB-WDI-2024
Turkey,2021,population,84147318,persons,T2,WB-WDI-2024
Turkey,2022,population,84979913,persons,T2,WB-WDI-2024
Turkey,2023,population,85325965,persons,T2,WB-WDI-2024
Turkey,2024,population,85518661,persons,T2,WB-WDI-2024
Turkey,1979,trade_pct_gdp,9.100,percent,T2,WB-WDI-2024
Turkey,1980,trade_pct_gdp,17.090,percent,T2,WB-WDI-2024
Turkey,1981,trade_pct_gdp,21.142,percent,T2,WB-WDI-2024
Turkey,1982,trade_pct_gdp,26.881,percent,T2,WB-WDI-2024
Turkey,1983,trade_pct_gdp,29.031,percent,T2,WB-WDI-2024
Turkey,1984,trade_pct_gdp,35.280,percent,T2,WB-WDI-2024
Turkey,1985,trade_pct_gdp,34.827,percent,T2,WB-WDI-2024
Turkey,1986,trade_pct_gdp,29.414,percent,T2,WB-WDI-2024
Turkey,1987,trade_pct_gdp,33.338,percent,T2,WB-WDI-2024
Turkey,1988,trade_pct_gdp,36.207,percent,T2,WB-WDI-2024
Turkey,1989,trade_pct_gdp,33.984,percent,T2,WB-WDI-2024
Turkey,1990,trade_pct_gdp,30.943,percent,T2,WB-WDI-2024
Turkey,1991,trade_pct_gdp,30.476,percent,T2,WB-WDI-2024
Turkey,1992,trade_pct_gdp,31.737,percent,T2,WB-WDI-2024
Turkey,1993,trade_pct_gdp,33.017,percent,T2,WB-WDI-2024
Turkey,1994,trade_pct_gdp,41.746,percent,T2,WB-WDI-2024
Turkey,1995,trade_pct_gdp,35.992,percent,T2,WB-WDI-2024
Turkey,1996,trade_pct_gdp,39.648,percent,T2,WB-WDI-2024
Turkey,1997,trade_pct_gdp,42.761,percent,T2,WB-WDI-2024
Turkey,1998,trade_pct_gdp,40.377,percent,T2,WB-WDI-2024
Turkey,1999,trade_pct_gdp,37.667,percent,T2,WB-WDI-2024
Turkey,2000,trade_pct_gdp,42.375,percent,T2,WB-WDI-2024
Turkey,2001,trade_pct_gdp,49.945,percent,T2,WB-WDI-2024
Turkey,2002,trade_pct_gdp,48.103,percent,T2,WB-WDI-2024
Turkey,2003,trade_pct_gdp,46.368,percent,T2,WB-WDI-2024
Turkey,2004,trade_pct_gdp,48.993,percent,T2,WB-WDI-2024
Turkey,2005,trade_pct_gdp,46.309,percent,T2,WB-WDI-2024
Turkey,2006,trade_pct_gdp,48.946,percent,T2,WB-WDI-2024
Turkey,2007,trade_pct_gdp,48.027,percent,T2,WB-WDI-2024
Turkey,2008,trade_pct_gdp,50.761,percent,T2,WB-WDI-2024
Turkey,2009,trade_pct_gdp,47.039,percent,T2,WB-WDI-2024
Turkey,2010,trade_pct_gdp,46.943,percent,T2,WB-WDI-2024
Turkey,2011,trade_pct_gdp,53.652,percent,T2,WB-WDI-2024
Turkey,2012,trade_pct_gdp,53.328,percent,T2,WB-WDI-2024
Turkey,2013,trade_pct_gdp,53.068,percent,T2,WB-WDI-2024
Turkey,2014,trade_pct_gdp,54.307,percent,T2,WB-WDI-2024
Turkey,2015,trade_pct_gdp,51.875,percent,T2,WB-WDI-2024
Turkey,2016,trade_pct_gdp,48.870,percent,T2,WB-WDI-2024
Turkey,2017,trade_pct_gdp,56.136,percent,T2,WB-WDI-2024
Turkey,2018,trade_pct_gdp,62.825,percent,T2,WB-WDI-2024
Turkey,2019,trade_pct_gdp,62.578,percent,T2,WB-WDI-2024
Turkey,2020,trade_pct_gdp,60.390,percent,T2,WB-WDI-2024
Turkey,2021,trade_pct_gdp,69.609,percent,T2,WB-WDI-2024
Turkey,2022,trade_pct_gdp,79.898,percent,T2,WB-WDI-2024
Turkey,2023,trade_pct_gdp,65.683,percent,T2,WB-WDI-2024
Turkey,2024,trade_pct_gdp,54.599,percent,T2,WB-WDI-2024
Turkey,1991,unemployment_rate,8.210,percent,T2,WB-WDI-2024
Turkey,1992,unemployment_rate,8.509,percent,T2,WB-WDI-2024
Turkey,1993,unemployment_rate,8.962,percent,T2,WB-WDI-2024
Turkey,1994,unemployment_rate,8.577,percent,T2,WB-WDI-2024
Turkey,1995,unemployment_rate,7.644,percent,T2,WB-WDI-2024
Turkey,1996,unemployment_rate,6.629,percent,T2,WB-WDI-2024
Turkey,1997,unemployment_rate,6.841,percent,T2,WB-WDI-2024
Turkey,1998,unemployment_rate,6.888,percent,T2,WB-WDI-2024
Turkey,1999,unemployment_rate,7.687,percent,T2,WB-WDI-2024
Turkey,2000,unemployment_rate,6.495,percent,T2,WB-WDI-2024
Turkey,2001,unemployment_rate,8.381,percent,T2,WB-WDI-2024
Turkey,2002,unemployment_rate,10.358,percent,T2,WB-WDI-2024
Turkey,2003,unemployment_rate,10.542,percent,T2,WB-WDI-2024
Turkey,2004,unemployment_rate,10.838,percent,T2,WB-WDI-2024
Turkey,2005,unemployment_rate,10.636,percent,T2,WB-WDI-2024
Turkey,2006,unemployment_rate,10.227,percent,T2,WB-WDI-2024
Turkey,2007,unemployment_rate,10.285,percent,T2,WB-WDI-2024
Turkey,2008,unemployment_rate,10.965,percent,T2,WB-WDI-2024
Turkey,2009,unemployment_rate,14.026,percent,T2,WB-WDI-2024
Turkey,2010,unemployment_rate,11.879,percent,T2,WB-WDI-2024
Turkey,2011,unemployment_rate,9.789,percent,T2,WB-WDI-2024
Turkey,2012,unemployment_rate,9.210,percent,T2,WB-WDI-2024
Turkey,2013,unemployment_rate,9.713,percent,T2,WB-WDI-2024
Turkey,2014,unemployment_rate,9.901,percent,T2,WB-WDI-2024
Turkey,2015,unemployment_rate,10.304,percent,T2,WB-WDI-2024
Turkey,2016,unemployment_rate,10.899,percent,T2,WB-WDI-2024
Turkey,2017,unemployment_rate,10.919,percent,T2,WB-WDI-2024
Turkey,2018,unemployment_rate,10.956,percent,T2,WB-WDI-2024
Turkey,2019,unemployment_rate,13.730,percent,T2,WB-WDI-2024
Turkey,2020,unemployment_rate,13.148,percent,T2,WB-WDI-2024
Turkey,2021,unemployment_rate,11.969,percent,T2,WB-WDI-2024
Turkey,2022,unemployment_rate,10.465,percent,T2,WB-WDI-2024
Turkey,2023,unemployment_rate,9.388,percent,T2,WB-WDI-2024
Turkey,2024,unemployment_rate,8.800,percent,T2,WB-WDI-2024
United Arab Emirates,1979,gas_exports,4,billion_cubic_meters_per_year,T2,EI-2024
United Arab Emirates,1980,gas_exports,3,billion_cubic_meters_per_year,T2,EI-2024
United Arab Emirates,1981,gas_exports,4,billion_cubic_meters_per_year,T2,EI-2024
United Arab Emirates,1982,gas_exports,4,billion_cubic_meters_per_year,T2,EI-2024
United Arab Emirates,1983,gas_exports,4,billion_cubic_meters_per_year,T2,EI-2024
United Arab Emirates,1984,gas_exports,5,billion_cubic_meters_per_year,T2,EI-2024
United Arab Emirates,1985,gas_exports,6,billion_cubic_meters_per_year,T2,EI-2024
United Arab Emirates,1986,gas_exports,6,billion_cubic_meters_per_year,T2,EI-2024
United Arab Emirates,1987,gas_exports,7,billion_cubic_meters_per_year,T2,EI-2024
United Arab Emirates,1988,gas_exports,7,billion_cubic_meters_per_year,T2,EI-2024
United Arab Emirates,1989,gas_exports,7,billion_cubic_meters_per_year,T2,EI-2024
United Arab Emirates,1990,gas_exports,7,billion_cubic_meters_per_year,T2,EI-2024
United Arab Emirates,1991,gas_exports,7,billion_cubic_meters_per_year,T2,EI-2024
United Arab Emirates,1992,gas_exports,7,billion_cubic_meters_per_year,T2,EI-2024
United Arab Emirates,1993,gas_exports,7,billion_cubic_meters_per_year,T2,EI-2024
United Arab Emirates,1994,gas_exports,7,billion_cubic_meters_per_year,T2,EI-2024
United Arab Emirates,1995,gas_exports,7,billion_cubic_meters_per_year,T2,EI-2024
United Arab Emirates,1996,gas_exports,7,billion_cubic_meters_per_year,T2,EI-2024
United Arab Emirates,1997,gas_exports,7,billion_cubic_meters_per_year,T2,EI-2024
United Arab Emirates,1998,gas_exports,7,billion_cubic_meters_per_year,T2,EI-2024
United Arab Emirates,1999,gas_exports,8,billion_cubic_meters_per_year,T2,EI-2024
United Arab Emirates,2000,gas_exports,8,billion_cubic_meters_per_year,T2,EI-2024
United Arab Emirates,2001,gas_exports,8,billion_cubic_meters_per_year,T2,EI-2024
United Arab Emirates,2002,gas_exports,8,billion_cubic_meters_per_year,T2,EI-2024
United Arab Emirates,2003,gas_exports,8,billion_cubic_meters_per_year,T2,EI-2024
United Arab Emirates,2004,gas_exports,8,billion_cubic_meters_per_year,T2,EI-2024
United Arab Emirates,2005,gas_exports,8,billion_cubic_meters_per_year,T2,EI-2024
United Arab Emirates,2006,gas_exports,8,billion_cubic_meters_per_year,T2,EI-2024
United Arab Emirates,2007,gas_exports,8,billion_cubic_meters_per_year,T2,EI-2024
United Arab Emirates,2008,gas_exports,8,billion_cubic_meters_per_year,T2,EI-2024
United Arab Emirates,2009,gas_exports,8,billion_cubic_meters_per_year,T2,EI-2024
United Arab Emirates,2010,gas_exports,8,billion_cubic_meters_per_year,T2,EI-2024
United Arab Emirates,2011,gas_exports,8,billion_cubic_meters_per_year,T2,EI-2024
United Arab Emirates,2012,gas_exports,8,billion_cubic_meters_per_year,T2,EI-2024
United Arab Emirates,2013,gas_exports,7,billion_cubic_meters_per_year,T2,EI-2024
United Arab Emirates,2014,gas_exports,7,billion_cubic_meters_per_year,T2,EI-2024
United Arab Emirates,2015,gas_exports,7,billion_cubic_meters_per_year,T2,EI-2024
United Arab Emirates,2016,gas_exports,7,billion_cubic_meters_per_year,T2,EI-2024
United Arab Emirates,2017,gas_exports,7,billion_cubic_meters_per_year,T2,EI-2024
United Arab Emirates,2018,gas_exports,6,billion_cubic_meters_per_year,T2,EI-2024
United Arab Emirates,2019,gas_exports,6,billion_cubic_meters_per_year,T2,EI-2024
United Arab Emirates,2020,gas_exports,6,billion_cubic_meters_per_year,T2,EI-2024
United Arab Emirates,2021,gas_exports,5,billion_cubic_meters_per_year,T2,EI-2024
United Arab Emirates,2022,gas_exports,5,billion_cubic_meters_per_year,T2,EI-2024
United Arab Emirates,2023,gas_exports,5,billion_cubic_meters_per_year,T2,EI-2024
United Arab Emirates,2024,gas_exports,5,billion_cubic_meters_per_year,T2,EI-2024
United Arab Emirates,2025,gas_exports,5,billion_cubic_meters_per_year,T2,EI-2024
United Arab Emirates,1979,gas_production,13,billion_cubic_meters_per_year,T1,EI-2024
United Arab Emirates,1980,gas_production,13,billion_cubic_meters_per_year,T1,EI-2024
United Arab Emirates,1981,gas_production,14,billion_cubic_meters_per_year,T1,EI-2024
United Arab Emirates,1982,gas_production,14,billion_cubic_meters_per_year,T1,EI-2024
United Arab Emirates,1983,gas_production,15,billion_cubic_meters_per_year,T1,EI-2024
United Arab Emirates,1984,gas_production,17,billion_cubic_meters_per_year,T1,EI-2024
United Arab Emirates,1985,gas_production,18,billion_cubic_meters_per_year,T1,EI-2024
United Arab Emirates,1986,gas_production,19,billion_cubic_meters_per_year,T1,EI-2024
United Arab Emirates,1987,gas_production,20,billion_cubic_meters_per_year,T1,EI-2024
United Arab Emirates,1988,gas_production,21,billion_cubic_meters_per_year,T1,EI-2024
United Arab Emirates,1989,gas_production,22,billion_cubic_meters_per_year,T1,EI-2024
United Arab Emirates,1990,gas_production,23,billion_cubic_meters_per_year,T1,EI-2024
United Arab Emirates,1991,gas_production,25,billion_cubic_meters_per_year,T1,EI-2024
United Arab Emirates,1992,gas_production,27,billion_cubic_meters_per_year,T1,EI-2024
United Arab Emirates,1993,gas_production,29,billion_cubic_meters_per_year,T1,EI-2024
United Arab Emirates,1994,gas_production,31,billion_cubic_meters_per_year,T1,EI-2024
United Arab Emirates,1995,gas_production,33,billion_cubic_meters_per_year,T1,EI-2024
United Arab Emirates,1996,gas_production,35,billion_cubic_meters_per_year,T1,EI-2024
United Arab Emirates,1997,gas_production,37,billion_cubic_meters_per_year,T1,EI-2024
United Arab Emirates,1998,gas_production,38,billion_cubic_meters_per_year,T1,EI-2024
United Arab Emirates,1999,gas_production,39,billion_cubic_meters_per_year,T1,EI-2024
United Arab Emirates,2000,gas_production,41,billion_cubic_meters_per_year,T1,EI-2024
United Arab Emirates,2001,gas_production,43,billion_cubic_meters_per_year,T1,EI-2024
United Arab Emirates,2002,gas_production,46,billion_cubic_meters_per_year,T1,EI-2024
United Arab Emirates,2003,gas_production,47,billion_cubic_meters_per_year,T1,EI-2024
United Arab Emirates,2004,gas_production,47,billion_cubic_meters_per_year,T1,EI-2024
United Arab Emirates,2005,gas_production,50,billion_cubic_meters_per_year,T1,EI-2024
United Arab Emirates,2006,gas_production,51,billion_cubic_meters_per_year,T1,EI-2024
United Arab Emirates,2007,gas_production,52,billion_cubic_meters_per_year,T1,EI-2024
United Arab Emirates,2008,gas_production,53,billion_cubic_meters_per_year,T1,EI-2024
United Arab Emirates,2009,gas_production,54,billion_cubic_meters_per_year,T1,EI-2024
United Arab Emirates,2010,gas_production,55,billion_cubic_meters_per_year,T1,EI-2024
United Arab Emirates,2011,gas_production,57,billion_cubic_meters_per_year,T1,EI-2024
United Arab Emirates,2012,gas_production,58,billion_cubic_meters_per_year,T1,EI-2024
United Arab Emirates,2013,gas_production,59,billion_cubic_meters_per_year,T1,EI-2024
United Arab Emirates,2014,gas_production,60,billion_cubic_meters_per_year,T1,EI-2024
United Arab Emirates,2015,gas_production,61,billion_cubic_meters_per_year,T1,EI-2024
United Arab Emirates,2016,gas_production,62,billion_cubic_meters_per_year,T1,EI-2024
United Arab Emirates,2017,gas_production,63,billion_cubic_meters_per_year,T1,EI-2024
United Arab Emirates,2018,gas_production,64,billion_cubic_meters_per_year,T1,EI-2024
United Arab Emirates,2019,gas_production,64,billion_cubic_meters_per_year,T1,EI-2024
United Arab Emirates,2020,gas_production,56,billion_cubic_meters_per_year,T1,EI-2024
United Arab Emirates,2021,gas_production,57,billion_cubic_meters_per_year,T1,EI-2024
United Arab Emirates,2022,gas_production,57,billion_cubic_meters_per_year,T1,EI-2024
United Arab Emirates,2023,gas_production,58,billion_cubic_meters_per_year,T1,EI-2024
United Arab Emirates,2024,gas_production,60,billion_cubic_meters_per_year,T1,EI-2024
United Arab Emirates,2025,gas_production,60,billion_cubic_meters_per_year,T1,EI-2024
United Arab Emirates,1979,gdp_nominal_usd,31225659621.00,USD_current,T2,WB-WDI-2024
United Arab Emirates,1980,gdp_nominal_usd,43599160050.33,USD_current,T2,WB-WDI-2024
United Arab Emirates,1981,gdp_nominal_usd,49333424135.11,USD_current,T2,WB-WDI-2024
United Arab Emirates,1982,gdp_nominal_usd,46622718605.28,USD_current,T2,WB-WDI-2024
United Arab Emirates,1983,gdp_nominal_usd,42803323345.14,USD_current,T2,WB-WDI-2024
United Arab Emirates,1984,gdp_nominal_usd,41807954235.90,USD_current,T2,WB-WDI-2024
United Arab Emirates,1985,gdp_nominal_usd,40603650231.54,USD_current,T2,WB-WDI-2024
United Arab Emirates,1986,gdp_nominal_usd,33943612094.80,USD_current,T2,WB-WDI-2024
United Arab Emirates,1987,gdp_nominal_usd,36384908744.21,USD_current,T2,WB-WDI-2024
United Arab Emirates,1988,gdp_nominal_usd,36275674203.21,USD_current,T2,WB-WDI-2024
United Arab Emirates,1989,gdp_nominal_usd,41464995913.92,USD_current,T2,WB-WDI-2024
United Arab Emirates,1990,gdp_nominal_usd,50701443748.30,USD_current,T2,WB-WDI-2024
United Arab Emirates,1991,gdp_nominal_usd,51552165622.45,USD_current,T2,WB-WDI-2024
United Arab Emirates,1992,gdp_nominal_usd,54239171887.77,USD_current,T2,WB-WDI-2024
United Arab Emirates,1993,gdp_nominal_usd,55625170253.34,USD_current,T2,WB-WDI-2024
United Arab Emirates,1994,gdp_nominal_usd,59305093979.84,USD_current,T2,WB-WDI-2024
United Arab Emirates,1995,gdp_nominal_usd,65743666575.86,USD_current,T2,WB-WDI-2024
United Arab Emirates,1996,gdp_nominal_usd,73571233996.19,USD_current,T2,WB-WDI-2024
United Arab Emirates,1997,gdp_nominal_usd,78839008444.57,USD_current,T2,WB-WDI-2024
United Arab Emirates,1998,gdp_nominal_usd,75674336283.19,USD_current,T2,WB-WDI-2024
United Arab Emirates,1999,gdp_nominal_usd,84445473110.96,USD_current,T2,WB-WDI-2024
United Arab Emirates,2000,gdp_nominal_usd,104337372362.15,USD_current,T2,WB-WDI-2024
United Arab Emirates,2001,gdp_nominal_usd,103311640571.82,USD_current,T2,WB-WDI-2024
United Arab Emirates,2002,gdp_nominal_usd,109816201497.62,USD_current,T2,WB-WDI-2024
United Arab Emirates,2003,gdp_nominal_usd,124346358066.71,USD_current,T2,WB-WDI-2024
United Arab Emirates,2004,gdp_nominal_usd,147824370319.95,USD_current,T2,WB-WDI-2024
United Arab Emirates,2005,gdp_nominal_usd,180617467964.60,USD_current,T2,WB-WDI-2024
United Arab Emirates,2006,gdp_nominal_usd,222116541865.21,USD_current,T2,WB-WDI-2024
United Arab Emirates,2007,gdp_nominal_usd,257916133424.10,USD_current,T2,WB-WDI-2024
United Arab Emirates,2008,gdp_nominal_usd,315474615738.60,USD_current,T2,WB-WDI-2024
United Arab Emirates,2009,gdp_nominal_usd,253547358747.45,USD_current,T2,WB-WDI-2024
United Arab Emirates,2010,gdp_nominal_usd,307736419332.88,USD_current,T2,WB-WDI-2024
United Arab Emirates,2011,gdp_nominal_usd,368881143635.13,USD_current,T2,WB-WDI-2024
United Arab Emirates,2012,gdp_nominal_usd,392793464942.14,USD_current,T2,WB-WDI-2024
United Arab Emirates,2013,gdp_nominal_usd,409632675289.31,USD_current,T2,WB-WDI-2024
United Arab Emirates,2014,gdp_nominal_usd,424935874744.72,USD_current,T2,WB-WDI-2024
United Arab Emirates,2015,gdp_nominal_usd,381973042886.32,USD_current,T2,WB-WDI-2024
United Arab Emirates,2016,gdp_nominal_usd,381717086453.37,USD_current,T2,WB-WDI-2024
United Arab Emirates,2017,gdp_nominal_usd,403365010211.03,USD_current,T2,WB-WDI-2024
United Arab Emirates,2018,gdp_nominal_usd,440560108917.63,USD_current,T2,WB-WDI-2024
United Arab Emirates,2019,gdp_nominal_usd,433926208304.97,USD_current,T2,WB-WDI-2024
United Arab Emirates,2020,gdp_nominal_usd,357161878829.14,USD_current,T2,WB-WDI-2024
United Arab Emirates,2021,gdp_nominal_usd,422441388699.80,USD_current,T2,WB-WDI-2024
United Arab Emirates,2022,gdp_nominal_usd,511403403675.97,USD_current,T2,WB-WDI-2024
United Arab Emirates,2023,gdp_nominal_usd,522622191967.33,USD_current,T2,WB-WDI-2024
United Arab Emirates,2024,gdp_nominal_usd,552324846834.58,USD_current,T2,WB-WDI-2024
United Arab Emirates,1990,gdp_per_capita_ppp,88455.08,USD_PPP_current_intl,T2,WB-WDI-2024
United Arab Emirates,1991,gdp_per_capita_ppp,87250.18,USD_PPP_current_intl,T2,WB-WDI-2024
United Arab Emirates,1992,gdp_per_capita_ppp,87509.04,USD_PPP_current_intl,T2,WB-WDI-2024
United Arab Emirates,1993,gdp_per_capita_ppp,86330.20,USD_PPP_current_intl,T2,WB-WDI-2024
United Arab Emirates,1994,gdp_per_capita_ppp,89958.96,USD_PPP_current_intl,T2,WB-WDI-2024
United Arab Emirates,1995,gdp_per_capita_ppp,93702.37,USD_PPP_current_intl,T2,WB-WDI-2024
United Arab Emirates,1996,gdp_per_capita_ppp,94619.60,USD_PPP_current_intl,T2,WB-WDI-2024
United Arab Emirates,1997,gdp_per_capita_ppp,96008.87,USD_PPP_current_intl,T2,WB-WDI-2024
United Arab Emirates,1998,gdp_per_capita_ppp,90229.31,USD_PPP_current_intl,T2,WB-WDI-2024
United Arab Emirates,1999,gdp_per_capita_ppp,87657.95,USD_PPP_current_intl,T2,WB-WDI-2024
United Arab Emirates,2000,gdp_per_capita_ppp,92899.37,USD_PPP_current_intl,T2,WB-WDI-2024
United Arab Emirates,2001,gdp_per_capita_ppp,90370.25,USD_PPP_current_intl,T2,WB-WDI-2024
United Arab Emirates,2002,gdp_per_capita_ppp,88466.58,USD_PPP_current_intl,T2,WB-WDI-2024
United Arab Emirates,2003,gdp_per_capita_ppp,92635.92,USD_PPP_current_intl,T2,WB-WDI-2024
United Arab Emirates,2004,gdp_per_capita_ppp,98661.44,USD_PPP_current_intl,T2,WB-WDI-2024
United Arab Emirates,2005,gdp_per_capita_ppp,101301.41,USD_PPP_current_intl,T2,WB-WDI-2024
United Arab Emirates,2006,gdp_per_capita_ppp,106814.05,USD_PPP_current_intl,T2,WB-WDI-2024
United Arab Emirates,2007,gdp_per_capita_ppp,100813.19,USD_PPP_current_intl,T2,WB-WDI-2024
United Arab Emirates,2008,gdp_per_capita_ppp,94628.27,USD_PPP_current_intl,T2,WB-WDI-2024
United Arab Emirates,2009,gdp_per_capita_ppp,84780.32,USD_PPP_current_intl,T2,WB-WDI-2024
United Arab Emirates,2010,gdp_per_capita_ppp,85120.20,USD_PPP_current_intl,T2,WB-WDI-2024
United Arab Emirates,2011,gdp_per_capita_ppp,89665.40,USD_PPP_current_intl,T2,WB-WDI-2024
United Arab Emirates,2012,gdp_per_capita_ppp,89198.01,USD_PPP_current_intl,T2,WB-WDI-2024
United Arab Emirates,2013,gdp_per_capita_ppp,87526.33,USD_PPP_current_intl,T2,WB-WDI-2024
United Arab Emirates,2014,gdp_per_capita_ppp,87477.73,USD_PPP_current_intl,T2,WB-WDI-2024
United Arab Emirates,2015,gdp_per_capita_ppp,73986.06,USD_PPP_current_intl,T2,WB-WDI-2024
United Arab Emirates,2016,gdp_per_capita_ppp,69986.98,USD_PPP_current_intl,T2,WB-WDI-2024
United Arab Emirates,2017,gdp_per_capita_ppp,70281.89,USD_PPP_current_intl,T2,WB-WDI-2024
United Arab Emirates,2018,gdp_per_capita_ppp,77446.23,USD_PPP_current_intl,T2,WB-WDI-2024
United Arab Emirates,2019,gdp_per_capita_ppp,79816.30,USD_PPP_current_intl,T2,WB-WDI-2024
United Arab Emirates,2020,gdp_per_capita_ppp,66790.68,USD_PPP_current_intl,T2,WB-WDI-2024
United Arab Emirates,2021,gdp_per_capita_ppp,68580.15,USD_PPP_current_intl,T2,WB-WDI-2024
United Arab Emirates,2022,gdp_per_capita_ppp,75071.66,USD_PPP_current_intl,T2,WB-WDI-2024
United Arab Emirates,2023,gdp_per_capita_ppp,77955.30,USD_PPP_current_intl,T2,WB-WDI-2024
United Arab Emirates,2024,gdp_per_capita_ppp,79228.74,USD_PPP_current_intl,T2,WB-WDI-2024
United Arab Emirates,1979,gdp_per_capita_usd,34238.29,USD_current,T2,WB-WDI-2024
United Arab Emirates,1980,gdp_per_capita_usd,42925.23,USD_current,T2,WB-WDI-2024
United Arab Emirates,1981,gdp_per_capita_usd,44854.48,USD_current,T2,WB-WDI-2024
United Arab Emirates,1982,gdp_per_capita_usd,39972.49,USD_current,T2,WB-WDI-2024
United Arab Emirates,1983,gdp_per_capita_usd,34650.00,USD_current,T2,WB-WDI-2024
United Arab Emirates,1984,gdp_per_capita_usd,32012.31,USD_current,T2,WB-WDI-2024
United Arab Emirates,1985,gdp_per_capita_usd,29467.54,USD_current,T2,WB-WDI-2024
United Arab Emirates,1986,gdp_per_capita_usd,23132.07,USD_current,T2,WB-WDI-2024
United Arab Emirates,1987,gdp_per_capita_usd,23112.62,USD_current,T2,WB-WDI-2024
United Arab Emirates,1988,gdp_per_capita_usd,21569.71,USD_current,T2,WB-WDI-2024
United Arab Emirates,1989,gdp_per_capita_usd,23166.73,USD_current,T2,WB-WDI-2024
United Arab Emirates,1990,gdp_per_capita_usd,26709.99,USD_current,T2,WB-WDI-2024
United Arab Emirates,1991,gdp_per_capita_usd,25690.97,USD_current,T2,WB-WDI-2024
United Arab Emirates,1992,gdp_per_capita_usd,25648.27,USD_current,T2,WB-WDI-2024
United Arab Emirates,1993,gdp_per_capita_usd,25032.78,USD_current,T2,WB-WDI-2024
United Arab Emirates,1994,gdp_per_capita_usd,25472.64,USD_current,T2,WB-WDI-2024
United Arab Emirates,1995,gdp_per_capita_usd,27003.20,USD_current,T2,WB-WDI-2024
United Arab Emirates,1996,gdp_per_capita_usd,28323.17,USD_current,T2,WB-WDI-2024
United Arab Emirates,1997,gdp_per_capita_usd,27982.80,USD_current,T2,WB-WDI-2024
United Arab Emirates,1998,gdp_per_capita_usd,24889.43,USD_current,T2,WB-WDI-2024
United Arab Emirates,1999,gdp_per_capita_usd,25855.86,USD_current,T2,WB-WDI-2024
United Arab Emirates,2000,gdp_per_capita_usd,29865.50,USD_current,T2,WB-WDI-2024
United Arab Emirates,2001,gdp_per_capita_usd,27745.17,USD_current,T2,WB-WDI-2024
United Arab Emirates,2002,gdp_per_capita_usd,27753.61,USD_current,T2,WB-WDI-2024
United Arab Emirates,2003,gdp_per_capita_usd,29659.54,USD_current,T2,WB-WDI-2024
United Arab Emirates,2004,gdp_per_capita_usd,33376.72,USD_current,T2,WB-WDI-2024
United Arab Emirates,2005,gdp_per_capita_usd,38719.31,USD_current,T2,WB-WDI-2024
United Arab Emirates,2006,gdp_per_capita_usd,44342.60,USD_current,T2,WB-WDI-2024
United Arab Emirates,2007,gdp_per_capita_usd,45854.73,USD_current,T2,WB-WDI-2024
United Arab Emirates,2008,gdp_per_capita_usd,50054.17,USD_current,T2,WB-WDI-2024
United Arab Emirates,2009,gdp_per_capita_usd,37803.07,USD_current,T2,WB-WDI-2024
United Arab Emirates,2010,gdp_per_capita_usd,44795.29,USD_current,T2,WB-WDI-2024
United Arab Emirates,2011,gdp_per_capita_usd,51921.90,USD_current,T2,WB-WDI-2024
United Arab Emirates,2012,gdp_per_capita_usd,53141.61,USD_current,T2,WB-WDI-2024
United Arab Emirates,2013,gdp_per_capita_usd,53247.24,USD_current,T2,WB-WDI-2024
United Arab Emirates,2014,gdp_per_capita_usd,52725.24,USD_current,T2,WB-WDI-2024
United Arab Emirates,2015,gdp_per_capita_usd,44910.33,USD_current,T2,WB-WDI-2024
United Arab Emirates,2016,gdp_per_capita_usd,42721.10,USD_current,T2,WB-WDI-2024
United Arab Emirates,2017,gdp_per_capita_usd,43733.62,USD_current,T2,WB-WDI-2024
United Arab Emirates,2018,gdp_per_capita_usd,47135.36,USD_current,T2,WB-WDI-2024
United Arab Emirates,2019,gdp_per_capita_usd,45938.61,USD_current,T2,WB-WDI-2024
United Arab Emirates,2020,gdp_per_capita_usd,37991.75,USD_current,T2,WB-WDI-2024
United Arab Emirates,2021,gdp_per_capita_usd,44118.50,USD_current,T2,WB-WDI-2024
United Arab Emirates,2022,gdp_per_capita_usd,50759.76,USD_current,T2,WB-WDI-2024
United Arab Emirates,2023,gdp_per_capita_usd,49850.69,USD_current,T2,WB-WDI-2024
United Arab Emirates,2024,gdp_per_capita_usd,50273.51,USD_current,T2,WB-WDI-2024
United Arab Emirates,1997,military_spending_pct_gdp,6.759,percent,T2,SIPRI-MILEX-2024
United Arab Emirates,1998,military_spending_pct_gdp,8.630,percent,T2,SIPRI-MILEX-2024
United Arab Emirates,1999,military_spending_pct_gdp,7.670,percent,T2,SIPRI-MILEX-2024
United Arab Emirates,2000,military_spending_pct_gdp,8.324,percent,T2,SIPRI-MILEX-2024
United Arab Emirates,2001,military_spending_pct_gdp,5.612,percent,T2,SIPRI-MILEX-2024
United Arab Emirates,2002,military_spending_pct_gdp,4.876,percent,T2,SIPRI-MILEX-2024
United Arab Emirates,2003,military_spending_pct_gdp,4.692,percent,T2,SIPRI-MILEX-2024
United Arab Emirates,2004,military_spending_pct_gdp,4.611,percent,T2,SIPRI-MILEX-2024
United Arab Emirates,2005,military_spending_pct_gdp,3.656,percent,T2,SIPRI-MILEX-2024
United Arab Emirates,2006,military_spending_pct_gdp,3.226,percent,T2,SIPRI-MILEX-2024
United Arab Emirates,2007,military_spending_pct_gdp,3.281,percent,T2,SIPRI-MILEX-2024
United Arab Emirates,2008,military_spending_pct_gdp,3.668,percent,T2,SIPRI-MILEX-2024
United Arab Emirates,2009,military_spending_pct_gdp,5.457,percent,T2,SIPRI-MILEX-2024
United Arab Emirates,2010,military_spending_pct_gdp,6.039,percent,T2,SIPRI-MILEX-2024
United Arab Emirates,2011,military_spending_pct_gdp,5.466,percent,T2,SIPRI-MILEX-2024
United Arab Emirates,2012,military_spending_pct_gdp,5.076,percent,T2,SIPRI-MILEX-2024
United Arab Emirates,2013,military_spending_pct_gdp,6.035,percent,T2,SIPRI-MILEX-2024
United Arab Emirates,2014,military_spending_pct_gdp,5.644,percent,T2,SIPRI-MILEX-2024
United Arab Emirates,1997,military_spending_usd,3335766741.48,USD_current,T2,SIPRI-MILEX-2024
United Arab Emirates,1998,military_spending_usd,4010347174.95,USD_current,T2,SIPRI-MILEX-2024
United Arab Emirates,1999,military_spending_usd,4233083730.43,USD_current,T2,SIPRI-MILEX-2024
United Arab Emirates,2000,military_spending_usd,5875833900.61,USD_current,T2,SIPRI-MILEX-2024
United Arab Emirates,2001,military_spending_usd,5797957794.42,USD_current,T2,SIPRI-MILEX-2024
United Arab Emirates,2002,military_spending_usd,5354118447.92,USD_current,T2,SIPRI-MILEX-2024
United Arab Emirates,2003,military_spending_usd,5834717494.89,USD_current,T2,SIPRI-MILEX-2024
United Arab Emirates,2004,military_spending_usd,6816882232.81,USD_current,T2,SIPRI-MILEX-2024
United Arab Emirates,2005,military_spending_usd,6604220558.20,USD_current,T2,SIPRI-MILEX-2024
United Arab Emirates,2006,military_spending_usd,7165418652.14,USD_current,T2,SIPRI-MILEX-2024
United Arab Emirates,2007,military_spending_usd,8460993873.38,USD_current,T2,SIPRI-MILEX-2024
United Arab Emirates,2008,military_spending_usd,11571681415.93,USD_current,T2,SIPRI-MILEX-2024
United Arab Emirates,2009,military_spending_usd,13836351259.36,USD_current,T2,SIPRI-MILEX-2024
United Arab Emirates,2010,military_spending_usd,17504697072.84,USD_current,T2,SIPRI-MILEX-2024
United Arab Emirates,2011,military_spending_usd,19181756296.80,USD_current,T2,SIPRI-MILEX-2024
United Arab Emirates,2012,military_spending_usd,19024098025.87,USD_current,T2,SIPRI-MILEX-2024
United Arab Emirates,2013,military_spending_usd,23561061946.90,USD_current,T2,SIPRI-MILEX-2024
United Arab Emirates,2014,military_spending_usd,22755071477.20,USD_current,T2,SIPRI-MILEX-2024
United Arab Emirates,1979,oil_exports,620.5,million_barrels_per_year,T1,EI-2024
United Arab Emirates,1980,oil_exports,585.6,million_barrels_per_year,T1,EI-2024
United Arab Emirates,1981,oil_exports,511.0,million_barrels_per_year,T1,EI-2024
United Arab Emirates,1982,oil_exports,401.5,million_barrels_per_year,T1,EI-2024
United Arab Emirates,1983,oil_exports,365.0,million_barrels_per_year,T1,EI-2024
United Arab Emirates,1984,oil_exports,366.0,million_barrels_per_year,T1,EI-2024
United Arab Emirates,1985,oil_exports,401.5,million_barrels_per_year,T1,EI-2024
United Arab Emirates,1986,oil_exports,438.0,million_barrels_per_year,T1,EI-2024
United Arab Emirates,1987,oil_exports,511.0,million_barrels_per_year,T1,EI-2024
United Arab Emirates,1988,oil_exports,549.0,million_barrels_per_year,T1,EI-2024
United Arab Emirates,1989,oil_exports,657.0,million_barrels_per_year,T1,EI-2024
United Arab Emirates,1990,oil_exports,730.0,million_barrels_per_year,T1,EI-2024
United Arab Emirates,1991,oil_exports,839.5,million_barrels_per_year,T1,EI-2024
United Arab Emirates,1992,oil_exports,805.2,million_barrels_per_year,T1,EI-2024
United Arab Emirates,1993,oil_exports,766.5,million_barrels_per_year,T1,EI-2024
United Arab Emirates,1994,oil_exports,766.5,million_barrels_per_year,T1,EI-2024
United Arab Emirates,1995,oil_exports,766.5,million_barrels_per_year,T1,EI-2024
United Arab Emirates,1996,oil_exports,768.6,million_barrels_per_year,T1,EI-2024
United Arab Emirates,1997,oil_exports,803.0,million_barrels_per_year,T1,EI-2024
United Arab Emirates,1998,oil_exports,803.0,million_barrels_per_year,T1,EI-2024
United Arab Emirates,1999,oil_exports,766.5,million_barrels_per_year,T1,EI-2024
United Arab Emirates,2000,oil_exports,841.8,million_barrels_per_year,T1,EI-2024
United Arab Emirates,2001,oil_exports,803.0,million_barrels_per_year,T1,EI-2024
United Arab Emirates,2002,oil_exports,730.0,million_barrels_per_year,T1,EI-2024
United Arab Emirates,2003,oil_exports,803.0,million_barrels_per_year,T1,EI-2024
United Arab Emirates,2004,oil_exports,841.8,million_barrels_per_year,T1,EI-2024
United Arab Emirates,2005,oil_exports,876.0,million_barrels_per_year,T1,EI-2024
United Arab Emirates,2006,oil_exports,912.5,million_barrels_per_year,T1,EI-2024
United Arab Emirates,2007,oil_exports,876.0,million_barrels_per_year,T1,EI-2024
United Arab Emirates,2008,oil_exports,915.0,million_barrels_per_year,T1,EI-2024
United Arab Emirates,2009,oil_exports,803.0,million_barrels_per_year,T1,EI-2024
United Arab Emirates,2010,oil_exports,839.5,million_barrels_per_year,T1,EI-2024
United Arab Emirates,2011,oil_exports,912.5,million_barrels_per_year,T1,EI-2024
United Arab Emirates,2012,oil_exports,1024.8,million_barrels_per_year,T1,EI-2024
United Arab Emirates,2013,oil_exports,1022.0,million_barrels_per_year,T1,EI-2024
United Arab Emirates,2014,oil_exports,1058.5,million_barrels_per_year,T1,EI-2024
United Arab Emirates,2015,oil_exports,1095.0,million_barrels_per_year,T1,EI-2024
United Arab Emirates,2016,oil_exports,1171.2,million_barrels_per_year,T1,EI-2024
United Arab Emirates,2017,oil_exports,1168.0,million_barrels_per_year,T1,EI-2024
United Arab Emirates,2018,oil_exports,1204.5,million_barrels_per_year,T1,EI-2024
United Arab Emirates,2019,oil_exports,1168.0,million_barrels_per_year,T1,EI-2024
United Arab Emirates,2020,oil_exports,1061.4,million_barrels_per_year,T1,EI-2024
United Arab Emirates,2021,oil_exports,1058.5,million_barrels_per_year,T1,EI-2024
United Arab Emirates,2022,oil_exports,1204.5,million_barrels_per_year,T1,EI-2024
United Arab Emirates,2023,oil_exports,1204.5,million_barrels_per_year,T1,EI-2024
United Arab Emirates,2024,oil_exports,1134.6,million_barrels_per_year,T2,OPEC-ASB-2024
United Arab Emirates,2025,oil_exports,1095.0,million_barrels_per_year,T2,EIA-STEO-2026
United Arab Emirates,2026,oil_exports,730.0,million_barrels_per_year,T4,IEA-OMR-2026
United Arab Emirates,1979,oil_production,657.0,million_barrels_per_year,T1,EI-2024
United Arab Emirates,1980,oil_production,622.2,million_barrels_per_year,T1,EI-2024
United Arab Emirates,1981,oil_production,547.5,million_barrels_per_year,T1,EI-2024
United Arab Emirates,1982,oil_production,438.0,million_barrels_per_year,T1,EI-2024
United Arab Emirates,1983,oil_production,401.5,million_barrels_per_year,T1,EI-2024
United Arab Emirates,1984,oil_production,402.6,million_barrels_per_year,T1,EI-2024
United Arab Emirates,1985,oil_production,438.0,million_barrels_per_year,T1,EI-2024
United Arab Emirates,1986,oil_production,474.5,million_barrels_per_year,T1,EI-2024
United Arab Emirates,1987,oil_production,547.5,million_barrels_per_year,T1,EI-2024
United Arab Emirates,1988,oil_production,585.6,million_barrels_per_year,T1,EI-2024
United Arab Emirates,1989,oil_production,693.5,million_barrels_per_year,T1,EI-2024
United Arab Emirates,1990,oil_production,766.5,million_barrels_per_year,T1,EI-2024
United Arab Emirates,1991,oil_production,876.0,million_barrels_per_year,T1,EI-2024
United Arab Emirates,1992,oil_production,841.8,million_barrels_per_year,T1,EI-2024
United Arab Emirates,1993,oil_production,803.0,million_barrels_per_year,T1,EI-2024
United Arab Emirates,1994,oil_production,803.0,million_barrels_per_year,T1,EI-2024
United Arab Emirates,1995,oil_production,803.0,million_barrels_per_year,T1,EI-2024
United Arab Emirates,1996,oil_production,805.2,million_barrels_per_year,T1,EI-2024
United Arab Emirates,1997,oil_production,839.5,million_barrels_per_year,T1,EI-2024
United Arab Emirates,1998,oil_production,839.5,million_barrels_per_year,T1,EI-2024
United Arab Emirates,1999,oil_production,803.0,million_barrels_per_year,T1,EI-2024
United Arab Emirates,2000,oil_production,878.4,million_barrels_per_year,T1,EI-2024
United Arab Emirates,2001,oil_production,839.5,million_barrels_per_year,T1,EI-2024
United Arab Emirates,2002,oil_production,766.5,million_barrels_per_year,T1,EI-2024
United Arab Emirates,2003,oil_production,876.0,million_barrels_per_year,T1,EI-2024
United Arab Emirates,2004,oil_production,915.0,million_barrels_per_year,T1,EI-2024
United Arab Emirates,2005,oil_production,949.0,million_barrels_per_year,T1,EI-2024
United Arab Emirates,2006,oil_production,985.5,million_barrels_per_year,T1,EI-2024
United Arab Emirates,2007,oil_production,949.0,million_barrels_per_year,T1,EI-2024
United Arab Emirates,2008,oil_production,988.2,million_barrels_per_year,T1,EI-2024
United Arab Emirates,2009,oil_production,876.0,million_barrels_per_year,T1,EI-2024
United Arab Emirates,2010,oil_production,912.5,million_barrels_per_year,T1,EI-2024
United Arab Emirates,2011,oil_production,985.5,million_barrels_per_year,T1,EI-2024
United Arab Emirates,2012,oil_production,1098.0,million_barrels_per_year,T1,EI-2024
United Arab Emirates,2013,oil_production,1131.5,million_barrels_per_year,T1,EI-2024
United Arab Emirates,2014,oil_production,1168.0,million_barrels_per_year,T1,EI-2024
United Arab Emirates,2015,oil_production,1204.5,million_barrels_per_year,T1,EI-2024
United Arab Emirates,2016,oil_production,1317.6,million_barrels_per_year,T1,EI-2024
United Arab Emirates,2017,oil_production,1314.0,million_barrels_per_year,T1,EI-2024
United Arab Emirates,2018,oil_production,1350.5,million_barrels_per_year,T1,EI-2024
United Arab Emirates,2019,oil_production,1350.5,million_barrels_per_year,T1,EI-2024
United Arab Emirates,2020,oil_production,1244.4,million_barrels_per_year,T1,EI-2024
United Arab Emirates,2021,oil_production,1241.0,million_barrels_per_year,T1,EI-2024
United Arab Emirates,2022,oil_production,1387.0,million_barrels_per_year,T1,EI-2024
United Arab Emirates,2023,oil_production,1387.0,million_barrels_per_year,T1,EI-2024
United Arab Emirates,2024,oil_production,1317.6,million_barrels_per_year,T1,EI-2024
United Arab Emirates,2025,oil_production,1314.0,million_barrels_per_year,T2,EIA-STEO-2026
United Arab Emirates,2026,oil_production,912.5,million_barrels_per_year,T4,IEA-OMR-2026
United Arab Emirates,1979,oil_rents_pct_gdp,56.030,percent,T2,WB-WDI-2024
United Arab Emirates,1980,oil_rents_pct_gdp,41.902,percent,T2,WB-WDI-2024
United Arab Emirates,1981,oil_rents_pct_gdp,33.037,percent,T2,WB-WDI-2024
United Arab Emirates,1982,oil_rents_pct_gdp,22.880,percent,T2,WB-WDI-2024
United Arab Emirates,1983,oil_rents_pct_gdp,23.693,percent,T2,WB-WDI-2024
United Arab Emirates,1984,oil_rents_pct_gdp,25.752,percent,T2,WB-WDI-2024
United Arab Emirates,1985,oil_rents_pct_gdp,23.711,percent,T2,WB-WDI-2024
United Arab Emirates,1986,oil_rents_pct_gdp,17.012,percent,T2,WB-WDI-2024
United Arab Emirates,1987,oil_rents_pct_gdp,22.898,percent,T2,WB-WDI-2024
United Arab Emirates,1988,oil_rents_pct_gdp,20.357,percent,T2,WB-WDI-2024
United Arab Emirates,1989,oil_rents_pct_gdp,28.613,percent,T2,WB-WDI-2024
United Arab Emirates,1990,oil_rents_pct_gdp,35.316,percent,T2,WB-WDI-2024
United Arab Emirates,1991,oil_rents_pct_gdp,23.512,percent,T2,WB-WDI-2024
United Arab Emirates,1992,oil_rents_pct_gdp,23.314,percent,T2,WB-WDI-2024
United Arab Emirates,1993,oil_rents_pct_gdp,20.801,percent,T2,WB-WDI-2024
United Arab Emirates,1994,oil_rents_pct_gdp,16.967,percent,T2,WB-WDI-2024
United Arab Emirates,1995,oil_rents_pct_gdp,16.347,percent,T2,WB-WDI-2024
United Arab Emirates,1996,oil_rents_pct_gdp,19.111,percent,T2,WB-WDI-2024
United Arab Emirates,1997,oil_rents_pct_gdp,16.965,percent,T2,WB-WDI-2024
United Arab Emirates,1998,oil_rents_pct_gdp,10.832,percent,T2,WB-WDI-2024
United Arab Emirates,1999,oil_rents_pct_gdp,13.374,percent,T2,WB-WDI-2024
United Arab Emirates,2000,oil_rents_pct_gdp,20.844,percent,T2,WB-WDI-2024
United Arab Emirates,2001,oil_rents_pct_gdp,15.806,percent,T2,WB-WDI-2024
United Arab Emirates,2002,oil_rents_pct_gdp,14.645,percent,T2,WB-WDI-2024
United Arab Emirates,2003,oil_rents_pct_gdp,17.806,percent,T2,WB-WDI-2024
United Arab Emirates,2004,oil_rents_pct_gdp,20.918,percent,T2,WB-WDI-2024
United Arab Emirates,2005,oil_rents_pct_gdp,23.942,percent,T2,WB-WDI-2024
United Arab Emirates,2006,oil_rents_pct_gdp,25.882,percent,T2,WB-WDI-2024
United Arab Emirates,2007,oil_rents_pct_gdp,23.718,percent,T2,WB-WDI-2024
United Arab Emirates,2008,oil_rents_pct_gdp,26.672,percent,T2,WB-WDI-2024
United Arab Emirates,2009,oil_rents_pct_gdp,18.418,percent,T2,WB-WDI-2024
United Arab Emirates,2010,oil_rents_pct_gdp,22.680,percent,T2,WB-WDI-2024
United Arab Emirates,2011,oil_rents_pct_gdp,28.599,percent,T2,WB-WDI-2024
United Arab Emirates,2012,oil_rents_pct_gdp,27.065,percent,T2,WB-WDI-2024
United Arab Emirates,2013,oil_rents_pct_gdp,26.248,percent,T2,WB-WDI-2024
United Arab Emirates,2014,oil_rents_pct_gdp,22.946,percent,T2,WB-WDI-2024
United Arab Emirates,2015,oil_rents_pct_gdp,13.103,percent,T2,WB-WDI-2024
United Arab Emirates,2016,oil_rents_pct_gdp,11.081,percent,T2,WB-WDI-2024
United Arab Emirates,2017,oil_rents_pct_gdp,13.499,percent,T2,WB-WDI-2024
United Arab Emirates,2018,oil_rents_pct_gdp,17.099,percent,T2,WB-WDI-2024
United Arab Emirates,2019,oil_rents_pct_gdp,15.682,percent,T2,WB-WDI-2024
United Arab Emirates,2020,oil_rents_pct_gdp,10.494,percent,T2,WB-WDI-2024
United Arab Emirates,2021,oil_rents_pct_gdp,15.673,percent,T2,WB-WDI-2024
United Arab Emirates,1979,population,912010,persons,T2,WB-WDI-2024
United Arab Emirates,1980,population,1015700,persons,T2,WB-WDI-2024
United Arab Emirates,1981,population,1099855,persons,T2,WB-WDI-2024
United Arab Emirates,1982,population,1166370,persons,T2,WB-WDI-2024
United Arab Emirates,1983,population,1235305,persons,T2,WB-WDI-2024
United Arab Emirates,1984,population,1305996,persons,T2,WB-WDI-2024
United Arab Emirates,1985,population,1377911,persons,T2,WB-WDI-2024
United Arab Emirates,1986,population,1467383,persons,T2,WB-WDI-2024
United Arab Emirates,1987,population,1574244,persons,T2,WB-WDI-2024
United Arab Emirates,1988,population,1681788,persons,T2,WB-WDI-2024
United Arab Emirates,1989,population,1789851,persons,T2,WB-WDI-2024
United Arab Emirates,1990,population,1898220,persons,T2,WB-WDI-2024
United Arab Emirates,1991,population,2006626,persons,T2,WB-WDI-2024
United Arab Emirates,1992,population,2114730,persons,T2,WB-WDI-2024
United Arab Emirates,1993,population,2222093,persons,T2,WB-WDI-2024
United Arab Emirates,1994,population,2328188,persons,T2,WB-WDI-2024
United Arab Emirates,1995,population,2434662,persons,T2,WB-WDI-2024
United Arab Emirates,1996,population,2597564,persons,T2,WB-WDI-2024
United Arab Emirates,1997,population,2817410,persons,T2,WB-WDI-2024
United Arab Emirates,1998,population,3040421,persons,T2,WB-WDI-2024
United Arab Emirates,1999,population,3266009,persons,T2,WB-WDI-2024
United Arab Emirates,2000,population,3493575,persons,T2,WB-WDI-2024
United Arab Emirates,2001,population,3723590,persons,T2,WB-WDI-2024
United Arab Emirates,2002,population,3956826,persons,T2,WB-WDI-2024
United Arab Emirates,2003,population,4192457,persons,T2,WB-WDI-2024
United Arab Emirates,2004,population,4428967,persons,T2,WB-WDI-2024
United Arab Emirates,2005,population,4664790,persons,T2,WB-WDI-2024
United Arab Emirates,2006,population,5009100,persons,T2,WB-WDI-2024
United Arab Emirates,2007,population,5624635,persons,T2,WB-WDI-2024
United Arab Emirates,2008,population,6302664,persons,T2,WB-WDI-2024
United Arab Emirates,2009,population,6707058,persons,T2,WB-WDI-2024
United Arab Emirates,2010,population,6869838,persons,T2,WB-WDI-2024
United Arab Emirates,2011,population,7104538,persons,T2,WB-WDI-2024
United Arab Emirates,2012,population,7391448,persons,T2,WB-WDI-2024
United Arab Emirates,2013,population,7693031,persons,T2,WB-WDI-2024
United Arab Emirates,2014,population,8059440,persons,T2,WB-WDI-2024
United Arab Emirates,2015,population,8505237,persons,T2,WB-WDI-2024
United Arab Emirates,2016,population,8935095,persons,T2,WB-WDI-2024
United Arab Emirates,2017,population,9223225,persons,T2,WB-WDI-2024
United Arab Emirates,2018,population,9346701,persons,T2,WB-WDI-2024
United Arab Emirates,2019,population,9445785,persons,T2,WB-WDI-2024
United Arab Emirates,2020,population,9401038,persons,T2,WB-WDI-2024
United Arab Emirates,2021,population,9575152,persons,T2,WB-WDI-2024
United Arab Emirates,2022,population,10074977,persons,T2,WB-WDI-2024
United Arab Emirates,2023,population,10483751,persons,T2,WB-WDI-2024
United Arab Emirates,2024,population,10986400,persons,T2,WB-WDI-2024
United Arab Emirates,2001,trade_pct_gdp,89.865,percent,T2,WB-WDI-2024
United Arab Emirates,2002,trade_pct_gdp,93.072,percent,T2,WB-WDI-2024
United Arab Emirates,2003,trade_pct_gdp,102.300,percent,T2,WB-WDI-2024
United Arab Emirates,2004,trade_pct_gdp,116.623,percent,T2,WB-WDI-2024
United Arab Emirates,2005,trade_pct_gdp,119.553,percent,T2,WB-WDI-2024
United Arab Emirates,2006,trade_pct_gdp,119.471,percent,T2,WB-WDI-2024
United Arab Emirates,2007,trade_pct_gdp,136.798,percent,T2,WB-WDI-2024
United Arab Emirates,2008,trade_pct_gdp,148.514,percent,T2,WB-WDI-2024
United Arab Emirates,2009,trade_pct_gdp,153.462,percent,T2,WB-WDI-2024
United Arab Emirates,2010,trade_pct_gdp,135.486,percent,T2,WB-WDI-2024
United Arab Emirates,2011,trade_pct_gdp,144.177,percent,T2,WB-WDI-2024
United Arab Emirates,2012,trade_pct_gdp,156.638,percent,T2,WB-WDI-2024
United Arab Emirates,2013,trade_pct_gdp,157.398,percent,T2,WB-WDI-2024
United Arab Emirates,2014,trade_pct_gdp,159.516,percent,T2,WB-WDI-2024
United Arab Emirates,2015,trade_pct_gdp,164.286,percent,T2,WB-WDI-2024
United Arab Emirates,2016,trade_pct_gdp,165.395,percent,T2,WB-WDI-2024
United Arab Emirates,2017,trade_pct_gdp,165.477,percent,T2,WB-WDI-2024
United Arab Emirates,2018,trade_pct_gdp,154.747,percent,T2,WB-WDI-2024
United Arab Emirates,2019,trade_pct_gdp,163.822,percent,T2,WB-WDI-2024
United Arab Emirates,2020,trade_pct_gdp,181.292,percent,T2,WB-WDI-2024
United Arab Emirates,2021,trade_pct_gdp,182.909,percent,T2,WB-WDI-2024
United Arab Emirates,2022,trade_pct_gdp,185.742,percent,T2,WB-WDI-2024
United Arab Emirates,2023,trade_pct_gdp,199.045,percent,T2,WB-WDI-2024
United Arab Emirates,1991,unemployment_rate,1.629,percent,T2,WB-WDI-2024
United Arab Emirates,1992,unemployment_rate,1.715,percent,T2,WB-WDI-2024
United Arab Emirates,1993,unemployment_rate,1.901,percent,T2,WB-WDI-2024
United Arab Emirates,1994,unemployment_rate,1.834,percent,T2,WB-WDI-2024
United Arab Emirates,1995,unemployment_rate,1.800,percent,T2,WB-WDI-2024
United Arab Emirates,1996,unemployment_rate,1.836,percent,T2,WB-WDI-2024
United Arab Emirates,1997,unemployment_rate,1.906,percent,T2,WB-WDI-2024
United Arab Emirates,1998,unemployment_rate,2.068,percent,T2,WB-WDI-2024
United Arab Emirates,1999,unemployment_rate,2.195,percent,T2,WB-WDI-2024
United Arab Emirates,2000,unemployment_rate,2.250,percent,T2,WB-WDI-2024
United Arab Emirates,2001,unemployment_rate,2.443,percent,T2,WB-WDI-2024
United Arab Emirates,2002,unemployment_rate,2.659,percent,T2,WB-WDI-2024
United Arab Emirates,2003,unemployment_rate,2.903,percent,T2,WB-WDI-2024
United Arab Emirates,2004,unemployment_rate,2.965,percent,T2,WB-WDI-2024
United Arab Emirates,2005,unemployment_rate,3.120,percent,T2,WB-WDI-2024
United Arab Emirates,2006,unemployment_rate,2.964,percent,T2,WB-WDI-2024
United Arab Emirates,2007,unemployment_rate,2.934,percent,T2,WB-WDI-2024
United Arab Emirates,2008,unemployment_rate,2.818,percent,T2,WB-WDI-2024
United Arab Emirates,2009,unemployment_rate,2.932,percent,T2,WB-WDI-2024
United Arab Emirates,2010,unemployment_rate,2.798,percent,T2,WB-WDI-2024
United Arab Emirates,2011,unemployment_rate,2.587,percent,T2,WB-WDI-2024
United Arab Emirates,2012,unemployment_rate,2.323,percent,T2,WB-WDI-2024
United Arab Emirates,2013,unemployment_rate,2.125,percent,T2,WB-WDI-2024
United Arab Emirates,2014,unemployment_rate,1.999,percent,T2,WB-WDI-2024
United Arab Emirates,2015,unemployment_rate,1.793,percent,T2,WB-WDI-2024
United Arab Emirates,2016,unemployment_rate,1.640,percent,T2,WB-WDI-2024
United Arab Emirates,2017,unemployment_rate,2.462,percent,T2,WB-WDI-2024
United Arab Emirates,2018,unemployment_rate,2.236,percent,T2,WB-WDI-2024
United Arab Emirates,2019,unemployment_rate,2.331,percent,T2,WB-WDI-2024
United Arab Emirates,2020,unemployment_rate,4.294,percent,T2,WB-WDI-2024
United Arab Emirates,2021,unemployment_rate,3.105,percent,T2,WB-WDI-2024
United Arab Emirates,2022,unemployment_rate,2.872,percent,T2,WB-WDI-2024
United Arab Emirates,2023,unemployment_rate,2.151,percent,T2,WB-WDI-2024
United Arab Emirates,2024,unemployment_rate,2.160,percent,T2,WB-WDI-2024
United States,1979,gas_exports,2,billion_cubic_meters_per_year,T1,EI-2024
United States,1980,gas_exports,1,billion_cubic_meters_per_year,T1,EI-2024
United States,1981,gas_exports,1,billion_cubic_meters_per_year,T1,EI-2024
United States,1982,gas_exports,1,billion_cubic_meters_per_year,T1,EI-2024
United States,1983,gas_exports,1,billion_cubic_meters_per_year,T1,EI-2024
United States,1984,gas_exports,1,billion_cubic_meters_per_year,T1,EI-2024
United States,1985,gas_exports,1,billion_cubic_meters_per_year,T1,EI-2024
United States,1986,gas_exports,1,billion_cubic_meters_per_year,T1,EI-2024
United States,1987,gas_exports,1,billion_cubic_meters_per_year,T1,EI-2024
United States,1988,gas_exports,1,billion_cubic_meters_per_year,T1,EI-2024
United States,1989,gas_exports,2,billion_cubic_meters_per_year,T1,EI-2024
United States,1990,gas_exports,2,billion_cubic_meters_per_year,T1,EI-2024
United States,1991,gas_exports,3,billion_cubic_meters_per_year,T1,EI-2024
United States,1992,gas_exports,4,billion_cubic_meters_per_year,T1,EI-2024
United States,1993,gas_exports,4,billion_cubic_meters_per_year,T1,EI-2024
United States,1994,gas_exports,4,billion_cubic_meters_per_year,T1,EI-2024
United States,1995,gas_exports,4,billion_cubic_meters_per_year,T1,EI-2024
United States,1996,gas_exports,4,billion_cubic_meters_per_year,T1,EI-2024
United States,1997,gas_exports,5,billion_cubic_meters_per_year,T1,EI-2024
United States,1998,gas_exports,4,billion_cubic_meters_per_year,T1,EI-2024
United States,1999,gas_exports,4,billion_cubic_meters_per_year,T1,EI-2024
United States,2000,gas_exports,6,billion_cubic_meters_per_year,T1,EI-2024
United States,2001,gas_exports,11,billion_cubic_meters_per_year,T1,EI-2024
United States,2002,gas_exports,14,billion_cubic_meters_per_year,T1,EI-2024
United States,2003,gas_exports,19,billion_cubic_meters_per_year,T1,EI-2024
United States,2004,gas_exports,24,billion_cubic_meters_per_year,T1,EI-2024
United States,2005,gas_exports,21,billion_cubic_meters_per_year,T1,EI-2024
United States,2006,gas_exports,21,billion_cubic_meters_per_year,T1,EI-2024
United States,2007,gas_exports,23,billion_cubic_meters_per_year,T1,EI-2024
United States,2008,gas_exports,27,billion_cubic_meters_per_year,T1,EI-2024
United States,2009,gas_exports,30,billion_cubic_meters_per_year,T1,EI-2024
United States,2010,gas_exports,32,billion_cubic_meters_per_year,T1,EI-2024
United States,2011,gas_exports,41,billion_cubic_meters_per_year,T1,EI-2024
United States,2012,gas_exports,46,billion_cubic_meters_per_year,T1,EI-2024
United States,2013,gas_exports,41,billion_cubic_meters_per_year,T1,EI-2024
United States,2014,gas_exports,42,billion_cubic_meters_per_year,T1,EI-2024
United States,2015,gas_exports,50,billion_cubic_meters_per_year,T1,EI-2024
United States,2016,gas_exports,65,billion_cubic_meters_per_year,T1,EI-2024
United States,2017,gas_exports,89,billion_cubic_meters_per_year,T1,EI-2024
United States,2018,gas_exports,101,billion_cubic_meters_per_year,T1,EI-2024
United States,2019,gas_exports,132,billion_cubic_meters_per_year,T1,EI-2024
United States,2020,gas_exports,137,billion_cubic_meters_per_year,T1,EI-2024
United States,2021,gas_exports,178,billion_cubic_meters_per_year,T1,EI-2024
United States,2022,gas_exports,193,billion_cubic_meters_per_year,T1,EI-2024
United States,2023,gas_exports,213,billion_cubic_meters_per_year,T1,EI-2024
United States,2024,gas_exports,230,billion_cubic_meters_per_year,T1,EIA-IES-2025
United States,2025,gas_exports,270,billion_cubic_meters_per_year,T2,EIA-STEO-2026
United States,2026,gas_exports,320,billion_cubic_meters_per_year,T2,EIA-STEO-2026
United States,1979,gas_production,552,billion_cubic_meters_per_year,T1,EI-2024
United States,1980,gas_production,562,billion_cubic_meters_per_year,T1,EI-2024
United States,1981,gas_production,558,billion_cubic_meters_per_year,T1,EI-2024
United States,1982,gas_production,521,billion_cubic_meters_per_year,T1,EI-2024
United States,1983,gas_production,463,billion_cubic_meters_per_year,T1,EI-2024
United States,1984,gas_production,502,billion_cubic_meters_per_year,T1,EI-2024
United States,1985,gas_production,487,billion_cubic_meters_per_year,T1,EI-2024
United States,1986,gas_production,466,billion_cubic_meters_per_year,T1,EI-2024
United States,1987,gas_production,489,billion_cubic_meters_per_year,T1,EI-2024
United States,1988,gas_production,503,billion_cubic_meters_per_year,T1,EI-2024
United States,1989,gas_production,506,billion_cubic_meters_per_year,T1,EI-2024
United States,1990,gas_production,510,billion_cubic_meters_per_year,T1,EI-2024
United States,1991,gas_production,511,billion_cubic_meters_per_year,T1,EI-2024
United States,1992,gas_production,519,billion_cubic_meters_per_year,T1,EI-2024
United States,1993,gas_production,532,billion_cubic_meters_per_year,T1,EI-2024
United States,1994,gas_production,542,billion_cubic_meters_per_year,T1,EI-2024
United States,1995,gas_production,548,billion_cubic_meters_per_year,T1,EI-2024
United States,1996,gas_production,555,billion_cubic_meters_per_year,T1,EI-2024
United States,1997,gas_production,555,billion_cubic_meters_per_year,T1,EI-2024
United States,1998,gas_production,552,billion_cubic_meters_per_year,T1,EI-2024
United States,1999,gas_production,549,billion_cubic_meters_per_year,T1,EI-2024
United States,2000,gas_production,555,billion_cubic_meters_per_year,T1,EI-2024
United States,2001,gas_production,569,billion_cubic_meters_per_year,T1,EI-2024
United States,2002,gas_production,547,billion_cubic_meters_per_year,T1,EI-2024
United States,2003,gas_production,553,billion_cubic_meters_per_year,T1,EI-2024
United States,2004,gas_production,543,billion_cubic_meters_per_year,T1,EI-2024
United States,2005,gas_production,525,billion_cubic_meters_per_year,T1,EI-2024
United States,2006,gas_production,538,billion_cubic_meters_per_year,T1,EI-2024
United States,2007,gas_production,553,billion_cubic_meters_per_year,T1,EI-2024
United States,2008,gas_production,587,billion_cubic_meters_per_year,T1,EI-2024
United States,2009,gas_production,596,billion_cubic_meters_per_year,T1,EI-2024
United States,2010,gas_production,619,billion_cubic_meters_per_year,T1,EI-2024
United States,2011,gas_production,678,billion_cubic_meters_per_year,T1,EI-2024
United States,2012,gas_production,705,billion_cubic_meters_per_year,T1,EI-2024
United States,2013,gas_production,706,billion_cubic_meters_per_year,T1,EI-2024
United States,2014,gas_production,745,billion_cubic_meters_per_year,T1,EI-2024
United States,2015,gas_production,768,billion_cubic_meters_per_year,T1,EI-2024
United States,2016,gas_production,754,billion_cubic_meters_per_year,T1,EI-2024
United States,2017,gas_production,769,billion_cubic_meters_per_year,T1,EI-2024
United States,2018,gas_production,858,billion_cubic_meters_per_year,T1,EI-2024
United States,2019,gas_production,944,billion_cubic_meters_per_year,T1,EI-2024
United States,2020,gas_production,924,billion_cubic_meters_per_year,T1,EI-2024
United States,2021,gas_production,953,billion_cubic_meters_per_year,T1,EI-2024
United States,2022,gas_production,1005,billion_cubic_meters_per_year,T1,EI-2024
United States,2023,gas_production,1042,billion_cubic_meters_per_year,T1,EI-2024
United States,2024,gas_production,1058,billion_cubic_meters_per_year,T1,EIA-IES-2025
United States,2025,gas_production,1080,billion_cubic_meters_per_year,T2,EIA-STEO-2026
United States,2026,gas_production,1100,billion_cubic_meters_per_year,T2,EIA-STEO-2026
United States,1979,gdp_nominal_usd,2627333000000.00,USD_current,T2,WB-WDI-2024
United States,1980,gdp_nominal_usd,2857307000000.00,USD_current,T2,WB-WDI-2024
United States,1981,gdp_nominal_usd,3207041000000.00,USD_current,T2,WB-WDI-2024
United States,1982,gdp_nominal_usd,3343789000000.00,USD_current,T2,WB-WDI-2024
United States,1983,gdp_nominal_usd,3634038000000.00,USD_current,T2,WB-WDI-2024
United States,1984,gdp_nominal_usd,4037613000000.00,USD_current,T2,WB-WDI-2024
United States,1985,gdp_nominal_usd,4338979000000.00,USD_current,T2,WB-WDI-2024
United States,1986,gdp_nominal_usd,4579631000000.00,USD_current,T2,WB-WDI-2024
United States,1987,gdp_nominal_usd,4855215000000.00,USD_current,T2,WB-WDI-2024
United States,1988,gdp_nominal_usd,5236438000000.00,USD_current,T2,WB-WDI-2024
United States,1989,gdp_nominal_usd,5641580000000.00,USD_current,T2,WB-WDI-2024
United States,1990,gdp_nominal_usd,5963144000000.00,USD_current,T2,WB-WDI-2024
United States,1991,gdp_nominal_usd,6158129000000.00,USD_current,T2,WB-WDI-2024
United States,1992,gdp_nominal_usd,6520327000000.00,USD_current,T2,WB-WDI-2024
United States,1993,gdp_nominal_usd,6858559000000.00,USD_current,T2,WB-WDI-2024
United States,1994,gdp_nominal_usd,7287236000000.00,USD_current,T2,WB-WDI-2024
United States,1995,gdp_nominal_usd,7639749000000.00,USD_current,T2,WB-WDI-2024
United States,1996,gdp_nominal_usd,8073122000000.00,USD_current,T2,WB-WDI-2024
United States,1997,gdp_nominal_usd,8577554457000.00,USD_current,T2,WB-WDI-2024
United States,1998,gdp_nominal_usd,9062818202000.00,USD_current,T2,WB-WDI-2024
United States,1999,gdp_nominal_usd,9631174489000.00,USD_current,T2,WB-WDI-2024
United States,2000,gdp_nominal_usd,10250947997000.00,USD_current,T2,WB-WDI-2024
United States,2001,gdp_nominal_usd,10581929774000.00,USD_current,T2,WB-WDI-2024
United States,2002,gdp_nominal_usd,10929112955000.00,USD_current,T2,WB-WDI-2024
United States,2003,gdp_nominal_usd,11456442041000.00,USD_current,T2,WB-WDI-2024
United States,2004,gdp_nominal_usd,12217193198000.00,USD_current,T2,WB-WDI-2024
United States,2005,gdp_nominal_usd,13039199193000.00,USD_current,T2,WB-WDI-2024
United States,2006,gdp_nominal_usd,13815586948000.00,USD_current,T2,WB-WDI-2024
United States,2007,gdp_nominal_usd,14474226905000.00,USD_current,T2,WB-WDI-2024
United States,2008,gdp_nominal_usd,14769857911000.00,USD_current,T2,WB-WDI-2024
United States,2009,gdp_nominal_usd,14478064934000.00,USD_current,T2,WB-WDI-2024
United States,2010,gdp_nominal_usd,15048964444000.00,USD_current,T2,WB-WDI-2024
United States,2011,gdp_nominal_usd,15599728123000.00,USD_current,T2,WB-WDI-2024
United States,2012,gdp_nominal_usd,16253972230000.00,USD_current,T2,WB-WDI-2024
United States,2013,gdp_nominal_usd,16843190993000.00,USD_current,T2,WB-WDI-2024
United States,2014,gdp_nominal_usd,17550680174000.00,USD_current,T2,WB-WDI-2024
United States,2015,gdp_nominal_usd,18206020741000.00,USD_current,T2,WB-WDI-2024
United States,2016,gdp_nominal_usd,18695110842000.00,USD_current,T2,WB-WDI-2024
United States,2017,gdp_nominal_usd,19477336549000.00,USD_current,T2,WB-WDI-2024
United States,2018,gdp_nominal_usd,20533057312000.00,USD_current,T2,WB-WDI-2024
United States,2019,gdp_nominal_usd,21380976119000.00,USD_current,T2,WB-WDI-2024
United States,2020,gdp_nominal_usd,21060473613000.00,USD_current,T2,WB-WDI-2024
United States,2021,gdp_nominal_usd,23315080560000.00,USD_current,T2,WB-WDI-2024
United States,2022,gdp_nominal_usd,25604848907611.00,USD_current,T2,WB-WDI-2024
United States,2023,gdp_nominal_usd,27292170793214.40,USD_current,T2,WB-WDI-2024
United States,2024,gdp_nominal_usd,28750956130731.20,USD_current,T2,WB-WDI-2024
United States,1990,gdp_per_capita_ppp,23888.60,USD_PPP_current_intl,T2,WB-WDI-2024
United States,1991,gdp_per_capita_ppp,24342.26,USD_PPP_current_intl,T2,WB-WDI-2024
United States,1992,gdp_per_capita_ppp,25418.99,USD_PPP_current_intl,T2,WB-WDI-2024
United States,1993,gdp_per_capita_ppp,26387.29,USD_PPP_current_intl,T2,WB-WDI-2024
United States,1994,gdp_per_capita_ppp,27694.85,USD_PPP_current_intl,T2,WB-WDI-2024
United States,1995,gdp_per_capita_ppp,28690.88,USD_PPP_current_intl,T2,WB-WDI-2024
United States,1996,gdp_per_capita_ppp,29967.71,USD_PPP_current_intl,T2,WB-WDI-2024
United States,1997,gdp_per_capita_ppp,31459.13,USD_PPP_current_intl,T2,WB-WDI-2024
United States,1998,gdp_per_capita_ppp,32853.67,USD_PPP_current_intl,T2,WB-WDI-2024
United States,1999,gdp_per_capita_ppp,34515.38,USD_PPP_current_intl,T2,WB-WDI-2024
United States,2000,gdp_per_capita_ppp,36329.97,USD_PPP_current_intl,T2,WB-WDI-2024
United States,2001,gdp_per_capita_ppp,37133.62,USD_PPP_current_intl,T2,WB-WDI-2024
United States,2002,gdp_per_capita_ppp,37997.74,USD_PPP_current_intl,T2,WB-WDI-2024
United States,2003,gdp_per_capita_ppp,39490.30,USD_PPP_current_intl,T2,WB-WDI-2024
United States,2004,gdp_per_capita_ppp,41724.64,USD_PPP_current_intl,T2,WB-WDI-2024
United States,2005,gdp_per_capita_ppp,44123.40,USD_PPP_current_intl,T2,WB-WDI-2024
United States,2006,gdp_per_capita_ppp,46301.99,USD_PPP_current_intl,T2,WB-WDI-2024
United States,2007,gdp_per_capita_ppp,48050.23,USD_PPP_current_intl,T2,WB-WDI-2024
United States,2008,gdp_per_capita_ppp,48570.06,USD_PPP_current_intl,T2,WB-WDI-2024
United States,2009,gdp_per_capita_ppp,47194.95,USD_PPP_current_intl,T2,WB-WDI-2024
United States,2010,gdp_per_capita_ppp,48642.63,USD_PPP_current_intl,T2,WB-WDI-2024
United States,2011,gdp_per_capita_ppp,50024.88,USD_PPP_current_intl,T2,WB-WDI-2024
United States,2012,gdp_per_capita_ppp,51708.39,USD_PPP_current_intl,T2,WB-WDI-2024
United States,2013,gdp_per_capita_ppp,53297.39,USD_PPP_current_intl,T2,WB-WDI-2024
United States,2014,gdp_per_capita_ppp,55153.39,USD_PPP_current_intl,T2,WB-WDI-2024
United States,2015,gdp_per_capita_ppp,56849.47,USD_PPP_current_intl,T2,WB-WDI-2024
United States,2016,gdp_per_capita_ppp,57976.63,USD_PPP_current_intl,T2,WB-WDI-2024
United States,2017,gdp_per_capita_ppp,60047.72,USD_PPP_current_intl,T2,WB-WDI-2024
United States,2018,gdp_per_capita_ppp,62875.67,USD_PPP_current_intl,T2,WB-WDI-2024
United States,2019,gdp_per_capita_ppp,65227.96,USD_PPP_current_intl,T2,WB-WDI-2024
United States,2020,gdp_per_capita_ppp,64401.51,USD_PPP_current_intl,T2,WB-WDI-2024
United States,2021,gdp_per_capita_ppp,71307.40,USD_PPP_current_intl,T2,WB-WDI-2024
United States,2022,gdp_per_capita_ppp,77860.91,USD_PPP_current_intl,T2,WB-WDI-2024
United States,2023,gdp_per_capita_ppp,82304.62,USD_PPP_current_intl,T2,WB-WDI-2024
United States,2024,gdp_per_capita_ppp,85809.90,USD_PPP_current_intl,T2,WB-WDI-2024
United States,1979,gdp_per_capita_usd,11674.18,USD_current,T2,WB-WDI-2024
United States,1980,gdp_per_capita_usd,12574.79,USD_current,T2,WB-WDI-2024
United States,1981,gdp_per_capita_usd,13976.11,USD_current,T2,WB-WDI-2024
United States,1982,gdp_per_capita_usd,14433.79,USD_current,T2,WB-WDI-2024
United States,1983,gdp_per_capita_usd,15543.89,USD_current,T2,WB-WDI-2024
United States,1984,gdp_per_capita_usd,17121.23,USD_current,T2,WB-WDI-2024
United States,1985,gdp_per_capita_usd,18236.83,USD_current,T2,WB-WDI-2024
United States,1986,gdp_per_capita_usd,19071.23,USD_current,T2,WB-WDI-2024
United States,1987,gdp_per_capita_usd,20038.94,USD_current,T2,WB-WDI-2024
United States,1988,gdp_per_capita_usd,21417.01,USD_current,T2,WB-WDI-2024
United States,1989,gdp_per_capita_usd,22857.15,USD_current,T2,WB-WDI-2024
United States,1990,gdp_per_capita_usd,23888.60,USD_current,T2,WB-WDI-2024
United States,1991,gdp_per_capita_usd,24342.26,USD_current,T2,WB-WDI-2024
United States,1992,gdp_per_capita_usd,25418.99,USD_current,T2,WB-WDI-2024
United States,1993,gdp_per_capita_usd,26387.29,USD_current,T2,WB-WDI-2024
United States,1994,gdp_per_capita_usd,27694.85,USD_current,T2,WB-WDI-2024
United States,1995,gdp_per_capita_usd,28690.88,USD_current,T2,WB-WDI-2024
United States,1996,gdp_per_capita_usd,29967.71,USD_current,T2,WB-WDI-2024
United States,1997,gdp_per_capita_usd,31459.14,USD_current,T2,WB-WDI-2024
United States,1998,gdp_per_capita_usd,32853.68,USD_current,T2,WB-WDI-2024
United States,1999,gdp_per_capita_usd,34515.39,USD_current,T2,WB-WDI-2024
United States,2000,gdp_per_capita_usd,36329.96,USD_current,T2,WB-WDI-2024
United States,2001,gdp_per_capita_usd,37133.62,USD_current,T2,WB-WDI-2024
United States,2002,gdp_per_capita_usd,37997.76,USD_current,T2,WB-WDI-2024
United States,2003,gdp_per_capita_usd,39490.27,USD_current,T2,WB-WDI-2024
United States,2004,gdp_per_capita_usd,41724.63,USD_current,T2,WB-WDI-2024
United States,2005,gdp_per_capita_usd,44123.41,USD_current,T2,WB-WDI-2024
United States,2006,gdp_per_capita_usd,46302.00,USD_current,T2,WB-WDI-2024
United States,2007,gdp_per_capita_usd,48050.22,USD_current,T2,WB-WDI-2024
United States,2008,gdp_per_capita_usd,48570.05,USD_current,T2,WB-WDI-2024
United States,2009,gdp_per_capita_usd,47194.94,USD_current,T2,WB-WDI-2024
United States,2010,gdp_per_capita_usd,48642.61,USD_current,T2,WB-WDI-2024
United States,2011,gdp_per_capita_usd,50024.87,USD_current,T2,WB-WDI-2024
United States,2012,gdp_per_capita_usd,51708.40,USD_current,T2,WB-WDI-2024
United States,2013,gdp_per_capita_usd,53179.01,USD_current,T2,WB-WDI-2024
United States,2014,gdp_per_capita_usd,54973.42,USD_current,T2,WB-WDI-2024
United States,2015,gdp_per_capita_usd,56572.92,USD_current,T2,WB-WDI-2024
United States,2016,gdp_per_capita_usd,57638.10,USD_current,T2,WB-WDI-2024
United States,2017,gdp_per_capita_usd,59635.10,USD_current,T2,WB-WDI-2024
United States,2018,gdp_per_capita_usd,62499.87,USD_current,T2,WB-WDI-2024
United States,2019,gdp_per_capita_usd,64746.45,USD_current,T2,WB-WDI-2024
United States,2020,gdp_per_capita_usd,63515.95,USD_current,T2,WB-WDI-2024
United States,2021,gdp_per_capita_usd,70205.05,USD_current,T2,WB-WDI-2024
United States,2022,gdp_per_capita_usd,76657.25,USD_current,T2,WB-WDI-2024
United States,2023,gdp_per_capita_usd,81032.26,USD_current,T2,WB-WDI-2024
United States,2024,gdp_per_capita_usd,84534.04,USD_current,T2,WB-WDI-2024
United States,1979,military_spending_pct_gdp,4.952,percent,T2,SIPRI-MILEX-2024
United States,1980,military_spending_pct_gdp,5.154,percent,T2,SIPRI-MILEX-2024
United States,1981,military_spending_pct_gdp,5.647,percent,T2,SIPRI-MILEX-2024
United States,1982,military_spending_pct_gdp,6.814,percent,T2,SIPRI-MILEX-2024
United States,1983,military_spending_pct_gdp,6.321,percent,T2,SIPRI-MILEX-2024
United States,1984,military_spending_pct_gdp,6.236,percent,T2,SIPRI-MILEX-2024
United States,1985,military_spending_pct_gdp,6.453,percent,T2,SIPRI-MILEX-2024
United States,1986,military_spending_pct_gdp,6.627,percent,T2,SIPRI-MILEX-2024
United States,1987,military_spending_pct_gdp,6.420,percent,T2,SIPRI-MILEX-2024
United States,1988,military_spending_pct_gdp,6.071,percent,T2,SIPRI-MILEX-2024
United States,1989,military_spending_pct_gdp,5.871,percent,T2,SIPRI-MILEX-2024
United States,1990,military_spending_pct_gdp,5.605,percent,T2,SIPRI-MILEX-2024
United States,1991,military_spending_pct_gdp,4.883,percent,T2,SIPRI-MILEX-2024
United States,1992,military_spending_pct_gdp,4.970,percent,T2,SIPRI-MILEX-2024
United States,1993,military_spending_pct_gdp,4.604,percent,T2,SIPRI-MILEX-2024
United States,1994,military_spending_pct_gdp,4.215,percent,T2,SIPRI-MILEX-2024
United States,1995,military_spending_pct_gdp,3.860,percent,T2,SIPRI-MILEX-2024
United States,1996,military_spending_pct_gdp,3.555,percent,T2,SIPRI-MILEX-2024
United States,1997,military_spending_pct_gdp,3.406,percent,T2,SIPRI-MILEX-2024
United States,1998,military_spending_pct_gdp,3.202,percent,T2,SIPRI-MILEX-2024
United States,1999,military_spending_pct_gdp,3.086,percent,T2,SIPRI-MILEX-2024
United States,2000,military_spending_pct_gdp,3.112,percent,T2,SIPRI-MILEX-2024
United States,2001,military_spending_pct_gdp,3.124,percent,T2,SIPRI-MILEX-2024
United States,2002,military_spending_pct_gdp,3.448,percent,T2,SIPRI-MILEX-2024
United States,2003,military_spending_pct_gdp,3.827,percent,T2,SIPRI-MILEX-2024
United States,2004,military_spending_pct_gdp,4.016,percent,T2,SIPRI-MILEX-2024
United States,2005,military_spending_pct_gdp,4.089,percent,T2,SIPRI-MILEX-2024
United States,2006,military_spending_pct_gdp,4.041,percent,T2,SIPRI-MILEX-2024
United States,2007,military_spending_pct_gdp,4.073,percent,T2,SIPRI-MILEX-2024
United States,2008,military_spending_pct_gdp,4.447,percent,T2,SIPRI-MILEX-2024
United States,2009,military_spending_pct_gdp,4.876,percent,T2,SIPRI-MILEX-2024
United States,2010,military_spending_pct_gdp,4.904,percent,T2,SIPRI-MILEX-2024
United States,2011,military_spending_pct_gdp,4.822,percent,T2,SIPRI-MILEX-2024
United States,2012,military_spending_pct_gdp,4.462,percent,T2,SIPRI-MILEX-2024
United States,2013,military_spending_pct_gdp,4.024,percent,T2,SIPRI-MILEX-2024
United States,2014,military_spending_pct_gdp,3.679,percent,T2,SIPRI-MILEX-2024
United States,2015,military_spending_pct_gdp,3.464,percent,T2,SIPRI-MILEX-2024
United States,2016,military_spending_pct_gdp,3.403,percent,T2,SIPRI-MILEX-2024
United States,2017,military_spending_pct_gdp,3.298,percent,T2,SIPRI-MILEX-2024
United States,2018,military_spending_pct_gdp,3.304,percent,T2,SIPRI-MILEX-2024
United States,2019,military_spending_pct_gdp,3.409,percent,T2,SIPRI-MILEX-2024
United States,2020,military_spending_pct_gdp,3.642,percent,T2,SIPRI-MILEX-2024
United States,2021,military_spending_pct_gdp,3.398,percent,T2,SIPRI-MILEX-2024
United States,2022,military_spending_pct_gdp,3.303,percent,T2,SIPRI-MILEX-2024
United States,2023,military_spending_pct_gdp,3.294,percent,T2,SIPRI-MILEX-2024
United States,2024,military_spending_pct_gdp,3.430,percent,T2,SIPRI-MILEX-2024
United States,2025,military_spending_pct_gdp,3.117,percent,T2,SIPRI-MILEX-2024
United States,1979,military_spending_usd,126879927116.76,USD_current,T2,SIPRI-MILEX-2024
United States,1980,military_spending_usd,143688354872.68,USD_current,T2,SIPRI-MILEX-2024
United States,1981,military_spending_usd,176558875270.82,USD_current,T2,SIPRI-MILEX-2024
United States,1982,military_spending_usd,221673542584.02,USD_current,T2,SIPRI-MILEX-2024
United States,1983,military_spending_usd,223427165005.73,USD_current,T2,SIPRI-MILEX-2024
United States,1984,military_spending_usd,245149168288.54,USD_current,T2,SIPRI-MILEX-2024
United States,1985,military_spending_usd,272163229313.06,USD_current,T2,SIPRI-MILEX-2024
United States,1986,military_spending_usd,295546223803.60,USD_current,T2,SIPRI-MILEX-2024
United States,1987,military_spending_usd,304086648682.91,USD_current,T2,SIPRI-MILEX-2024
United States,1988,military_spending_usd,309661269300.95,USD_current,T2,SIPRI-MILEX-2024
United States,1989,military_spending_usd,321866558808.32,USD_current,T2,SIPRI-MILEX-2024
United States,1990,military_spending_usd,325129313986.03,USD_current,T2,SIPRI-MILEX-2024
United States,1991,military_spending_usd,299372779114.59,USD_current,T2,SIPRI-MILEX-2024
United States,1992,military_spending_usd,325033735954.80,USD_current,T2,SIPRI-MILEX-2024
United States,1993,military_spending_usd,316719443747.42,USD_current,T2,SIPRI-MILEX-2024
United States,1994,military_spending_usd,308084000000.00,USD_current,T2,SIPRI-MILEX-2024
United States,1995,military_spending_usd,295853097724.66,USD_current,T2,SIPRI-MILEX-2024
United States,1996,military_spending_usd,287960668678.94,USD_current,T2,SIPRI-MILEX-2024
United States,1997,military_spending_usd,293167825790.97,USD_current,T2,SIPRI-MILEX-2024
United States,1998,military_spending_usd,290996055088.38,USD_current,T2,SIPRI-MILEX-2024
United States,1999,military_spending_usd,298094891322.40,USD_current,T2,SIPRI-MILEX-2024
United States,2000,military_spending_usd,320086324211.20,USD_current,T2,SIPRI-MILEX-2024
United States,2001,military_spending_usd,331805610572.14,USD_current,T2,SIPRI-MILEX-2024
United States,2002,military_spending_usd,378463138753.84,USD_current,T2,SIPRI-MILEX-2024
United States,2003,military_spending_usd,440532069586.19,USD_current,T2,SIPRI-MILEX-2024
United States,2004,military_spending_usd,492999376159.40,USD_current,T2,SIPRI-MILEX-2024
United States,2005,military_spending_usd,533203000000.00,USD_current,T2,SIPRI-MILEX-2024
United States,2006,military_spending_usd,558335000000.00,USD_current,T2,SIPRI-MILEX-2024
United States,2007,military_spending_usd,589586000000.00,USD_current,T2,SIPRI-MILEX-2024
United States,2008,military_spending_usd,656756000000.00,USD_current,T2,SIPRI-MILEX-2024
United States,2009,military_spending_usd,705917000000.00,USD_current,T2,SIPRI-MILEX-2024
United States,2010,military_spending_usd,738005000000.00,USD_current,T2,SIPRI-MILEX-2024
United States,2011,military_spending_usd,752288000000.00,USD_current,T2,SIPRI-MILEX-2024
United States,2012,military_spending_usd,725205000000.00,USD_current,T2,SIPRI-MILEX-2024
United States,2013,military_spending_usd,679229000000.00,USD_current,T2,SIPRI-MILEX-2024
United States,2014,military_spending_usd,647789000000.00,USD_current,T2,SIPRI-MILEX-2024
United States,2015,military_spending_usd,633829639000.00,USD_current,T2,SIPRI-MILEX-2024
United States,2016,military_spending_usd,639856443000.00,USD_current,T2,SIPRI-MILEX-2024
United States,2017,military_spending_usd,646752927000.00,USD_current,T2,SIPRI-MILEX-2024
United States,2018,military_spending_usd,682491400000.00,USD_current,T2,SIPRI-MILEX-2024
United States,2019,military_spending_usd,734344100000.00,USD_current,T2,SIPRI-MILEX-2024
United States,2020,military_spending_usd,778397200000.00,USD_current,T2,SIPRI-MILEX-2024
United States,2021,military_spending_usd,806230200000.00,USD_current,T2,SIPRI-MILEX-2024
United States,2022,military_spending_usd,860692200000.00,USD_current,T2,SIPRI-MILEX-2024
United States,2023,military_spending_usd,916014700000.00,USD_current,T2,SIPRI-MILEX-2024
United States,2024,military_spending_usd,1004901000000.00,USD_current,T2,SIPRI-MILEX-2024
United States,2025,military_spending_usd,954387000000.00,USD_current,T2,SIPRI-MILEX-2024
United States,1979,oil_exports,73.0,million_barrels_per_year,T1,EIA-IES-2025
United States,1980,oil_exports,109.8,million_barrels_per_year,T1,EIA-IES-2025
United States,1981,oil_exports,219.0,million_barrels_per_year,T1,EIA-IES-2025
United States,1982,oil_exports,292.0,million_barrels_per_year,T1,EIA-IES-2025
United States,1983,oil_exports,255.5,million_barrels_per_year,T1,EIA-IES-2025
United States,1984,oil_exports,256.2,million_barrels_per_year,T1,EIA-IES-2025
United States,1985,oil_exports,292.0,million_barrels_per_year,T1,EIA-IES-2025
United States,1986,oil_exports,292.0,million_barrels_per_year,T1,EIA-IES-2025
United States,1987,oil_exports,292.0,million_barrels_per_year,T1,EIA-IES-2025
United States,1988,oil_exports,292.8,million_barrels_per_year,T1,EIA-IES-2025
United States,1989,oil_exports,328.5,million_barrels_per_year,T1,EIA-IES-2025
United States,1990,oil_exports,328.5,million_barrels_per_year,T1,EIA-IES-2025
United States,1991,oil_exports,365.0,million_barrels_per_year,T1,EIA-IES-2025
United States,1992,oil_exports,366.0,million_barrels_per_year,T1,EIA-IES-2025
United States,1993,oil_exports,365.0,million_barrels_per_year,T1,EIA-IES-2025
United States,1994,oil_exports,365.0,million_barrels_per_year,T1,EIA-IES-2025
United States,1995,oil_exports,328.5,million_barrels_per_year,T1,EIA-IES-2025
United States,1996,oil_exports,329.4,million_barrels_per_year,T1,EIA-IES-2025
United States,1997,oil_exports,365.0,million_barrels_per_year,T1,EIA-IES-2025
United States,1998,oil_exports,328.5,million_barrels_per_year,T1,EIA-IES-2025
United States,1999,oil_exports,328.5,million_barrels_per_year,T1,EIA-IES-2025
United States,2000,oil_exports,366.0,million_barrels_per_year,T1,EIA-IES-2025
United States,2001,oil_exports,365.0,million_barrels_per_year,T1,EIA-IES-2025
United States,2002,oil_exports,365.0,million_barrels_per_year,T1,EIA-IES-2025
United States,2003,oil_exports,365.0,million_barrels_per_year,T1,EIA-IES-2025
United States,2004,oil_exports,366.0,million_barrels_per_year,T1,EIA-IES-2025
United States,2005,oil_exports,438.0,million_barrels_per_year,T1,EIA-IES-2025
United States,2006,oil_exports,474.5,million_barrels_per_year,T1,EIA-IES-2025
United States,2007,oil_exports,511.0,million_barrels_per_year,T1,EIA-IES-2025
United States,2008,oil_exports,658.8,million_barrels_per_year,T1,EIA-IES-2025
United States,2009,oil_exports,693.5,million_barrels_per_year,T1,EIA-IES-2025
United States,2010,oil_exports,876.0,million_barrels_per_year,T1,EIA-IES-2025
United States,2011,oil_exports,1058.5,million_barrels_per_year,T1,EIA-IES-2025
United States,2012,oil_exports,1171.2,million_barrels_per_year,T1,EIA-IES-2025
United States,2013,oil_exports,1314.0,million_barrels_per_year,T1,EIA-IES-2025
United States,2014,oil_exports,1533.0,million_barrels_per_year,T1,EIA-IES-2025
United States,2015,oil_exports,1715.5,million_barrels_per_year,T1,EIA-IES-2025
United States,2016,oil_exports,1903.2,million_barrels_per_year,T1,EIA-IES-2025
United States,2017,oil_exports,2336.0,million_barrels_per_year,T1,EIA-IES-2025
United States,2018,oil_exports,2774.0,million_barrels_per_year,T1,EIA-IES-2025
United States,2019,oil_exports,3102.5,million_barrels_per_year,T1,EIA-IES-2025
United States,2020,oil_exports,3111.0,million_barrels_per_year,T1,EIA-IES-2025
United States,2021,oil_exports,3139.0,million_barrels_per_year,T1,EIA-IES-2025
United States,2022,oil_exports,3467.5,million_barrels_per_year,T1,EIA-IES-2025
United States,2023,oil_exports,3723.0,million_barrels_per_year,T1,EIA-IES-2025
United States,2024,oil_exports,3952.8,million_barrels_per_year,T1,EIA-IES-2025
United States,2025,oil_exports,4015.0,million_barrels_per_year,T2,EIA-STEO-2026
United States,2026,oil_exports,4197.5,million_barrels_per_year,T2,EIA-STEO-2026
United States,1979,oil_production,3686.5,million_barrels_per_year,T1,EI-2024
United States,1980,oil_production,3733.2,million_barrels_per_year,T1,EI-2024
United States,1981,oil_production,3723.0,million_barrels_per_year,T1,EI-2024
United States,1982,oil_production,3723.0,million_barrels_per_year,T1,EI-2024
United States,1983,oil_production,3723.0,million_barrels_per_year,T1,EI-2024
United States,1984,oil_production,3843.0,million_barrels_per_year,T1,EI-2024
United States,1985,oil_production,3869.0,million_barrels_per_year,T1,EI-2024
United States,1986,oil_production,3723.0,million_barrels_per_year,T1,EI-2024
United States,1987,oil_production,3613.5,million_barrels_per_year,T1,EI-2024
United States,1988,oil_production,3586.8,million_barrels_per_year,T1,EI-2024
United States,1989,oil_production,3358.0,million_barrels_per_year,T1,EI-2024
United States,1990,oil_production,3248.5,million_barrels_per_year,T1,EI-2024
United States,1991,oil_production,3321.5,million_barrels_per_year,T1,EI-2024
United States,1992,oil_production,3257.4,million_barrels_per_year,T1,EI-2024
United States,1993,oil_production,3139.0,million_barrels_per_year,T1,EI-2024
United States,1994,oil_production,3066.0,million_barrels_per_year,T1,EI-2024
United States,1995,oil_production,3029.5,million_barrels_per_year,T1,EI-2024
United States,1996,oil_production,3037.8,million_barrels_per_year,T1,EI-2024
United States,1997,oil_production,3029.5,million_barrels_per_year,T1,EI-2024
United States,1998,oil_production,2920.0,million_barrels_per_year,T1,EI-2024
United States,1999,oil_production,2810.5,million_barrels_per_year,T1,EI-2024
United States,2000,oil_production,2818.2,million_barrels_per_year,T1,EI-2024
United States,2001,oil_production,2810.5,million_barrels_per_year,T1,EI-2024
United States,2002,oil_production,2774.0,million_barrels_per_year,T1,EI-2024
United States,2003,oil_production,2701.0,million_barrels_per_year,T1,EI-2024
United States,2004,oil_production,2635.2,million_barrels_per_year,T1,EI-2024
United States,2005,oil_production,2518.5,million_barrels_per_year,T1,EI-2024
United States,2006,oil_production,2482.0,million_barrels_per_year,T1,EI-2024
United States,2007,oil_production,2518.5,million_barrels_per_year,T1,EI-2024
United States,2008,oil_production,2488.8,million_barrels_per_year,T1,EI-2024
United States,2009,oil_production,2664.5,million_barrels_per_year,T1,EI-2024
United States,2010,oil_production,2737.5,million_barrels_per_year,T1,EI-2024
United States,2011,oil_production,2883.5,million_barrels_per_year,T1,EI-2024
United States,2012,oil_production,3257.4,million_barrels_per_year,T1,EI-2024
United States,2013,oil_production,3686.5,million_barrels_per_year,T1,EI-2024
United States,2014,oil_production,4307.0,million_barrels_per_year,T1,EI-2024
United States,2015,oil_production,4672.0,million_barrels_per_year,T1,EI-2024
United States,2016,oil_production,4538.4,million_barrels_per_year,T1,EI-2024
United States,2017,oil_production,4781.5,million_barrels_per_year,T1,EI-2024
United States,2018,oil_production,5584.5,million_barrels_per_year,T1,EI-2024
United States,2019,oil_production,6241.5,million_barrels_per_year,T1,EI-2024
United States,2020,oil_production,6039.0,million_barrels_per_year,T1,EI-2024
United States,2021,oil_production,6095.5,million_barrels_per_year,T1,EI-2024
United States,2022,oil_production,6497.0,million_barrels_per_year,T1,EI-2024
United States,2023,oil_production,7081.0,million_barrels_per_year,T1,EI-2024
United States,2024,oil_production,7356.6,million_barrels_per_year,T1,EIA-IES-2025
United States,2025,oil_production,7519.0,million_barrels_per_year,T2,EIA-STEO-2026
United States,2026,oil_production,7482.5,million_barrels_per_year,T2,EIA-STEO-2026
United States,1979,oil_rents_pct_gdp,2.515,percent,T2,WB-WDI-2024
United States,1980,oil_rents_pct_gdp,3.145,percent,T2,WB-WDI-2024
United States,1981,oil_rents_pct_gdp,2.116,percent,T2,WB-WDI-2024
United States,1982,oil_rents_pct_gdp,1.291,percent,T2,WB-WDI-2024
United States,1983,oil_rents_pct_gdp,1.542,percent,T2,WB-WDI-2024
United States,1984,oil_rents_pct_gdp,1.280,percent,T2,WB-WDI-2024
United States,1985,oil_rents_pct_gdp,1.208,percent,T2,WB-WDI-2024
United States,1986,oil_rents_pct_gdp,0.486,percent,T2,WB-WDI-2024
United States,1987,oil_rents_pct_gdp,0.690,percent,T2,WB-WDI-2024
United States,1988,oil_rents_pct_gdp,0.431,percent,T2,WB-WDI-2024
United States,1989,oil_rents_pct_gdp,0.540,percent,T2,WB-WDI-2024
United States,1990,oil_rents_pct_gdp,0.703,percent,T2,WB-WDI-2024
United States,1991,oil_rents_pct_gdp,0.477,percent,T2,WB-WDI-2024
United States,1992,oil_rents_pct_gdp,0.442,percent,T2,WB-WDI-2024
United States,1993,oil_rents_pct_gdp,0.348,percent,T2,WB-WDI-2024
United States,1994,oil_rents_pct_gdp,0.292,percent,T2,WB-WDI-2024
United States,1995,oil_rents_pct_gdp,0.296,percent,T2,WB-WDI-2024
United States,1996,oil_rents_pct_gdp,0.351,percent,T2,WB-WDI-2024
United States,1997,oil_rents_pct_gdp,0.204,percent,T2,WB-WDI-2024
United States,1998,oil_rents_pct_gdp,0.076,percent,T2,WB-WDI-2024
United States,1999,oil_rents_pct_gdp,0.164,percent,T2,WB-WDI-2024
United States,2000,oil_rents_pct_gdp,0.308,percent,T2,WB-WDI-2024
United States,2001,oil_rents_pct_gdp,0.169,percent,T2,WB-WDI-2024
United States,2002,oil_rents_pct_gdp,0.173,percent,T2,WB-WDI-2024
United States,2003,oil_rents_pct_gdp,0.212,percent,T2,WB-WDI-2024
United States,2004,oil_rents_pct_gdp,0.283,percent,T2,WB-WDI-2024
United States,2005,oil_rents_pct_gdp,0.351,percent,T2,WB-WDI-2024
United States,2006,oil_rents_pct_gdp,0.349,percent,T2,WB-WDI-2024
United States,2007,oil_rents_pct_gdp,0.357,percent,T2,WB-WDI-2024
United States,2008,oil_rents_pct_gdp,0.521,percent,T2,WB-WDI-2024
United States,2009,oil_rents_pct_gdp,0.260,percent,T2,WB-WDI-2024
United States,2010,oil_rents_pct_gdp,0.294,percent,T2,WB-WDI-2024
United States,2011,oil_rents_pct_gdp,0.371,percent,T2,WB-WDI-2024
United States,2012,oil_rents_pct_gdp,0.206,percent,T2,WB-WDI-2024
United States,2013,oil_rents_pct_gdp,0.306,percent,T2,WB-WDI-2024
United States,2014,oil_rents_pct_gdp,0.292,percent,T2,WB-WDI-2024
United States,2015,oil_rents_pct_gdp,0.008,percent,T2,WB-WDI-2024
United States,2016,oil_rents_pct_gdp,0.092,percent,T2,WB-WDI-2024
United States,2017,oil_rents_pct_gdp,0.163,percent,T2,WB-WDI-2024
United States,2018,oil_rents_pct_gdp,0.319,percent,T2,WB-WDI-2024
United States,2019,oil_rents_pct_gdp,0.369,percent,T2,WB-WDI-2024
United States,2020,oil_rents_pct_gdp,0.188,percent,T2,WB-WDI-2024
United States,2021,oil_rents_pct_gdp,0.611,percent,T2,WB-WDI-2024
United States,1979,population,225055000,persons,T2,WB-WDI-2024
United States,1980,population,227225000,persons,T2,WB-WDI-2024
United States,1981,population,229466000,persons,T2,WB-WDI-2024
United States,1982,population,231664000,persons,T2,WB-WDI-2024
United States,1983,population,233792000,persons,T2,WB-WDI-2024
United States,1984,population,235825000,persons,T2,WB-WDI-2024
United States,1985,population,237924000,persons,T2,WB-WDI-2024
United States,1986,population,240133000,persons,T2,WB-WDI-2024
United States,1987,population,242289000,persons,T2,WB-WDI-2024
United States,1988,population,244499000,persons,T2,WB-WDI-2024
United States,1989,population,246819000,persons,T2,WB-WDI-2024
United States,1990,population,249623000,persons,T2,WB-WDI-2024
United States,1991,population,252981000,persons,T2,WB-WDI-2024
United States,1992,population,256514000,persons,T2,WB-WDI-2024
United States,1993,population,259919000,persons,T2,WB-WDI-2024
United States,1994,population,263126000,persons,T2,WB-WDI-2024
United States,1995,population,266278000,persons,T2,WB-WDI-2024
United States,1996,population,269394000,persons,T2,WB-WDI-2024
United States,1997,population,272657000,persons,T2,WB-WDI-2024
United States,1998,population,275854000,persons,T2,WB-WDI-2024
United States,1999,population,279040000,persons,T2,WB-WDI-2024
United States,2000,population,282162411,persons,T2,WB-WDI-2024
United States,2001,population,284968955,persons,T2,WB-WDI-2024
United States,2002,population,287625193,persons,T2,WB-WDI-2024
United States,2003,population,290107933,persons,T2,WB-WDI-2024
United States,2004,population,292805298,persons,T2,WB-WDI-2024
United States,2005,population,295516599,persons,T2,WB-WDI-2024
United States,2006,population,298379912,persons,T2,WB-WDI-2024
United States,2007,population,301231207,persons,T2,WB-WDI-2024
United States,2008,population,304093966,persons,T2,WB-WDI-2024
United States,2009,population,306771529,persons,T2,WB-WDI-2024
United States,2010,population,309378227,persons,T2,WB-WDI-2024
United States,2011,population,311839461,persons,T2,WB-WDI-2024
United States,2012,population,314339099,persons,T2,WB-WDI-2024
United States,2013,population,316726282,persons,T2,WB-WDI-2024
United States,2014,population,319257560,persons,T2,WB-WDI-2024
United States,2015,population,321815121,persons,T2,WB-WDI-2024
United States,2016,population,324353340,persons,T2,WB-WDI-2024
United States,2017,population,326608609,persons,T2,WB-WDI-2024
United States,2018,population,328529577,persons,T2,WB-WDI-2024
United States,2019,population,330226227,persons,T2,WB-WDI-2024
United States,2020,population,331577720,persons,T2,WB-WDI-2024
United States,2021,population,332099760,persons,T2,WB-WDI-2024
United States,2022,population,334017321,persons,T2,WB-WDI-2024
United States,2023,population,336806231,persons,T2,WB-WDI-2024
United States,2024,population,340110988,persons,T2,WB-WDI-2024
United States,1979,trade_pct_gdp,18.376,percent,T2,WB-WDI-2024
United States,1980,trade_pct_gdp,20.110,percent,T2,WB-WDI-2024
United States,1981,trade_pct_gdp,19.426,percent,T2,WB-WDI-2024
United States,1982,trade_pct_gdp,17.537,percent,T2,WB-WDI-2024
United States,1983,trade_pct_gdp,16.666,percent,T2,WB-WDI-2024
United States,1984,trade_pct_gdp,17.522,percent,T2,WB-WDI-2024
United States,1985,trade_pct_gdp,16.604,percent,T2,WB-WDI-2024
United States,1986,trade_pct_gdp,16.898,percent,T2,WB-WDI-2024
United States,1987,trade_pct_gdp,17.974,percent,T2,WB-WDI-2024
United States,1988,trade_pct_gdp,19.070,percent,T2,WB-WDI-2024
United States,1989,trade_pct_gdp,19.415,percent,T2,WB-WDI-2024
United States,1990,trade_pct_gdp,19.815,percent,T2,WB-WDI-2024
United States,1991,trade_pct_gdp,19.786,percent,T2,WB-WDI-2024
United States,1992,trade_pct_gdp,19.951,percent,T2,WB-WDI-2024
United States,1993,trade_pct_gdp,20.045,percent,T2,WB-WDI-2024
United States,1994,trade_pct_gdp,21.055,percent,T2,WB-WDI-2024
United States,1995,trade_pct_gdp,22.453,percent,T2,WB-WDI-2024
United States,1996,trade_pct_gdp,22.687,percent,T2,WB-WDI-2024
United States,1997,trade_pct_gdp,23.428,percent,T2,WB-WDI-2024
United States,1998,trade_pct_gdp,22.826,percent,T2,WB-WDI-2024
United States,1999,trade_pct_gdp,23.314,percent,T2,WB-WDI-2024
United States,2000,trade_pct_gdp,25.103,percent,T2,WB-WDI-2024
United States,2001,trade_pct_gdp,22.967,percent,T2,WB-WDI-2024
United States,2002,trade_pct_gdp,22.286,percent,T2,WB-WDI-2024
United States,2003,trade_pct_gdp,22.627,percent,T2,WB-WDI-2024
United States,2004,trade_pct_gdp,24.448,percent,T2,WB-WDI-2024
United States,2005,trade_pct_gdp,25.639,percent,T2,WB-WDI-2024
United States,2006,trade_pct_gdp,26.975,percent,T2,WB-WDI-2024
United States,2007,trade_pct_gdp,28.012,percent,T2,WB-WDI-2024
United States,2008,trade_pct_gdp,29.868,percent,T2,WB-WDI-2024
United States,2009,trade_pct_gdp,24.760,percent,T2,WB-WDI-2024
United States,2010,trade_pct_gdp,28.220,percent,T2,WB-WDI-2024
United States,2011,trade_pct_gdp,30.842,percent,T2,WB-WDI-2024
United States,2012,trade_pct_gdp,30.682,percent,T2,WB-WDI-2024
United States,2013,trade_pct_gdp,30.008,percent,T2,WB-WDI-2024
United States,2014,trade_pct_gdp,30.004,percent,T2,WB-WDI-2024
United States,2015,trade_pct_gdp,27.824,percent,T2,WB-WDI-2024
United States,2016,trade_pct_gdp,26.608,percent,T2,WB-WDI-2024
United States,2017,trade_pct_gdp,27.313,percent,T2,WB-WDI-2024
United States,2018,trade_pct_gdp,27.610,percent,T2,WB-WDI-2024
United States,2019,trade_pct_gdp,26.454,percent,T2,WB-WDI-2024
United States,2020,trade_pct_gdp,23.402,percent,T2,WB-WDI-2024
United States,2021,trade_pct_gdp,25.610,percent,T2,WB-WDI-2024
United States,2022,trade_pct_gdp,27.314,percent,T2,WB-WDI-2024
United States,2023,trade_pct_gdp,25.290,percent,T2,WB-WDI-2024
United States,2024,trade_pct_gdp,25.379,percent,T2,WB-WDI-2024
United States,1991,unemployment_rate,6.800,percent,T2,WB-WDI-2024
United States,1992,unemployment_rate,7.500,percent,T2,WB-WDI-2024
United States,1993,unemployment_rate,6.900,percent,T2,WB-WDI-2024
United States,1994,unemployment_rate,6.119,percent,T2,WB-WDI-2024
United States,1995,unemployment_rate,5.650,percent,T2,WB-WDI-2024
United States,1996,unemployment_rate,5.451,percent,T2,WB-WDI-2024
United States,1997,unemployment_rate,5.000,percent,T2,WB-WDI-2024
United States,1998,unemployment_rate,4.511,percent,T2,WB-WDI-2024
United States,1999,unemployment_rate,4.219,percent,T2,WB-WDI-2024
United States,2000,unemployment_rate,3.992,percent,T2,WB-WDI-2024
United States,2001,unemployment_rate,4.731,percent,T2,WB-WDI-2024
United States,2002,unemployment_rate,5.783,percent,T2,WB-WDI-2024
United States,2003,unemployment_rate,5.989,percent,T2,WB-WDI-2024
United States,2004,unemployment_rate,5.529,percent,T2,WB-WDI-2024
United States,2005,unemployment_rate,5.084,percent,T2,WB-WDI-2024
United States,2006,unemployment_rate,4.623,percent,T2,WB-WDI-2024
United States,2007,unemployment_rate,4.622,percent,T2,WB-WDI-2024
United States,2008,unemployment_rate,5.784,percent,T2,WB-WDI-2024
United States,2009,unemployment_rate,9.254,percent,T2,WB-WDI-2024
United States,2010,unemployment_rate,9.633,percent,T2,WB-WDI-2024
United States,2011,unemployment_rate,8.949,percent,T2,WB-WDI-2024
United States,2012,unemployment_rate,8.069,percent,T2,WB-WDI-2024
United States,2013,unemployment_rate,7.375,percent,T2,WB-WDI-2024
United States,2014,unemployment_rate,6.168,percent,T2,WB-WDI-2024
United States,2015,unemployment_rate,5.280,percent,T2,WB-WDI-2024
United States,2016,unemployment_rate,4.869,percent,T2,WB-WDI-2024
United States,2017,unemployment_rate,4.355,percent,T2,WB-WDI-2024
United States,2018,unemployment_rate,3.896,percent,T2,WB-WDI-2024
United States,2019,unemployment_rate,3.669,percent,T2,WB-WDI-2024
United States,2020,unemployment_rate,8.055,percent,T2,WB-WDI-2024
United States,2021,unemployment_rate,5.349,percent,T2,WB-WDI-2024
United States,2022,unemployment_rate,3.650,percent,T2,WB-WDI-2024
United States,2023,unemployment_rate,3.638,percent,T2,WB-WDI-2024
United States,2024,unemployment_rate,4.022,percent,T2,WB-WDI-2024
Yemen,2010,gas_exports,6,billion_cubic_meters_per_year,T2,EI-2024
Yemen,2011,gas_exports,9,billion_cubic_meters_per_year,T2,EI-2024
Yemen,2012,gas_exports,10,billion_cubic_meters_per_year,T2,EI-2024
Yemen,2013,gas_exports,9,billion_cubic_meters_per_year,T2,EI-2024
Yemen,2014,gas_exports,7,billion_cubic_meters_per_year,T2,EI-2024
Yemen,2015,gas_exports,1,billion_cubic_meters_per_year,T2,EI-2024
Yemen,1990,gdp_nominal_usd,12643821568.96,USD_current,T2,WB-WDI-2024
Yemen,1991,gdp_nominal_usd,14665445462.11,USD_current,T2,WB-WDI-2024
Yemen,1992,gdp_nominal_usd,17959367194.01,USD_current,T2,WB-WDI-2024
Yemen,1993,gdp_nominal_usd,21736802664.45,USD_current,T2,WB-WDI-2024
Yemen,1994,gdp_nominal_usd,28019483763.53,USD_current,T2,WB-WDI-2024
Yemen,1995,gdp_nominal_usd,12796345679.01,USD_current,T2,WB-WDI-2024
Yemen,1996,gdp_nominal_usd,6496163615.66,USD_current,T2,WB-WDI-2024
Yemen,1997,gdp_nominal_usd,6838298530.55,USD_current,T2,WB-WDI-2024
Yemen,1998,gdp_nominal_usd,6322175565.95,USD_current,T2,WB-WDI-2024
Yemen,1999,gdp_nominal_usd,7639325295.88,USD_current,T2,WB-WDI-2024
Yemen,2000,gdp_nominal_usd,9679316770.19,USD_current,T2,WB-WDI-2024
Yemen,2001,gdp_nominal_usd,9852990692.99,USD_current,T2,WB-WDI-2024
Yemen,2002,gdp_nominal_usd,10693430511.47,USD_current,T2,WB-WDI-2024
Yemen,2003,gdp_nominal_usd,11777532662.05,USD_current,T2,WB-WDI-2024
Yemen,2004,gdp_nominal_usd,13867634371.48,USD_current,T2,WB-WDI-2024
Yemen,2005,gdp_nominal_usd,16731566717.19,USD_current,T2,WB-WDI-2024
Yemen,2006,gdp_nominal_usd,19063143369.86,USD_current,T2,WB-WDI-2024
Yemen,2007,gdp_nominal_usd,21650528674.09,USD_current,T2,WB-WDI-2024
Yemen,2008,gdp_nominal_usd,26910855807.29,USD_current,T2,WB-WDI-2024
Yemen,2009,gdp_nominal_usd,25130278212.56,USD_current,T2,WB-WDI-2024
Yemen,2010,gdp_nominal_usd,30906749533.22,USD_current,T2,WB-WDI-2024
Yemen,2011,gdp_nominal_usd,32726417878.39,USD_current,T2,WB-WDI-2024
Yemen,2012,gdp_nominal_usd,35401331609.59,USD_current,T2,WB-WDI-2024
Yemen,2013,gdp_nominal_usd,40415233436.18,USD_current,T2,WB-WDI-2024
Yemen,2014,gdp_nominal_usd,43228585321.33,USD_current,T3,WB-WDI-2024
Yemen,2015,gdp_nominal_usd,42444490073.86,USD_current,T3,WB-WDI-2024
Yemen,2016,gdp_nominal_usd,31317825274.15,USD_current,T3,WB-WDI-2024
Yemen,2017,gdp_nominal_usd,26842229044.58,USD_current,T3,WB-WDI-2024
Yemen,2018,gdp_nominal_usd,21606160663.03,USD_current,T3,WB-WDI-2024
Yemen,1990,gdp_per_capita_ppp,1742.49,USD_PPP_current_intl,T2,WB-WDI-2024
Yemen,1991,gdp_per_capita_ppp,1842.83,USD_PPP_current_intl,T2,WB-WDI-2024
Yemen,1992,gdp_per_capita_ppp,1963.42,USD_PPP_current_intl,T2,WB-WDI-2024
Yemen,1993,gdp_per_capita_ppp,2013.25,USD_PPP_current_intl,T2,WB-WDI-2024
Yemen,1994,gdp_per_capita_ppp,2114.93,USD_PPP_current_intl,T2,WB-WDI-2024
Yemen,1995,gdp_per_capita_ppp,2201.15,USD_PPP_current_intl,T2,WB-WDI-2024
Yemen,1996,gdp_per_capita_ppp,2267.70,USD_PPP_current_intl,T2,WB-WDI-2024
Yemen,1997,gdp_per_capita_ppp,2351.32,USD_PPP_current_intl,T2,WB-WDI-2024
Yemen,1998,gdp_per_capita_ppp,2442.40,USD_PPP_current_intl,T2,WB-WDI-2024
Yemen,1999,gdp_per_capita_ppp,2491.67,USD_PPP_current_intl,T2,WB-WDI-2024
Yemen,2000,gdp_per_capita_ppp,2623.64,USD_PPP_current_intl,T2,WB-WDI-2024
Yemen,2001,gdp_per_capita_ppp,2701.87,USD_PPP_current_intl,T2,WB-WDI-2024
Yemen,2002,gdp_per_capita_ppp,2768.49,USD_PPP_current_intl,T2,WB-WDI-2024
Yemen,2003,gdp_per_capita_ppp,2844.13,USD_PPP_current_intl,T2,WB-WDI-2024
Yemen,2004,gdp_per_capita_ppp,2948.85,USD_PPP_current_intl,T2,WB-WDI-2024
Yemen,2005,gdp_per_capita_ppp,3113.45,USD_PPP_current_intl,T2,WB-WDI-2024
Yemen,2006,gdp_per_capita_ppp,3205.31,USD_PPP_current_intl,T2,WB-WDI-2024
Yemen,2007,gdp_per_capita_ppp,3293.63,USD_PPP_current_intl,T2,WB-WDI-2024
Yemen,2008,gdp_per_capita_ppp,3369.55,USD_PPP_current_intl,T2,WB-WDI-2024
Yemen,2009,gdp_per_capita_ppp,3410.61,USD_PPP_current_intl,T2,WB-WDI-2024
Yemen,2010,gdp_per_capita_ppp,3603.04,USD_PPP_current_intl,T2,WB-WDI-2024
Yemen,2011,gdp_per_capita_ppp,3113.38,USD_PPP_current_intl,T2,WB-WDI-2024
Yemen,2012,gdp_per_capita_ppp,3004.92,USD_PPP_current_intl,T2,WB-WDI-2024
Yemen,2013,gdp_per_capita_ppp,3164.32,USD_PPP_current_intl,T2,WB-WDI-2024
Yemen,1990,gdp_per_capita_usd,910.42,USD_current,T2,WB-WDI-2024
Yemen,1991,gdp_per_capita_usd,1016.30,USD_current,T2,WB-WDI-2024
Yemen,1992,gdp_per_capita_usd,1198.13,USD_current,T2,WB-WDI-2024
Yemen,1993,gdp_per_capita_usd,1396.62,USD_current,T2,WB-WDI-2024
Yemen,1994,gdp_per_capita_usd,1735.04,USD_current,T2,WB-WDI-2024
Yemen,1995,gdp_per_capita_usd,764.41,USD_current,T2,WB-WDI-2024
Yemen,1996,gdp_per_capita_usd,375.21,USD_current,T2,WB-WDI-2024
Yemen,1997,gdp_per_capita_usd,382.58,USD_current,T2,WB-WDI-2024
Yemen,1998,gdp_per_capita_usd,342.74,USD_current,T2,WB-WDI-2024
Yemen,1999,gdp_per_capita_usd,401.45,USD_current,T2,WB-WDI-2024
Yemen,2000,gdp_per_capita_usd,493.24,USD_current,T2,WB-WDI-2024
Yemen,2001,gdp_per_capita_usd,487.14,USD_current,T2,WB-WDI-2024
Yemen,2002,gdp_per_capita_usd,513.24,USD_current,T2,WB-WDI-2024
Yemen,2003,gdp_per_capita_usd,548.91,USD_current,T2,WB-WDI-2024
Yemen,2004,gdp_per_capita_usd,627.63,USD_current,T2,WB-WDI-2024
Yemen,2005,gdp_per_capita_usd,734.16,USD_current,T2,WB-WDI-2024
Yemen,2006,gdp_per_capita_usd,809.71,USD_current,T2,WB-WDI-2024
Yemen,2007,gdp_per_capita_usd,890.31,USD_current,T2,WB-WDI-2024
Yemen,2008,gdp_per_capita_usd,1071.64,USD_current,T2,WB-WDI-2024
Yemen,2009,gdp_per_capita_usd,969.24,USD_current,T2,WB-WDI-2024
Yemen,2010,gdp_per_capita_usd,1155.20,USD_current,T2,WB-WDI-2024
Yemen,2011,gdp_per_capita_usd,1186.48,USD_current,T2,WB-WDI-2024
Yemen,2012,gdp_per_capita_usd,1245.05,USD_current,T2,WB-WDI-2024
Yemen,2013,gdp_per_capita_usd,1378.75,USD_current,T2,WB-WDI-2024
Yemen,2014,gdp_per_capita_usd,1430.16,USD_current,T3,WB-WDI-2024
Yemen,2015,gdp_per_capita_usd,1362.17,USD_current,T3,WB-WDI-2024
Yemen,2016,gdp_per_capita_usd,975.36,USD_current,T3,WB-WDI-2024
Yemen,2017,gdp_per_capita_usd,811.17,USD_current,T3,WB-WDI-2024
Yemen,2018,gdp_per_capita_usd,633.89,USD_current,T3,WB-WDI-2024
Yemen,1990,military_spending_pct_gdp,6.551,percent,T2,SIPRI-MILEX-2024
Yemen,1991,military_spending_pct_gdp,7.011,percent,T2,SIPRI-MILEX-2024
Yemen,1992,military_spending_pct_gdp,7.277,percent,T2,SIPRI-MILEX-2024
Yemen,1993,military_spending_pct_gdp,7.064,percent,T2,SIPRI-MILEX-2024
Yemen,1994,military_spending_pct_gdp,8.399,percent,T2,SIPRI-MILEX-2024
Yemen,1995,military_spending_pct_gdp,6.351,percent,T2,SIPRI-MILEX-2024
Yemen,1996,military_spending_pct_gdp,5.281,percent,T2,SIPRI-MILEX-2024
Yemen,1997,military_spending_pct_gdp,5.806,percent,T2,SIPRI-MILEX-2024
Yemen,1998,military_spending_pct_gdp,6.082,percent,T2,SIPRI-MILEX-2024
Yemen,1999,military_spending_pct_gdp,5.173,percent,T2,SIPRI-MILEX-2024
Yemen,2000,military_spending_pct_gdp,4.915,percent,T2,SIPRI-MILEX-2024
Yemen,2001,military_spending_pct_gdp,5.481,percent,T2,SIPRI-MILEX-2024
Yemen,2002,military_spending_pct_gdp,6.896,percent,T2,SIPRI-MILEX-2024
Yemen,2003,military_spending_pct_gdp,6.855,percent,T2,SIPRI-MILEX-2024
Yemen,2004,military_spending_pct_gdp,5.301,percent,T2,SIPRI-MILEX-2024
Yemen,2005,military_spending_pct_gdp,4.868,percent,T2,SIPRI-MILEX-2024
Yemen,2006,military_spending_pct_gdp,4.308,percent,T2,SIPRI-MILEX-2024
Yemen,2007,military_spending_pct_gdp,4.851,percent,T2,SIPRI-MILEX-2024
Yemen,2008,military_spending_pct_gdp,4.446,percent,T2,SIPRI-MILEX-2024
Yemen,2009,military_spending_pct_gdp,5.654,percent,T2,SIPRI-MILEX-2024
Yemen,2010,military_spending_pct_gdp,4.686,percent,T2,SIPRI-MILEX-2024
Yemen,2011,military_spending_pct_gdp,4.926,percent,T2,SIPRI-MILEX-2024
Yemen,2012,military_spending_pct_gdp,4.574,percent,T2,SIPRI-MILEX-2024
Yemen,2013,military_spending_pct_gdp,4.080,percent,T2,SIPRI-MILEX-2024
Yemen,2014,military_spending_pct_gdp,3.967,percent,T3,SIPRI-MILEX-2024
Yemen,1990,military_spending_usd,807070715.48,USD_current,T2,SIPRI-MILEX-2024
Yemen,1991,military_spending_usd,1028217916.59,USD_current,T2,SIPRI-MILEX-2024
Yemen,1992,military_spending_usd,1306900025.81,USD_current,T2,SIPRI-MILEX-2024
Yemen,1993,military_spending_usd,1535457656.47,USD_current,T2,SIPRI-MILEX-2024
Yemen,1994,military_spending_usd,2353269331.65,USD_current,T2,SIPRI-MILEX-2024
Yemen,1995,military_spending_usd,805892377.91,USD_current,T2,SIPRI-MILEX-2024
Yemen,1996,military_spending_usd,416008632.42,USD_current,T2,SIPRI-MILEX-2024
Yemen,1997,military_spending_usd,397073042.44,USD_current,T2,SIPRI-MILEX-2024
Yemen,1998,military_spending_usd,384502730.31,USD_current,T2,SIPRI-MILEX-2024
Yemen,1999,military_spending_usd,395252957.27,USD_current,T2,SIPRI-MILEX-2024
Yemen,2000,military_spending_usd,473664032.45,USD_current,T2,SIPRI-MILEX-2024
Yemen,2001,military_spending_usd,540101498.77,USD_current,T2,SIPRI-MILEX-2024
Yemen,2002,military_spending_usd,737366548.04,USD_current,T2,SIPRI-MILEX-2024
Yemen,2003,military_spending_usd,807313244.08,USD_current,T2,SIPRI-MILEX-2024
Yemen,2004,military_spending_usd,735485127.94,USD_current,T2,SIPRI-MILEX-2024
Yemen,2005,military_spending_usd,815627463.98,USD_current,T2,SIPRI-MILEX-2024
Yemen,2006,military_spending_usd,822130536.06,USD_current,T2,SIPRI-MILEX-2024
Yemen,2007,military_spending_usd,1050499364.17,USD_current,T2,SIPRI-MILEX-2024
Yemen,2008,military_spending_usd,1196411765.88,USD_current,T2,SIPRI-MILEX-2024
Yemen,2009,military_spending_usd,1420775264.12,USD_current,T2,SIPRI-MILEX-2024
Yemen,2010,military_spending_usd,1448153376.75,USD_current,T2,SIPRI-MILEX-2024
Yemen,2011,military_spending_usd,1612254443.41,USD_current,T2,SIPRI-MILEX-2024
Yemen,2012,military_spending_usd,1618840126.71,USD_current,T2,SIPRI-MILEX-2024
Yemen,2013,military_spending_usd,1648750523.52,USD_current,T2,SIPRI-MILEX-2024
Yemen,2014,military_spending_usd,1714830843.69,USD_current,T3,SIPRI-MILEX-2024
Yemen,1995,oil_exports,109.5,million_barrels_per_year,T3,EI-2024
Yemen,1996,oil_exports,109.8,million_barrels_per_year,T3,EI-2024
Yemen,1997,oil_exports,116.8,million_barrels_per_year,T3,EI-2024
Yemen,1998,oil_exports,116.8,million_barrels_per_year,T3,EI-2024
Yemen,1999,oil_exports,124.1,million_barrels_per_year,T3,EI-2024
Yemen,2000,oil_exports,139.1,million_barrels_per_year,T3,EI-2024
Yemen,2001,oil_exports,142.3,million_barrels_per_year,T3,EI-2024
Yemen,2002,oil_exports,146.0,million_barrels_per_year,T3,EI-2024
Yemen,2003,oil_exports,142.3,million_barrels_per_year,T3,EI-2024
Yemen,2004,oil_exports,131.8,million_barrels_per_year,T3,EI-2024
Yemen,2005,oil_exports,124.1,million_barrels_per_year,T3,EI-2024
Yemen,2006,oil_exports,109.5,million_barrels_per_year,T3,EI-2024
Yemen,2007,oil_exports,98.6,million_barrels_per_year,T3,EI-2024
Yemen,2008,oil_exports,91.5,million_barrels_per_year,T3,EI-2024
Yemen,2009,oil_exports,73.0,million_barrels_per_year,T3,EI-2024
Yemen,2010,oil_exports,65.7,million_barrels_per_year,T3,EI-2024
Yemen,2011,oil_exports,36.5,million_barrels_per_year,T3,EI-2024
Yemen,2012,oil_exports,36.6,million_barrels_per_year,T3,EI-2024
Yemen,2013,oil_exports,29.2,million_barrels_per_year,T3,EI-2024
Yemen,2014,oil_exports,25.6,million_barrels_per_year,T3,EI-2024
Yemen,1990,oil_production,73.0,million_barrels_per_year,T2,EI-2024
Yemen,1991,oil_production,73.0,million_barrels_per_year,T2,EI-2024
Yemen,1992,oil_production,65.9,million_barrels_per_year,T2,EI-2024
Yemen,1993,oil_production,80.3,million_barrels_per_year,T2,EI-2024
Yemen,1994,oil_production,116.8,million_barrels_per_year,T2,EI-2024
Yemen,1995,oil_production,124.1,million_barrels_per_year,T2,EI-2024
Yemen,1996,oil_production,131.8,million_barrels_per_year,T2,EI-2024
Yemen,1997,oil_production,138.7,million_barrels_per_year,T2,EI-2024
Yemen,1998,oil_production,142.3,million_barrels_per_year,T2,EI-2024
Yemen,1999,oil_production,149.6,million_barrels_per_year,T2,EI-2024
Yemen,2000,oil_production,164.7,million_barrels_per_year,T2,EI-2024
Yemen,2001,oil_production,164.2,million_barrels_per_year,T2,EI-2024
Yemen,2002,oil_production,167.9,million_barrels_per_year,T2,EI-2024
Yemen,2003,oil_production,164.2,million_barrels_per_year,T2,EI-2024
Yemen,2004,oil_production,153.7,million_barrels_per_year,T2,EI-2024
Yemen,2005,oil_production,146.0,million_barrels_per_year,T2,EI-2024
Yemen,2006,oil_production,131.4,million_barrels_per_year,T2,EI-2024
Yemen,2007,oil_production,116.8,million_barrels_per_year,T2,EI-2024
Yemen,2008,oil_production,109.8,million_barrels_per_year,T2,EI-2024
Yemen,2009,oil_production,98.6,million_barrels_per_year,T2,EI-2024
Yemen,2010,oil_production,91.2,million_barrels_per_year,T2,EI-2024
Yemen,2011,oil_production,58.4,million_barrels_per_year,T2,EI-2024
Yemen,2012,oil_production,58.6,million_barrels_per_year,T2,EI-2024
Yemen,2013,oil_production,51.1,million_barrels_per_year,T2,EI-2024
Yemen,2014,oil_production,47.5,million_barrels_per_year,T2,EI-2024
Yemen,2015,oil_production,21.9,million_barrels_per_year,T3,EI-2024
Yemen,2016,oil_production,14.6,million_barrels_per_year,T3,EI-2024
Yemen,2017,oil_production,18.2,million_barrels_per_year,T3,EI-2024
Yemen,2018,oil_production,21.9,million_barrels_per_year,T3,EI-2024
Yemen,2019,oil_production,21.9,million_barrels_per_year,T3,EI-2024
Yemen,2020,oil_production,18.3,million_barrels_per_year,T3,EI-2024
Yemen,2021,oil_production,21.9,million_barrels_per_year,T3,EI-2024
Yemen,2022,oil_production,21.9,million_barrels_per_year,T3,EI-2024
Yemen,2023,oil_production,18.2,million_barrels_per_year,T3,EI-2024
Yemen,2024,oil_production,18.3,million_barrels_per_year,T3,EI-2024
Yemen,2025,oil_production,18.2,million_barrels_per_year,T3,EI-2024
Yemen,1990,oil_rents_pct_gdp,28.511,percent,T2,WB-WDI-2024
Yemen,1991,oil_rents_pct_gdp,16.721,percent,T2,WB-WDI-2024
Yemen,1992,oil_rents_pct_gdp,14.878,percent,T2,WB-WDI-2024
Yemen,1993,oil_rents_pct_gdp,20.526,percent,T2,WB-WDI-2024
Yemen,1994,oil_rents_pct_gdp,36.478,percent,T2,WB-WDI-2024
Yemen,1995,oil_rents_pct_gdp,39.773,percent,T2,WB-WDI-2024
Yemen,1996,oil_rents_pct_gdp,36.278,percent,T2,WB-WDI-2024
Yemen,1997,oil_rents_pct_gdp,29.560,percent,T2,WB-WDI-2024
Yemen,1998,oil_rents_pct_gdp,21.390,percent,T2,WB-WDI-2024
Yemen,1999,oil_rents_pct_gdp,28.743,percent,T2,WB-WDI-2024
Yemen,2000,oil_rents_pct_gdp,41.211,percent,T2,WB-WDI-2024
Yemen,2001,oil_rents_pct_gdp,33.015,percent,T2,WB-WDI-2024
Yemen,2002,oil_rents_pct_gdp,30.904,percent,T2,WB-WDI-2024
Yemen,2003,oil_rents_pct_gdp,32.073,percent,T2,WB-WDI-2024
Yemen,2004,oil_rents_pct_gdp,34.064,percent,T2,WB-WDI-2024
Yemen,2005,oil_rents_pct_gdp,41.093,percent,T2,WB-WDI-2024
Yemen,2006,oil_rents_pct_gdp,40.437,percent,T2,WB-WDI-2024
Yemen,2007,oil_rents_pct_gdp,32.962,percent,T2,WB-WDI-2024
Yemen,2008,oil_rents_pct_gdp,33.827,percent,T2,WB-WDI-2024
Yemen,2009,oil_rents_pct_gdp,20.620,percent,T2,WB-WDI-2024
Yemen,2010,oil_rents_pct_gdp,22.180,percent,T2,WB-WDI-2024
Yemen,2011,oil_rents_pct_gdp,23.398,percent,T2,WB-WDI-2024
Yemen,2012,oil_rents_pct_gdp,17.027,percent,T2,WB-WDI-2024
Yemen,2013,oil_rents_pct_gdp,11.112,percent,T2,WB-WDI-2024
Yemen,2014,oil_rents_pct_gdp,9.001,percent,T3,WB-WDI-2024
Yemen,2015,oil_rents_pct_gdp,1.698,percent,T3,WB-WDI-2024
Yemen,2016,oil_rents_pct_gdp,0.710,percent,T3,WB-WDI-2024
Yemen,2017,oil_rents_pct_gdp,1.917,percent,T3,WB-WDI-2024
Yemen,2018,oil_rents_pct_gdp,4.824,percent,T3,WB-WDI-2024
Yemen,1979,population,9224194,persons,T2,WB-WDI-2024
Yemen,1980,population,9543358,persons,T2,WB-WDI-2024
Yemen,1981,population,9882362,persons,T2,WB-WDI-2024
Yemen,1982,population,10241006,persons,T2,WB-WDI-2024
Yemen,1983,population,10621499,persons,T2,WB-WDI-2024
Yemen,1984,population,11025597,persons,T2,WB-WDI-2024
Yemen,1985,population,11453825,persons,T2,WB-WDI-2024
Yemen,1986,population,11901040,persons,T2,WB-WDI-2024
Yemen,1987,population,12369912,persons,T2,WB-WDI-2024
Yemen,1988,population,12859708,persons,T2,WB-WDI-2024
Yemen,1989,population,13364174,persons,T2,WB-WDI-2024
Yemen,1990,population,13887862,persons,T2,WB-WDI-2024
Yemen,1991,population,14430201,persons,T2,WB-WDI-2024
Yemen,1992,population,14989494,persons,T2,WB-WDI-2024
Yemen,1993,population,15563914,persons,T2,WB-WDI-2024
Yemen,1994,population,16149147,persons,T2,WB-WDI-2024
Yemen,1995,population,16740058,persons,T2,WB-WDI-2024
Yemen,1996,population,17313177,persons,T2,WB-WDI-2024
Yemen,1997,population,17873936,persons,T2,WB-WDI-2024
Yemen,1998,population,18446013,persons,T2,WB-WDI-2024
Yemen,1999,population,19029420,persons,T2,WB-WDI-2024
Yemen,2000,population,19624141,persons,T2,WB-WDI-2024
Yemen,2001,population,20226147,persons,T2,WB-WDI-2024
Yemen,2002,population,20835086,persons,T2,WB-WDI-2024
Yemen,2003,population,21456379,persons,T2,WB-WDI-2024
Yemen,2004,population,22095167,persons,T2,WB-WDI-2024
Yemen,2005,population,22790085,persons,T2,WB-WDI-2024
Yemen,2006,population,23543083,persons,T2,WB-WDI-2024
Yemen,2007,population,24318082,persons,T2,WB-WDI-2024
Yemen,2008,population,25111941,persons,T2,WB-WDI-2024
Yemen,2009,population,25927724,persons,T2,WB-WDI-2024
Yemen,2010,population,26754387,persons,T2,WB-WDI-2024
Yemen,2011,population,27582897,persons,T2,WB-WDI-2024
Yemen,2012,population,28433647,persons,T2,WB-WDI-2024
Yemen,2013,population,29312952,persons,T2,WB-WDI-2024
Yemen,2014,population,30226309,persons,T3,WB-WDI-2024
Yemen,2015,population,31159379,persons,T3,WB-WDI-2024
Yemen,2016,population,32109010,persons,T3,WB-WDI-2024
Yemen,2017,population,33090921,persons,T3,WB-WDI-2024
Yemen,2018,population,34085182,persons,T3,WB-WDI-2024
Yemen,2019,population,35111408,persons,T3,WB-WDI-2024
Yemen,2020,population,36134863,persons,T3,WB-WDI-2024
Yemen,2021,population,37140230,persons,T3,WB-WDI-2024
Yemen,2022,population,38222876,persons,T3,WB-WDI-2024
Yemen,2023,population,39390799,persons,T3,WB-WDI-2024
Yemen,2024,population,40583164,persons,T3,WB-WDI-2024
Yemen,1990,trade_pct_gdp,27.628,percent,T2,WB-WDI-2024
Yemen,1991,trade_pct_gdp,47.921,percent,T2,WB-WDI-2024
Yemen,1992,trade_pct_gdp,46.150,percent,T2,WB-WDI-2024
Yemen,1993,trade_pct_gdp,58.140,percent,T2,WB-WDI-2024
Yemen,1994,trade_pct_gdp,68.964,percent,T2,WB-WDI-2024
Yemen,1995,trade_pct_gdp,87.445,percent,T2,WB-WDI-2024
Yemen,1996,trade_pct_gdp,85.939,percent,T2,WB-WDI-2024
Yemen,1997,trade_pct_gdp,80.146,percent,T2,WB-WDI-2024
Yemen,1998,trade_pct_gdp,72.662,percent,T2,WB-WDI-2024
Yemen,1999,trade_pct_gdp,72.004,percent,T2,WB-WDI-2024
Yemen,2000,trade_pct_gdp,75.439,percent,T2,WB-WDI-2024
Yemen,2001,trade_pct_gdp,70.892,percent,T2,WB-WDI-2024
Yemen,2002,trade_pct_gdp,74.730,percent,T2,WB-WDI-2024
Yemen,2003,trade_pct_gdp,74.383,percent,T2,WB-WDI-2024
Yemen,2004,trade_pct_gdp,71.847,percent,T2,WB-WDI-2024
Yemen,2005,trade_pct_gdp,76.773,percent,T2,WB-WDI-2024
Yemen,2006,trade_pct_gdp,82.076,percent,T2,WB-WDI-2024
Yemen,2007,trade_pct_gdp,79.123,percent,T2,WB-WDI-2024
Yemen,2008,trade_pct_gdp,81.245,percent,T2,WB-WDI-2024
Yemen,2009,trade_pct_gdp,68.071,percent,T2,WB-WDI-2024
Yemen,2010,trade_pct_gdp,64.386,percent,T2,WB-WDI-2024
Yemen,2011,trade_pct_gdp,63.059,percent,T2,WB-WDI-2024
Yemen,2012,trade_pct_gdp,61.362,percent,T2,WB-WDI-2024
Yemen,2013,trade_pct_gdp,52.512,percent,T2,WB-WDI-2024
Yemen,2014,trade_pct_gdp,48.243,percent,T3,WB-WDI-2024
Yemen,2015,trade_pct_gdp,30.368,percent,T3,WB-WDI-2024
Yemen,2016,trade_pct_gdp,31.082,percent,T3,WB-WDI-2024
Yemen,2017,trade_pct_gdp,42.970,percent,T3,WB-WDI-2024
Yemen,2018,trade_pct_gdp,56.078,percent,T3,WB-WDI-2024
Yemen,1991,unemployment_rate,8.428,percent,T2,WB-WDI-2024
Yemen,1992,unemployment_rate,8.351,percent,T2,WB-WDI-2024
Yemen,1993,unemployment_rate,8.343,percent,T2,WB-WDI-2024
Yemen,1994,unemployment_rate,8.340,percent,T2,WB-WDI-2024
Yemen,1995,unemployment_rate,8.988,percent,T2,WB-WDI-2024
Yemen,1996,unemployment_rate,9.585,percent,T2,WB-WDI-2024
Yemen,1997,unemployment_rate,10.223,percent,T2,WB-WDI-2024
Yemen,1998,unemployment_rate,10.828,percent,T2,WB-WDI-2024
Yemen,1999,unemployment_rate,11.460,percent,T2,WB-WDI-2024
Yemen,2000,unemployment_rate,11.557,percent,T2,WB-WDI-2024
Yemen,2001,unemployment_rate,11.724,percent,T2,WB-WDI-2024
Yemen,2002,unemployment_rate,11.839,percent,T2,WB-WDI-2024
Yemen,2003,unemployment_rate,12.014,percent,T2,WB-WDI-2024
Yemen,2004,unemployment_rate,12.131,percent,T2,WB-WDI-2024
Yemen,2005,unemployment_rate,12.213,percent,T2,WB-WDI-2024
Yemen,2006,unemployment_rate,12.349,percent,T2,WB-WDI-2024
Yemen,2007,unemployment_rate,12.486,percent,T2,WB-WDI-2024
Yemen,2008,unemployment_rate,12.656,percent,T2,WB-WDI-2024
Yemen,2009,unemployment_rate,12.762,percent,T2,WB-WDI-2024
Yemen,2010,unemployment_rate,12.777,percent,T2,WB-WDI-2024
Yemen,2011,unemployment_rate,13.311,percent,T2,WB-WDI-2024
Yemen,2012,unemployment_rate,13.473,percent,T2,WB-WDI-2024
Yemen,2013,unemployment_rate,13.673,percent,T2,WB-WDI-2024
Yemen,2014,unemployment_rate,13.467,percent,T3,WB-WDI-2024
Yemen,2015,unemployment_rate,17.900,percent,T3,WB-WDI-2024
Yemen,2016,unemployment_rate,18.420,percent,T3,WB-WDI-2024
Yemen,2017,unemployment_rate,18.611,percent,T3,WB-WDI-2024
Yemen,2018,unemployment_rate,17.593,percent,T3,WB-WDI-2024
Yemen,2019,unemployment_rate,17.213,percent,T3,WB-WDI-2024
Yemen,2020,unemployment_rate,17.963,percent,T3,WB-WDI-2024
Yemen,2021,unemployment_rate,18.312,percent,T3,WB-WDI-2024
Yemen,2022,unemployment_rate,17.224,percent,T3,WB-WDI-2024
Yemen,2023,unemployment_rate,16.944,percent,T3,WB-WDI-2024
Yemen,2024,unemployment_rate,16.970,percent,T3,WB-WDI-2024
